{
"type": "FeatureCollection",
"name": "gt_occurrences",
"crs": { "type": "name", "properties": { "name": "urn:ogc:def:crs:EPSG::7855" } },
"features": [
{ "type": "Feature", "properties": { "fid": 3, "common_name": null, "scientific_name": "Lagarostrobos franklinii", "collection_method": "field", "created_at": "2026-01-20T07:50:49.626Z", "created_by": "peter.jackson", "coord_wgs84": "145.37271911463162, -41.68224765946992", "modified_at": "2026-02-04T05:16:33.026Z", "modified_by": "peter.jackson" }, "geometry": { "type": "Point", "coordinates": [ 364561.950603486329783, 5384223.287941080518067 ] } },
{ "type": "Feature", "properties": { "fid": 4, "common_name": null, "scientific_name": "Phyllocladus aspleniifolius", "collection_method": "field", "created_at": "2026-01-20T08:26:31.682Z", "created_by": "peter.jackson", "coord_wgs84": "145.37281886541373, -41.682797787541176", "modified_at": "2026-02-04T05:27:47.111Z", "modified_by": "peter.jackson" }, "geometry": { "type": "Point", "coordinates": [ 364571.406942564586643, 5384162.365192431025207 ] } },
{ "type": "Feature", "properties": { "fid": 5, "common_name": null, "scientific_name": "Nothofagus cunninghamii", "collection_method": "field", "created_at": "2026-01-20T08:31:50.571Z", "created_by": "peter.jackson", "coord_wgs84": "145.37353137051304, -41.68307293252139", "modified_at": "2026-02-05T02:07:19.800Z", "modified_by": "peter.jackson" }, "geometry": { "type": "Point", "coordinates": [ 364631.286719175986946, 5384132.936457364819944 ] } },
{ "type": "Feature", "properties": { "fid": 6, "common_name": null, "scientific_name": "Lagarostrobos franklinii", "collection_method": "field", "created_at": "2026-01-20T08:33:26.475Z", "created_by": "peter.jackson", "coord_wgs84": "145.3736716271047, -41.683247132333236", "modified_at": null, "modified_by": null }, "geometry": { "type": "Point", "coordinates": [ 364643.325631600513589, 5384113.81583174970001 ] } },
{ "type": "Feature", "properties": { "fid": 7, "common_name": null, "scientific_name": "Nothofagus cunninghamii", "collection_method": "field", "created_at": "2026-01-20T08:40:47.407Z", "created_by": "peter.jackson", "coord_wgs84": "145.37367132371898, -41.68338585638929", "modified_at": null, "modified_by": null }, "geometry": { "type": "Point", "coordinates": [ 364643.591195845161565, 5384098.413105559535325 ] } },
{ "type": "Feature", "properties": { "fid": 8, "common_name": null, "scientific_name": "Lagarostrobos franklinii", "collection_method": "field", "created_at": "2026-01-21T00:15:01.367Z", "created_by": "peter.jackson", "coord_wgs84": "145.341529034663, -41.64473674659662", "modified_at": "2026-02-04T04:04:13.823Z", "modified_by": "peter.jackson" }, "geometry": { "type": "Point", "coordinates": [ 361885.766180414881092, 5388338.528423134237528 ] } },
{ "type": "Feature", "properties": { "fid": 9, "common_name": null, "scientific_name": "Lagarostrobos franklinii", "collection_method": "field", "created_at": "2026-01-21T00:15:50.748Z", "created_by": "peter.jackson", "coord_wgs84": "145.34135176948038, -41.64475342983728", "modified_at": null, "modified_by": null }, "geometry": { "type": "Point", "coordinates": [ 361871.039033821085468, 5388336.392071150243282 ] } },
{ "type": "Feature", "properties": { "fid": 10, "common_name": null, "scientific_name": "Lagarostrobos franklinii", "collection_method": "field", "created_at": "2026-01-21T00:22:13.581Z", "created_by": "peter.jackson", "coord_wgs84": "145.34122052445784, -41.64465399682384", "modified_at": null, "modified_by": null }, "geometry": { "type": "Point", "coordinates": [ 361859.89639713766519, 5388347.221539402380586 ] } },
{ "type": "Feature", "properties": { "fid": 11, "common_name": null, "scientific_name": "Lagarostrobos franklinii", "collection_method": "field", "created_at": "2026-01-21T00:23:19.066Z", "created_by": "peter.jackson", "coord_wgs84": "145.34142007798192, -41.644629831232656", "modified_at": null, "modified_by": null }, "geometry": { "type": "Point", "coordinates": [ 361876.463773205294274, 5388350.224376313388348 ] } },
{ "type": "Feature", "properties": { "fid": 12, "common_name": null, "scientific_name": "Lagarostrobos franklinii", "collection_method": "field", "created_at": "2026-01-21T00:24:21.831Z", "created_by": "peter.jackson", "coord_wgs84": "145.34135140971685, -41.64459246807881", "modified_at": null, "modified_by": null }, "geometry": { "type": "Point", "coordinates": [ 361870.665191581530962, 5388354.262674230150878 ] } },
{ "type": "Feature", "properties": { "fid": 13, "common_name": null, "scientific_name": "Lagarostrobos franklinii", "collection_method": "field", "created_at": "2026-01-21T01:01:10.968Z", "created_by": "peter.jackson", "coord_wgs84": "145.34019451663553, -41.64207212761321", "modified_at": "2026-02-04T04:02:35.711Z", "modified_by": "peter.jackson" }, "geometry": { "type": "Point", "coordinates": [ 361768.929869392188266, 5388632.235126195475459 ] } },
{ "type": "Feature", "properties": { "fid": 14, "common_name": null, "scientific_name": "Lagarostrobos franklinii", "collection_method": "field", "created_at": "2026-01-21T01:55:36.030Z", "created_by": "peter.jackson", "coord_wgs84": "145.3407912784995, -41.640535910204704", "modified_at": "2026-02-04T05:28:19.882Z", "modified_by": "peter.jackson" }, "geometry": { "type": "Point", "coordinates": [ 361815.347850707301404, 5388803.754199458286166 ] } },
{ "type": "Feature", "properties": { "fid": 15, "common_name": null, "scientific_name": "Lagarostrobos franklinii", "collection_method": "field", "created_at": "2026-01-21T02:03:49.871Z", "created_by": "peter.jackson", "coord_wgs84": "145.34112078050129, -41.64030622414971", "modified_at": "2026-02-04T05:28:31.774Z", "modified_by": "peter.jackson" }, "geometry": { "type": "Point", "coordinates": [ 361842.300099525251426, 5388829.783794454298913 ] } },
{ "type": "Feature", "properties": { "fid": 16, "common_name": null, "scientific_name": "Lagarostrobos franklinii", "collection_method": "field", "created_at": "2026-01-21T02:11:03.549Z", "created_by": "peter.jackson", "coord_wgs84": "145.34123339418397, -41.64017017333792", "modified_at": null, "modified_by": null }, "geometry": { "type": "Point", "coordinates": [ 361851.388646077830344, 5388845.069643648341298 ] } },
{ "type": "Feature", "properties": { "fid": 17, "common_name": null, "scientific_name": "Lagarostrobos franklinii", "collection_method": "field", "created_at": "2026-01-21T02:12:10.056Z", "created_by": "peter.jackson", "coord_wgs84": "145.34118564711963, -41.640216917191836", "modified_at": "2026-02-04T05:28:38.540Z", "modified_by": "peter.jackson" }, "geometry": { "type": "Point", "coordinates": [ 361847.511815886595286, 5388839.803274501115084 ] } },
{ "type": "Feature", "properties": { "fid": 18, "common_name": null, "scientific_name": "Lagarostrobos franklinii", "collection_method": "field", "created_at": "2026-01-21T02:15:07.021Z", "created_by": "peter.jackson", "coord_wgs84": "145.34139396838108, -41.64011950307881", "modified_at": null, "modified_by": null }, "geometry": { "type": "Point", "coordinates": [ 361864.654101171588991, 5388850.952753568068147 ] } },
{ "type": "Feature", "properties": { "fid": 19, "common_name": null, "scientific_name": "Lagarostrobos franklinii", "collection_method": "field", "created_at": "2026-01-21T02:20:56.582Z", "created_by": "peter.jackson", "coord_wgs84": "145.3414465587417, -41.63981050513771", "modified_at": "2026-02-04T05:29:00.520Z", "modified_by": "peter.jackson" }, "geometry": { "type": "Point", "coordinates": [ 361868.374134312209208, 5388885.34426390286535 ] } },
{ "type": "Feature", "properties": { "fid": 20, "common_name": null, "scientific_name": "Lagarostrobos franklinii", "collection_method": "field", "created_at": "2026-01-21T02:24:53.101Z", "created_by": "peter.jackson", "coord_wgs84": "145.34168006420444, -41.63980956854951", "modified_at": "2026-02-04T05:29:03.963Z", "modified_by": "peter.jackson" }, "geometry": { "type": "Point", "coordinates": [ 361887.820141692180187, 5388885.822389799170196 ] } },
{ "type": "Feature", "properties": { "fid": 21, "common_name": null, "scientific_name": "Lagarostrobos franklinii", "collection_method": "field", "created_at": "2026-01-21T02:30:09.766Z", "created_by": "peter.jackson", "coord_wgs84": "145.34176807250694, -41.639554238116304", "modified_at": "2026-02-04T04:00:36.350Z", "modified_by": "peter.jackson" }, "geometry": { "type": "Point", "coordinates": [ 361894.604803272406571, 5388914.312062339857221 ] } },
{ "type": "Feature", "properties": { "fid": 22, "common_name": null, "scientific_name": "Lagarostrobos franklinii", "collection_method": "field", "created_at": "2026-01-21T02:37:22.318Z", "created_by": "peter.jackson", "coord_wgs84": "145.34180266986266, -41.639328484188546", "modified_at": "2026-02-04T04:00:41.364Z", "modified_by": "peter.jackson" }, "geometry": { "type": "Point", "coordinates": [ 361897.004207815625705, 5388939.432358883321285 ] } },
{ "type": "Feature", "properties": { "fid": 23, "common_name": null, "scientific_name": "Lagarostrobos franklinii", "collection_method": "field", "created_at": "2026-01-21T02:38:41.430Z", "created_by": "peter.jackson", "coord_wgs84": "145.34182448818746, -41.639444715353505", "modified_at": "2026-02-04T05:16:19.489Z", "modified_by": "peter.jackson" }, "geometry": { "type": "Point", "coordinates": [ 361899.069628702593036, 5388926.562469477765262 ] } },
{ "type": "Feature", "properties": { "fid": 24, "common_name": null, "scientific_name": "Lagarostrobos franklinii", "collection_method": "field", "created_at": "2026-01-21T02:42:51.843Z", "created_by": "peter.jackson", "coord_wgs84": "145.34172727303, -41.63936885594669", "modified_at": null, "modified_by": null }, "geometry": { "type": "Point", "coordinates": [ 361890.810794817865826, 5388934.829196745529771 ] } },
{ "type": "Feature", "properties": { "fid": 25, "common_name": null, "scientific_name": "Lagarostrobos franklinii", "collection_method": "field", "created_at": "2026-01-21T02:48:20.998Z", "created_by": "peter.jackson", "coord_wgs84": "145.34192568365273, -41.639082395031984", "modified_at": "2026-02-04T03:59:28.091Z", "modified_by": "peter.jackson" }, "geometry": { "type": "Point", "coordinates": [ 361906.72424458747264, 5388966.95205996837467 ] } },
{ "type": "Feature", "properties": { "fid": 26, "common_name": null, "scientific_name": "Lagarostrobos franklinii", "collection_method": "field", "created_at": "2026-01-21T03:02:22.692Z", "created_by": "peter.jackson", "coord_wgs84": "145.3420684662984, -41.6385740208388", "modified_at": null, "modified_by": null }, "geometry": { "type": "Point", "coordinates": [ 361917.530837861530017, 5389023.624229939654469 ] } },
{ "type": "Feature", "properties": { "fid": 27, "common_name": null, "scientific_name": "Lagarostrobos franklinii", "collection_method": "field", "created_at": "2026-01-21T03:10:17.072Z", "created_by": "peter.jackson", "coord_wgs84": "145.34221638222095, -41.63837334787283", "modified_at": null, "modified_by": null }, "geometry": { "type": "Point", "coordinates": [ 361929.422126698831562, 5389046.141339186578989 ] } },
{ "type": "Feature", "properties": { "fid": 28, "common_name": null, "scientific_name": "Lagarostrobos franklinii", "collection_method": "field", "created_at": "2026-01-21T03:22:53.418Z", "created_by": "peter.jackson", "coord_wgs84": "145.34239899839093, -41.63757777678409", "modified_at": "2026-02-04T05:29:17.845Z", "modified_by": "peter.jackson" }, "geometry": { "type": "Point", "coordinates": [ 361942.933677754073869, 5389134.763965345919132 ] } },
{ "type": "Feature", "properties": { "fid": 29, "common_name": null, "scientific_name": "Lagarostrobos franklinii", "collection_method": "field", "created_at": "2026-01-21T03:28:00.232Z", "created_by": "peter.jackson", "coord_wgs84": "145.34234165043833, -41.63726718886957", "modified_at": null, "modified_by": null }, "geometry": { "type": "Point", "coordinates": [ 361937.494112041720655, 5389169.155877705663443 ] } },
{ "type": "Feature", "properties": { "fid": 30, "common_name": null, "scientific_name": "Lagarostrobos franklinii", "collection_method": "field", "created_at": "2026-01-21T03:31:49.990Z", "created_by": "peter.jackson", "coord_wgs84": "145.3421814631596, -41.63723222412007", "modified_at": null, "modified_by": null }, "geometry": { "type": "Point", "coordinates": [ 361924.077392650418915, 5389172.781368658877909 ] } },
{ "type": "Feature", "properties": { "fid": 31, "common_name": null, "scientific_name": "Lagarostrobos franklinii", "collection_method": "field", "created_at": "2026-01-21T03:35:18.003Z", "created_by": "peter.jackson", "coord_wgs84": "145.34212768940202, -41.63714242072126", "modified_at": "2026-02-04T05:29:26.159Z", "modified_by": "peter.jackson" }, "geometry": { "type": "Point", "coordinates": [ 361919.406811458116863, 5389182.665873528458178 ] } },
{ "type": "Feature", "properties": { "fid": 32, "common_name": null, "scientific_name": "Lagarostrobos franklinii", "collection_method": "field", "created_at": "2026-01-21T03:38:49.286Z", "created_by": "peter.jackson", "coord_wgs84": "145.34186230551524, -41.63716764494261", "modified_at": null, "modified_by": null }, "geometry": { "type": "Point", "coordinates": [ 361897.35669300344307, 5389179.440193733200431 ] } },
{ "type": "Feature", "properties": { "fid": 33, "common_name": null, "scientific_name": "Lagarostrobos franklinii", "collection_method": "field", "created_at": "2026-01-21T03:50:47.774Z", "created_by": "peter.jackson", "coord_wgs84": "145.34203052129172, -41.636555570253314", "modified_at": null, "modified_by": null }, "geometry": { "type": "Point", "coordinates": [ 361910.06057381874416, 5389247.6666827974841 ] } },
{ "type": "Feature", "properties": { "fid": 34, "common_name": null, "scientific_name": "Lagarostrobos franklinii", "collection_method": "field", "created_at": "2026-01-21T03:58:46.098Z", "created_by": "peter.jackson", "coord_wgs84": "145.34221610968078, -41.63668084186665", "modified_at": null, "modified_by": null }, "geometry": { "type": "Point", "coordinates": [ 361925.785932046012022, 5389234.055367301218212 ] } },
{ "type": "Feature", "properties": { "fid": 35, "common_name": null, "scientific_name": "Lagarostrobos franklinii", "collection_method": "field", "created_at": "2026-01-21T04:01:41.298Z", "created_by": "peter.jackson", "coord_wgs84": "145.34229702982321, -41.63654854830641", "modified_at": "2026-02-04T05:29:35.102Z", "modified_by": "peter.jackson" }, "geometry": { "type": "Point", "coordinates": [ 361932.243439857964404, 5389248.873169164173305 ] } },
{ "type": "Feature", "properties": { "fid": 36, "common_name": null, "scientific_name": "Lagarostrobos franklinii", "collection_method": "field", "created_at": "2026-01-21T04:02:01.868Z", "created_by": "peter.jackson", "coord_wgs84": "145.34225414183697, -41.63661556825861", "modified_at": "2026-02-04T05:29:38.952Z", "modified_by": "peter.jackson" }, "geometry": { "type": "Point", "coordinates": [ 361928.814322413527407, 5389241.363434608094394 ] } },
{ "type": "Feature", "properties": { "fid": 37, "common_name": null, "scientific_name": "Lagarostrobos franklinii", "collection_method": "field", "created_at": "2026-01-21T04:02:22.575Z", "created_by": "peter.jackson", "coord_wgs84": "145.34216069720864, -41.636436020962755", "modified_at": "2026-02-04T05:29:41.922Z", "modified_by": "peter.jackson" }, "geometry": { "type": "Point", "coordinates": [ 361920.647861752368044, 5389261.148429370485246 ] } },
{ "type": "Feature", "properties": { "fid": 38, "common_name": null, "scientific_name": "Nothofagus cunninghamii", "collection_method": "field", "created_at": "2026-01-22T00:56:13.057Z", "created_by": "peter.jackson", "coord_wgs84": "145.38481582949137, -41.695181132762606", "modified_at": null, "modified_by": null }, "geometry": { "type": "Point", "coordinates": [ 365595.717768773436546, 5382806.260870606638491 ] } },
{ "type": "Feature", "properties": { "fid": 39, "common_name": null, "scientific_name": "Nothofagus cunninghamii", "collection_method": "field", "created_at": "2026-01-22T01:02:38.557Z", "created_by": "peter.jackson", "coord_wgs84": "145.38515997316955, -41.69525930878749", "modified_at": "2026-02-04T05:29:50.363Z", "modified_by": "peter.jackson" }, "geometry": { "type": "Point", "coordinates": [ 365624.518640466558281, 5382798.118221487849951 ] } },
{ "type": "Feature", "properties": { "fid": 40, "common_name": null, "scientific_name": "Acacia melanoxylon", "collection_method": "field", "created_at": "2026-01-22T01:14:35.576Z", "created_by": "peter.jackson", "coord_wgs84": "145.38553735579794, -41.69537326879766", "modified_at": null, "modified_by": null }, "geometry": { "type": "Point", "coordinates": [ 365656.159919392375741, 5382786.054287265986204 ] } },
{ "type": "Feature", "properties": { "fid": 41, "common_name": null, "scientific_name": "Acacia melanoxylon", "collection_method": "field", "created_at": "2026-01-22T01:23:59.929Z", "created_by": "peter.jackson", "coord_wgs84": "145.3861497720657, -41.69549109302693", "modified_at": null, "modified_by": null }, "geometry": { "type": "Point", "coordinates": [ 365707.367488287272863, 5382773.927746233530343 ] } },
{ "type": "Feature", "properties": { "fid": 42, "common_name": null, "scientific_name": "Nothofagus cunninghamii", "collection_method": "field", "created_at": "2026-01-22T01:29:45.244Z", "created_by": "peter.jackson", "coord_wgs84": "145.38649107372242, -41.695452620239536", "modified_at": null, "modified_by": null }, "geometry": { "type": "Point", "coordinates": [ 365735.68892031366704, 5382778.731518722139299 ] } },
{ "type": "Feature", "properties": { "fid": 44, "common_name": null, "scientific_name": "Nothofagus cunninghamii", "collection_method": "field", "created_at": "2026-01-22T01:55:27.484Z", "created_by": "peter.jackson", "coord_wgs84": "145.3860247168267, -41.69456951549223", "modified_at": null, "modified_by": null }, "geometry": { "type": "Point", "coordinates": [ 365695.043281469144858, 5382876.053708283230662 ] } },
{ "type": "Feature", "properties": { "fid": 45, "common_name": null, "scientific_name": "Nothofagus cunninghamii", "collection_method": "field", "created_at": "2026-01-22T02:06:47.157Z", "created_by": "peter.jackson", "coord_wgs84": "145.38655183586354, -41.69410288770796", "modified_at": null, "modified_by": null }, "geometry": { "type": "Point", "coordinates": [ 365737.937518821330741, 5382928.684475538320839 ] } },
{ "type": "Feature", "properties": { "fid": 46, "common_name": null, "scientific_name": "Acacia melanoxylon", "collection_method": "field", "created_at": "2026-01-22T02:14:15.837Z", "created_by": "peter.jackson", "coord_wgs84": "145.38601277508826, -41.69366508277709", "modified_at": null, "modified_by": null }, "geometry": { "type": "Point", "coordinates": [ 365692.167514021799434, 5382976.452508462592959 ] } },
{ "type": "Feature", "properties": { "fid": 47, "common_name": null, "scientific_name": "Nothofagus cunninghamii", "collection_method": "field", "created_at": "2026-01-22T02:33:14.293Z", "created_by": "peter.jackson", "coord_wgs84": "145.38466020561458, -41.69321592449894", "modified_at": null, "modified_by": null }, "geometry": { "type": "Point", "coordinates": [ 365578.674634985043667, 5383024.211273242719471 ] } },
{ "type": "Feature", "properties": { "fid": 48, "common_name": null, "scientific_name": "Acacia melanoxylon", "collection_method": "field", "created_at": "2026-01-22T02:38:56.643Z", "created_by": "peter.jackson", "coord_wgs84": "145.38407278958974, -41.69302785656357", "modified_at": null, "modified_by": null }, "geometry": { "type": "Point", "coordinates": [ 365529.399183369474486, 5383044.174999210052192 ] } },
{ "type": "Feature", "properties": { "fid": 49, "common_name": null, "scientific_name": "Nothofagus cunninghamii", "collection_method": "field", "created_at": "2026-01-22T02:43:16.862Z", "created_by": "peter.jackson", "coord_wgs84": "145.38356507807336, -41.693270675384454", "modified_at": null, "modified_by": null }, "geometry": { "type": "Point", "coordinates": [ 365487.654309884354006, 5383016.42236790433526 ] } },
{ "type": "Feature", "properties": { "fid": 50, "common_name": null, "scientific_name": "Lagarostrobos franklinii", "collection_method": "field", "created_at": "2026-01-22T02:44:05.666Z", "created_by": "peter.jackson", "coord_wgs84": "145.3834774879273, -41.69327374445049", "modified_at": "2026-02-04T04:11:38.595Z", "modified_by": "peter.jackson" }, "geometry": { "type": "Point", "coordinates": [ 365480.371627149172127, 5383015.944795020855963 ] } },
{ "type": "Feature", "properties": { "fid": 51, "common_name": null, "scientific_name": "Nothofagus cunninghamii", "collection_method": "field", "created_at": "2026-01-22T03:23:05.567Z", "created_by": "peter.jackson", "coord_wgs84": "145.3830850555969, -41.693037833236325", "modified_at": null, "modified_by": null }, "geometry": { "type": "Point", "coordinates": [ 365447.222398829704616, 5383041.524472944438457 ] } },
{ "type": "Feature", "properties": { "fid": 52, "common_name": null, "scientific_name": "Nothofagus cunninghamii", "collection_method": "field", "created_at": "2026-01-22T03:29:28.762Z", "created_by": "peter.jackson", "coord_wgs84": "145.38232533172567, -41.692790590513674", "modified_at": "2026-02-04T05:30:12.505Z", "modified_by": "peter.jackson" }, "geometry": { "type": "Point", "coordinates": [ 365383.483799532637931, 5383067.788030763156712 ] } },
{ "type": "Feature", "properties": { "fid": 53, "common_name": null, "scientific_name": "Nothofagus cunninghamii", "collection_method": "field", "created_at": "2026-01-22T03:32:52.379Z", "created_by": "peter.jackson", "coord_wgs84": "145.38226563991083, -41.69264899085384", "modified_at": null, "modified_by": null }, "geometry": { "type": "Point", "coordinates": [ 365378.220998373581097, 5383083.416256245225668 ] } },
{ "type": "Feature", "properties": { "fid": 54, "common_name": null, "scientific_name": "Acacia melanoxylon", "collection_method": "field", "created_at": "2026-01-22T03:39:37.235Z", "created_by": "peter.jackson", "coord_wgs84": "145.38190624445042, -41.69252003103188", "modified_at": null, "modified_by": null }, "geometry": { "type": "Point", "coordinates": [ 365348.043501446314622, 5383097.172525289468467 ] } },
{ "type": "Feature", "properties": { "fid": 55, "common_name": null, "scientific_name": "Nothofagus cunninghamii", "collection_method": "field", "created_at": "2026-01-22T03:49:30.443Z", "created_by": "peter.jackson", "coord_wgs84": "145.3806757034294, -41.6925790590363", "modified_at": null, "modified_by": null }, "geometry": { "type": "Point", "coordinates": [ 365245.762335226812866, 5383088.69394196011126 ] } },
{ "type": "Feature", "properties": { "fid": 56, "common_name": null, "scientific_name": "Lagarostrobos franklinii", "collection_method": "field", "created_at": "2026-01-22T03:52:37.500Z", "created_by": "peter.jackson", "coord_wgs84": "145.38114120597405, -41.69271063725648", "modified_at": "2026-02-04T05:17:51.972Z", "modified_by": "peter.jackson" }, "geometry": { "type": "Point", "coordinates": [ 365284.775577164720744, 5383074.813377852551639 ] } },
{ "type": "Feature", "properties": { "fid": 57, "common_name": null, "scientific_name": "Lagarostrobos franklinii", "collection_method": "field", "created_at": "2026-01-22T03:57:13.664Z", "created_by": "peter.jackson", "coord_wgs84": "145.3802434864183, -41.69241422208498", "modified_at": "2026-02-04T05:18:20.244Z", "modified_by": "peter.jackson" }, "geometry": { "type": "Point", "coordinates": [ 365209.449474400782492, 5383106.319049797020853 ] } },
{ "type": "Feature", "properties": { "fid": 58, "common_name": null, "scientific_name": "Atherosperma moschatum", "collection_method": "field", "created_at": "2026-01-22T03:59:31.960Z", "created_by": "peter.jackson", "coord_wgs84": "145.38028802123733, -41.692417790335924", "modified_at": null, "modified_by": null }, "geometry": { "type": "Point", "coordinates": [ 365213.163075242948253, 5383105.992579393088818 ] } },
{ "type": "Feature", "properties": { "fid": 59, "common_name": null, "scientific_name": "Lagarostrobos franklinii", "collection_method": "field", "created_at": "2026-01-22T04:04:32.924Z", "created_by": "peter.jackson", "coord_wgs84": "145.3801688241622, -41.69277138008659", "modified_at": "2026-02-04T04:10:54.810Z", "modified_by": "peter.jackson" }, "geometry": { "type": "Point", "coordinates": [ 365203.98201982525643, 5383066.547614835202694 ] } },
{ "type": "Feature", "properties": { "fid": 60, "common_name": null, "scientific_name": "Lagarostrobos franklinii", "collection_method": "field", "created_at": "2026-01-22T04:15:09.789Z", "created_by": "peter.jackson", "coord_wgs84": "145.3794221085622, -41.69236727123288", "modified_at": "2026-02-04T04:10:12.020Z", "modified_by": "peter.jackson" }, "geometry": { "type": "Point", "coordinates": [ 365140.997013557993341, 5383110.245953083969653 ] } },
{ "type": "Feature", "properties": { "fid": 61, "common_name": null, "scientific_name": "Lagarostrobos franklinii", "collection_method": "field", "created_at": "2026-01-22T04:25:08.828Z", "created_by": "peter.jackson", "coord_wgs84": "145.37894125894232, -41.692192648359004", "modified_at": null, "modified_by": null }, "geometry": { "type": "Point", "coordinates": [ 365100.616137254342902, 5383128.880869994871318 ] } },
{ "type": "Feature", "properties": { "fid": 62, "common_name": null, "scientific_name": "Nothofagus cunninghamii", "collection_method": "field", "created_at": "2026-01-22T04:28:28.335Z", "created_by": "peter.jackson", "coord_wgs84": "145.3788201765164, -41.692056057897005", "modified_at": null, "modified_by": null }, "geometry": { "type": "Point", "coordinates": [ 365090.254240590846166, 5383143.85656819306314 ] } },
{ "type": "Feature", "properties": { "fid": 63, "common_name": null, "scientific_name": "Lagarostrobos franklinii", "collection_method": "field", "created_at": "2026-01-22T04:32:51.093Z", "created_by": "peter.jackson", "coord_wgs84": "145.37877919746882, -41.69209787772028", "modified_at": null, "modified_by": null }, "geometry": { "type": "Point", "coordinates": [ 365086.931388956028968, 5383139.149195045232773 ] } },
{ "type": "Feature", "properties": { "fid": 64, "common_name": null, "scientific_name": "Lagarostrobos franklinii", "collection_method": "field", "created_at": "2026-01-22T04:33:40.514Z", "created_by": "peter.jackson", "coord_wgs84": "145.37872040761937, -41.69208707215879", "modified_at": null, "modified_by": null }, "geometry": { "type": "Point", "coordinates": [ 365082.016337579523679, 5383140.256812256760895 ] } },
{ "type": "Feature", "properties": { "fid": 65, "common_name": null, "scientific_name": "Lagarostrobos franklinii", "collection_method": "field", "created_at": "2026-01-22T04:34:17.458Z", "created_by": "peter.jackson", "coord_wgs84": "145.37871637324062, -41.69204898169585", "modified_at": null, "modified_by": null }, "geometry": { "type": "Point", "coordinates": [ 365081.600981125258841, 5383144.479602875187993 ] } },
{ "type": "Feature", "properties": { "fid": 66, "common_name": null, "scientific_name": "Nothofagus cunninghamii", "collection_method": "field", "created_at": "2026-01-22T04:44:03.425Z", "created_by": "peter.jackson", "coord_wgs84": "145.37881756003193, -41.69195280505573", "modified_at": null, "modified_by": null }, "geometry": { "type": "Point", "coordinates": [ 365089.82069112273166, 5383155.316434493288398 ] } },
{ "type": "Feature", "properties": { "fid": 67, "common_name": null, "scientific_name": "Nothofagus cunninghamii", "collection_method": "field", "created_at": "2026-01-22T04:44:51.182Z", "created_by": "peter.jackson", "coord_wgs84": "145.37877506791864, -41.69191600688392", "modified_at": null, "modified_by": null }, "geometry": { "type": "Point", "coordinates": [ 365086.207595122745261, 5383159.335496336221695 ] } },
{ "type": "Feature", "properties": { "fid": 68, "common_name": null, "scientific_name": "Lagarostrobos franklinii", "collection_method": "field", "created_at": "2026-01-22T04:54:13.756Z", "created_by": "peter.jackson", "coord_wgs84": "145.37830296699906, -41.691479379251035", "modified_at": null, "modified_by": null }, "geometry": { "type": "Point", "coordinates": [ 365046.006581523222849, 5383207.073708872310817 ] } },
{ "type": "Feature", "properties": { "fid": 69, "common_name": null, "scientific_name": "Nothofagus cunninghamii", "collection_method": "field", "created_at": "2026-01-22T04:55:20.799Z", "created_by": "peter.jackson", "coord_wgs84": "145.3783479520635, -41.6914481909966", "modified_at": null, "modified_by": null }, "geometry": { "type": "Point", "coordinates": [ 365049.685050728381611, 5383210.60697534494102 ] } },
{ "type": "Feature", "properties": { "fid": 70, "common_name": null, "scientific_name": "Atherosperma moschatum", "collection_method": "field", "created_at": "2026-01-22T05:00:38.049Z", "created_by": "peter.jackson", "coord_wgs84": "145.37823129447187, -41.69132273919299", "modified_at": null, "modified_by": null }, "geometry": { "type": "Point", "coordinates": [ 365039.714463145937771, 5383224.352833954617381 ] } },
{ "type": "Feature", "properties": { "fid": 71, "common_name": null, "scientific_name": "Lagarostrobos franklinii", "collection_method": "field", "created_at": "2026-01-22T05:01:46.822Z", "created_by": "peter.jackson", "coord_wgs84": "145.37820287084864, -41.69129661788728", "modified_at": "2026-02-04T05:18:51.595Z", "modified_by": "peter.jackson" }, "geometry": { "type": "Point", "coordinates": [ 365037.294417616212741, 5383227.208487681113183 ] } },
{ "type": "Feature", "properties": { "fid": 72, "common_name": null, "scientific_name": "Lagarostrobos franklinii", "collection_method": "field", "created_at": "2026-01-22T05:11:22.192Z", "created_by": "peter.jackson", "coord_wgs84": "145.37797330697694, -41.690807559293994", "modified_at": "2026-02-04T05:18:34.816Z", "modified_by": "peter.jackson" }, "geometry": { "type": "Point", "coordinates": [ 365017.167290107638109, 5383281.147927321493626 ] } },
{ "type": "Feature", "properties": { "fid": 73, "common_name": null, "scientific_name": "Nothofagus cunninghamii", "collection_method": "field", "created_at": "2026-01-22T06:00:46.310Z", "created_by": "peter.jackson", "coord_wgs84": "145.3771902945975, -41.69031253883543", "modified_at": null, "modified_by": null }, "geometry": { "type": "Point", "coordinates": [ 364950.968393627787009, 5383334.881502624601126 ] } },
{ "type": "Feature", "properties": { "fid": 74, "common_name": null, "scientific_name": "Lagarostrobos franklinii", "collection_method": "field", "created_at": "2026-01-22T06:01:38.797Z", "created_by": "peter.jackson", "coord_wgs84": "145.37713365562902, -41.690262470871204", "modified_at": null, "modified_by": null }, "geometry": { "type": "Point", "coordinates": [ 364946.150041385961231, 5383340.351631604135036 ] } },
{ "type": "Feature", "properties": { "fid": 75, "common_name": null, "scientific_name": "Lagarostrobos franklinii", "collection_method": "field", "created_at": "2026-01-22T06:02:37.739Z", "created_by": "peter.jackson", "coord_wgs84": "145.37711702474542, -41.69026154245132", "modified_at": null, "modified_by": null }, "geometry": { "type": "Point", "coordinates": [ 364944.764044592622668, 5383340.428631426766515 ] } },
{ "type": "Feature", "properties": { "fid": 76, "common_name": null, "scientific_name": "Lagarostrobos franklinii", "collection_method": "field", "created_at": "2026-01-22T06:10:28.296Z", "created_by": "peter.jackson", "coord_wgs84": "145.37681150181254, -41.69021917829886", "modified_at": "2026-02-04T05:31:09.516Z", "modified_by": "peter.jackson" }, "geometry": { "type": "Point", "coordinates": [ 364919.249182656756602, 5383344.653067408129573 ] } },
{ "type": "Feature", "properties": { "fid": 77, "common_name": null, "scientific_name": "Lagarostrobos franklinii", "collection_method": "field", "created_at": "2026-01-22T06:15:10.632Z", "created_by": "peter.jackson", "coord_wgs84": "145.37655668307218, -41.69029182107245", "modified_at": null, "modified_by": null }, "geometry": { "type": "Point", "coordinates": [ 364898.194694448611699, 5383336.187960735522211 ] } },
{ "type": "Feature", "properties": { "fid": 78, "common_name": null, "scientific_name": "Acacia melanoxylon", "collection_method": "field", "created_at": "2026-01-22T06:19:56.959Z", "created_by": "peter.jackson", "coord_wgs84": "145.37635146552938, -41.69041949558174", "modified_at": null, "modified_by": null }, "geometry": { "type": "Point", "coordinates": [ 364881.383347425376996, 5383321.690547210164368 ] } },
{ "type": "Feature", "properties": { "fid": 79, "common_name": null, "scientific_name": "Acacia melanoxylon", "collection_method": "field", "created_at": "2026-01-22T23:44:22.899Z", "created_by": "peter.jackson", "coord_wgs84": "145.30336566170507, -41.70877522614083", "modified_at": null, "modified_by": null }, "geometry": { "type": "Point", "coordinates": [ 358847.522572803252842, 5381166.589618773199618 ] } },
{ "type": "Feature", "properties": { "fid": 80, "common_name": null, "scientific_name": "Lagarostrobos franklinii", "collection_method": "field", "created_at": "2026-01-23T00:05:37.071Z", "created_by": "peter.jackson", "coord_wgs84": "145.3040185155221, -41.70776601184546", "modified_at": null, "modified_by": null }, "geometry": { "type": "Point", "coordinates": [ 358899.631538231857121, 5381279.711790599860251 ] } },
{ "type": "Feature", "properties": { "fid": 81, "common_name": null, "scientific_name": "Lagarostrobos franklinii", "collection_method": "field", "created_at": "2026-01-23T00:22:05.985Z", "created_by": "peter.jackson", "coord_wgs84": "145.30374296719916, -41.707460674925244", "modified_at": null, "modified_by": null }, "geometry": { "type": "Point", "coordinates": [ 358876.038039712002501, 5381313.161331062205136 ] } },
{ "type": "Feature", "properties": { "fid": 82, "common_name": null, "scientific_name": "Lagarostrobos franklinii", "collection_method": "field", "created_at": "2026-01-23T00:28:33.521Z", "created_by": "peter.jackson", "coord_wgs84": "145.30362652874845, -41.70747511294814", "modified_at": null, "modified_by": null }, "geometry": { "type": "Point", "coordinates": [ 358866.381934929930139, 5381311.367410857230425 ] } },
{ "type": "Feature", "properties": { "fid": 83, "common_name": null, "scientific_name": "Lagarostrobos franklinii", "collection_method": "field", "created_at": "2026-01-23T00:29:46.384Z", "created_by": "peter.jackson", "coord_wgs84": "145.30354227620188, -41.70745561180996", "modified_at": null, "modified_by": null }, "geometry": { "type": "Point", "coordinates": [ 358859.329449784534518, 5381313.394472454674542 ] } },
{ "type": "Feature", "properties": { "fid": 84, "common_name": null, "scientific_name": "Lagarostrobos franklinii", "collection_method": "field", "created_at": "2026-01-23T00:41:06.247Z", "created_by": "peter.jackson", "coord_wgs84": "145.3036319077481, -41.70741096580019", "modified_at": null, "modified_by": null }, "geometry": { "type": "Point", "coordinates": [ 358866.689130672777537, 5381318.498413363471627 ] } },
{ "type": "Feature", "properties": { "fid": 85, "common_name": null, "scientific_name": "Lagarostrobos franklinii", "collection_method": "field", "created_at": "2026-01-23T00:44:31.601Z", "created_by": "peter.jackson", "coord_wgs84": "145.30358000937397, -41.70738143150244", "modified_at": "2026-02-04T05:31:35.809Z", "modified_by": "peter.jackson" }, "geometry": { "type": "Point", "coordinates": [ 358862.306561642850284, 5381321.69248909689486 ] } },
{ "type": "Feature", "properties": { "fid": 86, "common_name": null, "scientific_name": "Lagarostrobos franklinii", "collection_method": "field", "created_at": "2026-01-23T00:46:04Z", "created_by": "peter.jackson", "coord_wgs84": "145.30353926896015, -41.70726709604934", "modified_at": "2026-02-04T05:31:39.101Z", "modified_by": "peter.jackson" }, "geometry": { "type": "Point", "coordinates": [ 358858.66680092306342, 5381334.320230369456112 ] } },
{ "type": "Feature", "properties": { "fid": 87, "common_name": null, "scientific_name": "Lagarostrobos franklinii", "collection_method": "field", "created_at": "2026-01-23T01:04:13.864Z", "created_by": "peter.jackson", "coord_wgs84": "145.30288305170777, -41.706536782528", "modified_at": null, "modified_by": null }, "geometry": { "type": "Point", "coordinates": [ 358802.470862250600476, 5381414.33003069087863 ] } },
{ "type": "Feature", "properties": { "fid": 88, "common_name": null, "scientific_name": "Lagarostrobos franklinii", "collection_method": "field", "created_at": "2026-01-23T01:07:25.355Z", "created_by": "peter.jackson", "coord_wgs84": "145.30269162327014, -41.70665875122682", "modified_at": "2026-02-13T04:47:13.947Z", "modified_by": "peter.jackson" }, "geometry": { "type": "Point", "coordinates": [ 358786.810746386065148, 5381400.47400448191911 ] } },
{ "type": "Feature", "properties": { "fid": 175, "common_name": null, "scientific_name": "Lagarostrobos franklinii", "collection_method": "field", "created_at": "2026-01-22T08:19:36.538Z", "created_by": "james.cordwell", "coord_wgs84": "145.3551574834124, -41.67808972392967", "modified_at": "2026-02-04T05:31:56.047Z", "modified_by": "peter.jackson" }, "geometry": { "type": "Point", "coordinates": [ 363091.439685607212596, 5384657.171849323436618 ] } },
{ "type": "Feature", "properties": { "fid": 176, "common_name": null, "scientific_name": "Lagarostrobos franklinii", "collection_method": "field", "created_at": "2026-01-23T00:10:46.847Z", "created_by": "james.cordwell", "coord_wgs84": "145.34162990016844, -41.644859615767096", "modified_at": "2026-02-04T05:32:02.548Z", "modified_by": "peter.jackson" }, "geometry": { "type": "Point", "coordinates": [ 361894.428797755914275, 5388325.048183384351432 ] } },
{ "type": "Feature", "properties": { "fid": 177, "common_name": null, "scientific_name": "Lagarostrobos franklinii", "collection_method": "field", "created_at": "2026-01-23T00:19:53.333Z", "created_by": "james.cordwell", "coord_wgs84": "145.34143062531186, -41.644737230336375", "modified_at": "2026-02-04T05:32:05.525Z", "modified_by": "peter.jackson" }, "geometry": { "type": "Point", "coordinates": [ 361877.571602855110541, 5388338.317025140859187 ] } },
{ "type": "Feature", "properties": { "fid": 178, "common_name": null, "scientific_name": "Lagarostrobos franklinii", "collection_method": "field", "created_at": "2026-01-23T00:28:38.896Z", "created_by": "james.cordwell", "coord_wgs84": "145.34077826923394, -41.644452948776674", "modified_at": "2026-02-04T05:32:14.083Z", "modified_by": "peter.jackson" }, "geometry": { "type": "Point", "coordinates": [ 361822.63530414266279, 5388368.834531333297491 ] } },
{ "type": "Feature", "properties": { "fid": 179, "common_name": null, "scientific_name": "Lagarostrobos franklinii", "collection_method": "field", "created_at": "2026-01-23T02:14:54.030Z", "created_by": "james.cordwell", "coord_wgs84": "145.34023566639056, -41.64229230035103", "modified_at": "2026-02-04T05:32:20.350Z", "modified_by": "peter.jackson" }, "geometry": { "type": "Point", "coordinates": [ 361772.827669513819274, 5388607.855895735323429 ] } },
{ "type": "Feature", "properties": { "fid": 180, "common_name": null, "scientific_name": "Lagarostrobos franklinii", "collection_method": "field", "created_at": "2026-01-23T02:15:20.999Z", "created_by": "james.cordwell", "coord_wgs84": "145.34037705005258, -41.6423082144411", "modified_at": "2026-02-04T05:32:24.210Z", "modified_by": "peter.jackson" }, "geometry": { "type": "Point", "coordinates": [ 361784.63667986029759, 5388606.315703902393579 ] } },
{ "type": "Feature", "properties": { "fid": 181, "common_name": null, "scientific_name": "Lagarostrobos franklinii", "collection_method": "field", "created_at": "2026-01-23T02:51:34.760Z", "created_by": "james.cordwell", "coord_wgs84": "145.3404003117032, -41.64093793380902", "modified_at": "2026-02-04T05:32:26.841Z", "modified_by": "peter.jackson" }, "geometry": { "type": "Point", "coordinates": [ 361783.645013201923575, 5388758.491752168163657 ] } },
{ "type": "Feature", "properties": { "fid": 182, "common_name": null, "scientific_name": "Lagarostrobos franklinii", "collection_method": "field", "created_at": "2026-01-25T22:25:35.439Z", "created_by": "james.cordwell", "coord_wgs84": "145.3541142572282, -41.67764285605652", "modified_at": "2026-02-04T05:32:29.421Z", "modified_by": "peter.jackson" }, "geometry": { "type": "Point", "coordinates": [ 363003.655922108970117, 5384705.128083853051066 ] } },
{ "type": "Feature", "properties": { "fid": 183, "common_name": null, "scientific_name": "Lagarostrobos franklinii", "collection_method": "field", "created_at": "2026-01-25T22:25:56.438Z", "created_by": "james.cordwell", "coord_wgs84": "145.3542104087341, -41.677525800533466", "modified_at": "2026-02-04T05:32:32.417Z", "modified_by": "peter.jackson" }, "geometry": { "type": "Point", "coordinates": [ 363011.411112049303483, 5384718.277436511591077 ] } },
{ "type": "Feature", "properties": { "fid": 184, "common_name": null, "scientific_name": "Lagarostrobos franklinii", "collection_method": "field", "created_at": "2026-01-25T22:26:10.557Z", "created_by": "james.cordwell", "coord_wgs84": "145.35451266345353, -41.67747133985625", "modified_at": "2026-02-04T05:32:34.958Z", "modified_by": "peter.jackson" }, "geometry": { "type": "Point", "coordinates": [ 363036.454832717834506, 5384724.804724742658436 ] } },
{ "type": "Feature", "properties": { "fid": 185, "common_name": null, "scientific_name": "Lagarostrobos franklinii", "collection_method": "field", "created_at": "2026-01-25T22:26:20.609Z", "created_by": "james.cordwell", "coord_wgs84": "145.3543626335878, -41.677273058484225", "modified_at": "2026-02-04T05:32:37.398Z", "modified_by": "peter.jackson" }, "geometry": { "type": "Point", "coordinates": [ 363023.546007152821403, 5384746.580947277136147 ] } },
{ "type": "Feature", "properties": { "fid": 186, "common_name": null, "scientific_name": "Lagarostrobos franklinii", "collection_method": "field", "created_at": "2026-01-25T22:26:33.661Z", "created_by": "james.cordwell", "coord_wgs84": "145.3551119260997, -41.677350932209336", "modified_at": "2026-02-04T05:32:40.060Z", "modified_by": "peter.jackson" }, "geometry": { "type": "Point", "coordinates": [ 363086.08131285617128, 5384739.125995880924165 ] } },
{ "type": "Feature", "properties": { "fid": 187, "common_name": null, "scientific_name": "Lagarostrobos franklinii", "collection_method": "field", "created_at": "2026-01-25T22:26:48.631Z", "created_by": "james.cordwell", "coord_wgs84": "145.35254696381986, -41.674935257165664", "modified_at": "2026-02-04T05:32:53.848Z", "modified_by": "peter.jackson" }, "geometry": { "type": "Point", "coordinates": [ 362867.447961853817105, 5385003.253518839366734 ] } },
{ "type": "Feature", "properties": { "fid": 188, "common_name": null, "scientific_name": "Lagarostrobos franklinii", "collection_method": "field", "created_at": "2026-01-20T07:48:58.912Z", "created_by": "arko.lucieer", "coord_wgs84": "145.37243435492982, -41.68212914818822", "modified_at": "2026-02-04T05:19:34.438Z", "modified_by": "peter.jackson" }, "geometry": { "type": "Point", "coordinates": [ 364538.000773595354985, 5384235.998203055933118 ] } },
{ "type": "Feature", "properties": { "fid": 189, "common_name": null, "scientific_name": "Lagarostrobos franklinii", "collection_method": "field", "created_at": "2026-01-20T07:57:42.785Z", "created_by": "arko.lucieer", "coord_wgs84": "145.37247169255704, -41.68224356705028", "modified_at": "2026-02-04T05:16:59.188Z", "modified_by": "peter.jackson" }, "geometry": { "type": "Point", "coordinates": [ 364541.348510449868627, 5384223.353231492452323 ] } },
{ "type": "Feature", "properties": { "fid": 190, "common_name": null, "scientific_name": "Lagarostrobos franklinii", "collection_method": "field", "created_at": "2026-01-20T08:00:30.593Z", "created_by": "arko.lucieer", "coord_wgs84": "145.37236953029367, -41.68222910758962", "modified_at": null, "modified_by": null }, "geometry": { "type": "Point", "coordinates": [ 364532.814974088221788, 5384224.797963694669306 ] } },
{ "type": "Feature", "properties": { "fid": 191, "common_name": null, "scientific_name": "Nothofagus cunninghamii", "collection_method": "field", "created_at": "2026-01-20T08:04:16.457Z", "created_by": "arko.lucieer", "coord_wgs84": "145.37261332797692, -41.68248174042785", "modified_at": "2026-02-04T05:33:03.087Z", "modified_by": "peter.jackson" }, "geometry": { "type": "Point", "coordinates": [ 364553.636764998896979, 5384197.132064308039844 ] } },
{ "type": "Feature", "properties": { "fid": 192, "common_name": null, "scientific_name": "Lagarostrobos franklinii", "collection_method": "field", "created_at": "2026-01-20T08:16:54.177Z", "created_by": "arko.lucieer", "coord_wgs84": "145.37261660332413, -41.68263402433576", "modified_at": "2026-02-04T05:19:33.544Z", "modified_by": "peter.jackson" }, "geometry": { "type": "Point", "coordinates": [ 364554.228822714008857, 5384180.229443756863475 ] } },
{ "type": "Feature", "properties": { "fid": 193, "common_name": null, "scientific_name": "Nothofagus cunninghamii", "collection_method": "field", "created_at": "2026-01-20T08:18:19.256Z", "created_by": "arko.lucieer", "coord_wgs84": "145.37267819933695, -41.68266895544171", "modified_at": null, "modified_by": null }, "geometry": { "type": "Point", "coordinates": [ 364559.428841566201299, 5384176.447974008508027 ] } },
{ "type": "Feature", "properties": { "fid": 195, "common_name": null, "scientific_name": "Nothofagus cunninghamii", "collection_method": "field", "created_at": "2026-01-20T08:30:19.120Z", "created_by": "arko.lucieer", "coord_wgs84": "145.37341045674896, -41.683246721111516", "modified_at": null, "modified_by": null }, "geometry": { "type": "Point", "coordinates": [ 364621.587298540573101, 5384113.451023611240089 ] } },
{ "type": "Feature", "properties": { "fid": 197, "common_name": null, "scientific_name": "Nothofagus cunninghamii", "collection_method": "field", "created_at": "2026-01-20T08:36:26.932Z", "created_by": "arko.lucieer", "coord_wgs84": "145.37334407106422, -41.6833685967802", "modified_at": null, "modified_by": null }, "geometry": { "type": "Point", "coordinates": [ 364616.317497762443963, 5384099.815071319229901 ] } },
{ "type": "Feature", "properties": { "fid": 198, "common_name": null, "scientific_name": "Acacia melanoxylon", "collection_method": "field", "created_at": "2026-01-20T08:44:00.805Z", "created_by": "arko.lucieer", "coord_wgs84": "145.3737591660503, -41.683372028359315", "modified_at": "2026-02-04T05:34:09.077Z", "modified_by": "peter.jackson" }, "geometry": { "type": "Point", "coordinates": [ 364650.87339848355623, 5384100.086445199325681 ] } },
{ "type": "Feature", "properties": { "fid": 199, "common_name": null, "scientific_name": "Lagarostrobos franklinii", "collection_method": "field", "created_at": "2026-01-21T00:12:16.002Z", "created_by": "arko.lucieer", "coord_wgs84": "145.3416069475481, -41.645022274753316", "modified_at": null, "modified_by": null }, "geometry": { "type": "Point", "coordinates": [ 361892.864743570040446, 5388306.951788493432105 ] } },
{ "type": "Feature", "properties": { "fid": 200, "common_name": null, "scientific_name": "Lagarostrobos franklinii", "collection_method": "field", "created_at": "2026-01-21T00:16:13.157Z", "created_by": "arko.lucieer", "coord_wgs84": "145.3415360527971, -41.64486925328899", "modified_at": "2026-02-04T05:19:42.027Z", "modified_by": "peter.jackson" }, "geometry": { "type": "Point", "coordinates": [ 361886.633714599011, 5388323.827783267945051 ] } },
{ "type": "Feature", "properties": { "fid": 201, "common_name": null, "scientific_name": "Lagarostrobos franklinii", "collection_method": "field", "created_at": "2026-01-21T00:47:18.609Z", "created_by": "arko.lucieer", "coord_wgs84": "145.34084489929202, -41.64328097317633", "modified_at": "2026-02-04T05:19:44.194Z", "modified_by": "peter.jackson" }, "geometry": { "type": "Point", "coordinates": [ 361825.679784819192719, 5388499.062834525480866 ] } },
{ "type": "Feature", "properties": { "fid": 202, "common_name": null, "scientific_name": "Lagarostrobos franklinii", "collection_method": "field", "created_at": "2026-01-21T00:55:15.064Z", "created_by": "arko.lucieer", "coord_wgs84": "145.34062008220388, -41.64275103228521", "modified_at": null, "modified_by": null }, "geometry": { "type": "Point", "coordinates": [ 361805.823776624107268, 5388557.540423508733511 ] } },
{ "type": "Feature", "properties": { "fid": 203, "common_name": null, "scientific_name": "Lagarostrobos franklinii", "collection_method": "field", "created_at": "2026-01-21T02:00:34.031Z", "created_by": "arko.lucieer", "coord_wgs84": "145.34094416560384, -41.640300670732174", "modified_at": "2026-02-04T05:34:20.636Z", "modified_by": "peter.jackson" }, "geometry": { "type": "Point", "coordinates": [ 361827.57859171309974, 5388830.117299948818982 ] } },
{ "type": "Feature", "properties": { "fid": 204, "common_name": null, "scientific_name": "Lagarostrobos franklinii", "collection_method": "field", "created_at": "2026-01-21T02:05:01.775Z", "created_by": "arko.lucieer", "coord_wgs84": "145.34128505626268, -41.6403727012725", "modified_at": "2026-02-04T05:34:23.611Z", "modified_by": "peter.jackson" }, "geometry": { "type": "Point", "coordinates": [ 361856.124073237879202, 5388822.666283639147878 ] } },
{ "type": "Feature", "properties": { "fid": 205, "common_name": null, "scientific_name": "Lagarostrobos franklinii", "collection_method": "field", "created_at": "2026-01-21T02:08:15.076Z", "created_by": "arko.lucieer", "coord_wgs84": "145.34130197472555, -41.640316435940385", "modified_at": "2026-02-04T05:34:28.075Z", "modified_by": "peter.jackson" }, "geometry": { "type": "Point", "coordinates": [ 361857.412952495622449, 5388828.940390214323997 ] } },
{ "type": "Feature", "properties": { "fid": 206, "common_name": null, "scientific_name": "Lagarostrobos franklinii", "collection_method": "field", "created_at": "2026-01-21T02:25:33.353Z", "created_by": "arko.lucieer", "coord_wgs84": "145.3417121479309, -41.639766001723814", "modified_at": "2026-02-04T05:34:30.654Z", "modified_by": "peter.jackson" }, "geometry": { "type": "Point", "coordinates": [ 361890.399256792967208, 5388890.710903796367347 ] } },
{ "type": "Feature", "properties": { "fid": 207, "common_name": null, "scientific_name": "Lagarostrobos franklinii", "collection_method": "field", "created_at": "2026-01-21T02:35:26.464Z", "created_by": "arko.lucieer", "coord_wgs84": "145.3417206836782, -41.63953454521359", "modified_at": null, "modified_by": null }, "geometry": { "type": "Point", "coordinates": [ 361890.615847984328866, 5388916.422592652030289 ] } },
{ "type": "Feature", "properties": { "fid": 208, "common_name": null, "scientific_name": "Lagarostrobos franklinii", "collection_method": "field", "created_at": "2026-01-21T02:41:06.303Z", "created_by": "arko.lucieer", "coord_wgs84": "145.3418776673055, -41.63928083093118", "modified_at": null, "modified_by": null }, "geometry": { "type": "Point", "coordinates": [ 361903.14881468861131, 5388944.843321487307549 ] } },
{ "type": "Feature", "properties": { "fid": 209, "common_name": null, "scientific_name": "Lagarostrobos franklinii", "collection_method": "field", "created_at": "2026-01-21T02:46:34.368Z", "created_by": "arko.lucieer", "coord_wgs84": "145.3418441374142, -41.63909191540806", "modified_at": null, "modified_by": null }, "geometry": { "type": "Point", "coordinates": [ 361899.952744437439833, 5388965.764404116198421 ] } },
{ "type": "Feature", "properties": { "fid": 210, "common_name": null, "scientific_name": "Lagarostrobos franklinii", "collection_method": "field", "created_at": "2026-01-21T02:49:28.413Z", "created_by": "arko.lucieer", "coord_wgs84": "145.34183090420214, -41.63889828293053", "modified_at": null, "modified_by": null }, "geometry": { "type": "Point", "coordinates": [ 361898.437062624783721, 5388987.241711803711951 ] } },
{ "type": "Feature", "properties": { "fid": 211, "common_name": null, "scientific_name": "Lagarostrobos franklinii", "collection_method": "field", "created_at": "2026-01-21T02:55:18.279Z", "created_by": "arko.lucieer", "coord_wgs84": "145.3419886349788, -41.63882583830451", "modified_at": null, "modified_by": null }, "geometry": { "type": "Point", "coordinates": [ 361911.41950244671898, 5388995.537722419947386 ] } },
{ "type": "Feature", "properties": { "fid": 212, "common_name": null, "scientific_name": "Lagarostrobos franklinii", "collection_method": "field", "created_at": "2026-01-21T03:04:15.128Z", "created_by": "arko.lucieer", "coord_wgs84": "145.34220146282905, -41.63850199292643", "modified_at": null, "modified_by": null }, "geometry": { "type": "Point", "coordinates": [ 361928.454169444390573, 5389031.834321651607752 ] } },
{ "type": "Feature", "properties": { "fid": 213, "common_name": null, "scientific_name": "Lagarostrobos franklinii", "collection_method": "field", "created_at": "2026-01-21T03:10:17.538Z", "created_by": "arko.lucieer", "coord_wgs84": "145.34226776455506, -41.63828084944964", "modified_at": null, "modified_by": null }, "geometry": { "type": "Point", "coordinates": [ 361933.50422975764377, 5389056.493489901535213 ] } },
{ "type": "Feature", "properties": { "fid": 214, "common_name": null, "scientific_name": "Lagarostrobos franklinii", "collection_method": "field", "created_at": "2026-01-21T03:22:08.277Z", "created_by": "arko.lucieer", "coord_wgs84": "145.34245927624926, -41.637412208652705", "modified_at": null, "modified_by": null }, "geometry": { "type": "Point", "coordinates": [ 361947.600787464005407, 5389153.243086718954146 ] } },
{ "type": "Feature", "properties": { "fid": 215, "common_name": null, "scientific_name": "Lagarostrobos franklinii", "collection_method": "field", "created_at": "2026-01-21T03:28:29.349Z", "created_by": "arko.lucieer", "coord_wgs84": "145.3423375153236, -41.637161872265864", "modified_at": null, "modified_by": null }, "geometry": { "type": "Point", "coordinates": [ 361936.924863774329424, 5389180.842278547585011 ] } },
{ "type": "Feature", "properties": { "fid": 216, "common_name": null, "scientific_name": "Lagarostrobos franklinii", "collection_method": "field", "created_at": "2026-01-21T03:34:15.252Z", "created_by": "arko.lucieer", "coord_wgs84": "145.34218067611914, -41.63711186427393", "modified_at": null, "modified_by": null }, "geometry": { "type": "Point", "coordinates": [ 361923.75486808369169, 5389186.143342684954405 ] } },
{ "type": "Feature", "properties": { "fid": 217, "common_name": null, "scientific_name": "Lagarostrobos franklinii", "collection_method": "field", "created_at": "2026-01-21T03:44:25.973Z", "created_by": "arko.lucieer", "coord_wgs84": "145.34210829618462, -41.63678176084578", "modified_at": null, "modified_by": null }, "geometry": { "type": "Point", "coordinates": [ 361917.02148954232689, 5389222.677919639274478 ] } },
{ "type": "Feature", "properties": { "fid": 218, "common_name": null, "scientific_name": "Lagarostrobos franklinii", "collection_method": "field", "created_at": "2026-01-21T03:51:56.985Z", "created_by": "arko.lucieer", "coord_wgs84": "145.34189371594152, -41.63663870849696", "modified_at": null, "modified_by": null }, "geometry": { "type": "Point", "coordinates": [ 361898.843401782331057, 5389238.216921245679259 ] } },
{ "type": "Feature", "properties": { "fid": 220, "common_name": null, "scientific_name": "Lagarostrobos franklinii", "collection_method": "field", "created_at": "2026-01-21T04:02:21.406Z", "created_by": "arko.lucieer", "coord_wgs84": "145.34198635025342, -41.63643133799079", "modified_at": null, "modified_by": null }, "geometry": { "type": "Point", "coordinates": [ 361906.116241278243251, 5389261.389106186106801 ] } },
{ "type": "Feature", "properties": { "fid": 221, "common_name": null, "scientific_name": "Lagarostrobos franklinii", "collection_method": "field", "created_at": "2026-01-21T04:03:31.508Z", "created_by": "arko.lucieer", "coord_wgs84": "145.34207773135807, -41.636384002469846", "modified_at": null, "modified_by": null }, "geometry": { "type": "Point", "coordinates": [ 361913.626444653957151, 5389266.791016755625606 ] } },
{ "type": "Feature", "properties": { "fid": 222, "common_name": null, "scientific_name": "Lagarostrobos franklinii", "collection_method": "field", "created_at": "2026-01-21T04:07:47.406Z", "created_by": "arko.lucieer", "coord_wgs84": "145.34234774163812, -41.63641164231011", "modified_at": null, "modified_by": null }, "geometry": { "type": "Point", "coordinates": [ 361936.175031487015076, 5389264.154692839831114 ] } },
{ "type": "Feature", "properties": { "fid": 223, "common_name": null, "scientific_name": "Lagarostrobos franklinii", "collection_method": "field", "created_at": "2026-01-22T00:47:59.135Z", "created_by": "arko.lucieer", "coord_wgs84": "145.3844420256951, -41.69506877279284", "modified_at": "2026-02-04T04:12:40.405Z", "modified_by": "peter.jackson" }, "geometry": { "type": "Point", "coordinates": [ 365564.377437655697577, 5382818.152479865588248 ] } },
{ "type": "Feature", "properties": { "fid": 224, "common_name": null, "scientific_name": "Acacia melanoxylon", "collection_method": "field", "created_at": "2026-01-22T01:03:15.514Z", "created_by": "arko.lucieer", "coord_wgs84": "145.38528097112828, -41.69518090080085", "modified_at": null, "modified_by": null }, "geometry": { "type": "Point", "coordinates": [ 365634.424304795858916, 5382807.012519232928753 ] } },
{ "type": "Feature", "properties": { "fid": 225, "common_name": null, "scientific_name": "Nothofagus cunninghamii", "collection_method": "field", "created_at": "2026-01-22T01:09:39.037Z", "created_by": "arko.lucieer", "coord_wgs84": "145.3856338229346, -41.695338054428355", "modified_at": null, "modified_by": null }, "geometry": { "type": "Point", "coordinates": [ 365664.114165408478584, 5382790.114567278884351 ] } },
{ "type": "Feature", "properties": { "fid": 226, "common_name": null, "scientific_name": "Nothofagus cunninghamii", "collection_method": "field", "created_at": "2026-01-22T01:22:59.474Z", "created_by": "arko.lucieer", "coord_wgs84": "145.38599720276108, -41.69530769152921", "modified_at": null, "modified_by": null }, "geometry": { "type": "Point", "coordinates": [ 365694.28976024070289, 5382794.052519178017974 ] } },
{ "type": "Feature", "properties": { "fid": 227, "common_name": null, "scientific_name": "Acacia melanoxylon", "collection_method": "field", "created_at": "2026-01-22T01:27:59.139Z", "created_by": "arko.lucieer", "coord_wgs84": "145.38612922536305, -41.695234318602665", "modified_at": null, "modified_by": null }, "geometry": { "type": "Point", "coordinates": [ 365705.123398975119926, 5382802.40487898234278 ] } },
{ "type": "Feature", "properties": { "fid": 228, "common_name": null, "scientific_name": "Nothofagus cunninghamii", "collection_method": "field", "created_at": "2026-01-22T01:32:08.696Z", "created_by": "arko.lucieer", "coord_wgs84": "145.38612517059363, -41.69509108614917", "modified_at": null, "modified_by": null }, "geometry": { "type": "Point", "coordinates": [ 365704.487943861458916, 5382818.301381819881499 ] } },
{ "type": "Feature", "properties": { "fid": 229, "common_name": null, "scientific_name": "Nothofagus cunninghamii", "collection_method": "field", "created_at": "2026-01-22T01:37:57.512Z", "created_by": "arko.lucieer", "coord_wgs84": "145.38564834879847, -41.69481935449561", "modified_at": null, "modified_by": null }, "geometry": { "type": "Point", "coordinates": [ 365664.243321398098487, 5382847.727493991144001 ] } },
{ "type": "Feature", "properties": { "fid": 230, "common_name": null, "scientific_name": "Acacia melanoxylon", "collection_method": "field", "created_at": "2026-01-22T01:45:45.567Z", "created_by": "arko.lucieer", "coord_wgs84": "145.38609256620813, -41.69481166214941", "modified_at": null, "modified_by": null }, "geometry": { "type": "Point", "coordinates": [ 365701.193318452045787, 5382849.274446622468531 ] } },
{ "type": "Feature", "properties": { "fid": 232, "common_name": null, "scientific_name": "Acacia melanoxylon", "collection_method": "field", "created_at": "2026-01-22T02:01:53.533Z", "created_by": "arko.lucieer", "coord_wgs84": "145.38648968184293, -41.69436223745343", "modified_at": null, "modified_by": null }, "geometry": { "type": "Point", "coordinates": [ 365733.304769987880718, 5382899.792464415542781 ] } },
{ "type": "Feature", "properties": { "fid": 233, "common_name": null, "scientific_name": "Nothofagus cunninghamii", "collection_method": "field", "created_at": "2026-01-22T02:06:14.600Z", "created_by": "arko.lucieer", "coord_wgs84": "145.386431719554, -41.69412422597982", "modified_at": null, "modified_by": null }, "geometry": { "type": "Point", "coordinates": [ 365727.986198271100875, 5382926.128044730052352 ] } },
{ "type": "Feature", "properties": { "fid": 234, "common_name": null, "scientific_name": "Nothofagus cunninghamii", "collection_method": "field", "created_at": "2026-01-22T02:13:14.749Z", "created_by": "arko.lucieer", "coord_wgs84": "145.38591609046227, -41.6937921504828", "modified_at": null, "modified_by": null }, "geometry": { "type": "Point", "coordinates": [ 365684.386087636754382, 5382962.193627991713583 ] } },
{ "type": "Feature", "properties": { "fid": 235, "common_name": null, "scientific_name": "Acacia melanoxylon", "collection_method": "field", "created_at": "2026-01-22T02:17:15.407Z", "created_by": "arko.lucieer", "coord_wgs84": "145.38597932144265, -41.69348744430284", "modified_at": null, "modified_by": null }, "geometry": { "type": "Point", "coordinates": [ 365689.013936292554718, 5382996.123188595287502 ] } },
{ "type": "Feature", "properties": { "fid": 236, "common_name": null, "scientific_name": "Nothofagus cunninghamii", "collection_method": "field", "created_at": "2026-01-22T02:23:05.802Z", "created_by": "arko.lucieer", "coord_wgs84": "145.3853812615717, -41.693672919755755", "modified_at": null, "modified_by": null }, "geometry": { "type": "Point", "coordinates": [ 365639.630847865599208, 5382974.597253727726638 ] } },
{ "type": "Feature", "properties": { "fid": 237, "common_name": null, "scientific_name": "Acacia melanoxylon", "collection_method": "field", "created_at": "2026-01-22T02:25:52.261Z", "created_by": "arko.lucieer", "coord_wgs84": "145.3851705561986, -41.69364036731055", "modified_at": null, "modified_by": null }, "geometry": { "type": "Point", "coordinates": [ 365622.028701174946036, 5382977.88271317537874 ] } },
{ "type": "Feature", "properties": { "fid": 238, "common_name": null, "scientific_name": "Nothofagus cunninghamii", "collection_method": "field", "created_at": "2026-01-22T02:26:58.615Z", "created_by": "arko.lucieer", "coord_wgs84": "145.3850296005164, -41.693580078115055", "modified_at": null, "modified_by": null }, "geometry": { "type": "Point", "coordinates": [ 365610.17318581813015, 5382984.356541156768799 ] } },
{ "type": "Feature", "properties": { "fid": 239, "common_name": null, "scientific_name": "Nothofagus cunninghamii", "collection_method": "field", "created_at": "2026-01-22T02:30:18.310Z", "created_by": "arko.lucieer", "coord_wgs84": "145.384786467547, -41.69344294435955", "modified_at": "2026-02-04T05:34:58.012Z", "modified_by": "peter.jackson" }, "geometry": { "type": "Point", "coordinates": [ 365589.654665758658666, 5382999.20277704577893 ] } },
{ "type": "Feature", "properties": { "fid": 240, "common_name": null, "scientific_name": "Nothofagus cunninghamii", "collection_method": "field", "created_at": "2026-01-22T02:32:48.111Z", "created_by": "arko.lucieer", "coord_wgs84": "145.38479062171953, -41.693304587815575", "modified_at": null, "modified_by": null }, "geometry": { "type": "Point", "coordinates": [ 365589.712248994852416, 5383014.570721242576838 ] } },
{ "type": "Feature", "properties": { "fid": 241, "common_name": null, "scientific_name": "Nothofagus cunninghamii", "collection_method": "field", "created_at": "2026-01-22T02:34:43.479Z", "created_by": "arko.lucieer", "coord_wgs84": "145.38439434844133, -41.693232226055265", "modified_at": "2026-02-04T05:35:03.134Z", "modified_by": "peter.jackson" }, "geometry": { "type": "Point", "coordinates": [ 365556.584463461709674, 5383021.986318801529706 ] } },
{ "type": "Feature", "properties": { "fid": 242, "common_name": null, "scientific_name": "Nothofagus cunninghamii", "collection_method": "field", "created_at": "2026-01-22T02:37:51.641Z", "created_by": "arko.lucieer", "coord_wgs84": "145.38417443674194, -41.693171216838415", "modified_at": null, "modified_by": null }, "geometry": { "type": "Point", "coordinates": [ 365538.156740371254273, 5383028.416703308932483 ] } },
{ "type": "Feature", "properties": { "fid": 243, "common_name": null, "scientific_name": "Nothofagus cunninghamii", "collection_method": "field", "created_at": "2026-01-22T02:41:34.171Z", "created_by": "arko.lucieer", "coord_wgs84": "145.3838086174759, -41.69322922688572", "modified_at": "2026-02-04T05:35:06.521Z", "modified_by": "peter.jackson" }, "geometry": { "type": "Point", "coordinates": [ 365507.834812076587696, 5383021.404697225429118 ] } },
{ "type": "Feature", "properties": { "fid": 244, "common_name": null, "scientific_name": "Acacia melanoxylon", "collection_method": "field", "created_at": "2026-01-22T02:43:53.140Z", "created_by": "arko.lucieer", "coord_wgs84": "145.38361872135664, -41.69330647128003", "modified_at": null, "modified_by": null }, "geometry": { "type": "Point", "coordinates": [ 365492.19299444713397, 5383012.531808385625482 ] } },
{ "type": "Feature", "properties": { "fid": 245, "common_name": null, "scientific_name": "Lagarostrobos franklinii", "collection_method": "field", "created_at": "2026-01-22T02:48:18.348Z", "created_by": "arko.lucieer", "coord_wgs84": "145.38320271983997, -41.69318930922671", "modified_at": null, "modified_by": null }, "geometry": { "type": "Point", "coordinates": [ 365457.329967269848567, 5383024.890225483104587 ] } },
{ "type": "Feature", "properties": { "fid": 246, "common_name": null, "scientific_name": "Nothofagus cunninghamii", "collection_method": "field", "created_at": "2026-01-22T03:23:17.788Z", "created_by": "arko.lucieer", "coord_wgs84": "145.38296061743546, -41.69300005595325", "modified_at": null, "modified_by": null }, "geometry": { "type": "Point", "coordinates": [ 365436.788105832529254, 5383045.524373336695135 ] } },
{ "type": "Feature", "properties": { "fid": 247, "common_name": null, "scientific_name": "Nothofagus cunninghamii", "collection_method": "field", "created_at": "2026-01-22T03:25:58.114Z", "created_by": "arko.lucieer", "coord_wgs84": "145.38273342250335, -41.692912722027714", "modified_at": null, "modified_by": null }, "geometry": { "type": "Point", "coordinates": [ 365417.699214962427504, 5383054.865853081457317 ] } },
{ "type": "Feature", "properties": { "fid": 248, "common_name": null, "scientific_name": "Phyllocladus aspleniifolius", "collection_method": "field", "created_at": "2026-01-22T03:30:28.021Z", "created_by": "arko.lucieer", "coord_wgs84": "145.38236653555853, -41.69273601571278", "modified_at": null, "modified_by": null }, "geometry": { "type": "Point", "coordinates": [ 365386.798909398261458, 5383073.911775145679712 ] } },
{ "type": "Feature", "properties": { "fid": 249, "common_name": null, "scientific_name": "Nothofagus cunninghamii", "collection_method": "field", "created_at": "2026-01-22T03:33:19.046Z", "created_by": "arko.lucieer", "coord_wgs84": "145.38208840659968, -41.692636453240475", "modified_at": null, "modified_by": null }, "geometry": { "type": "Point", "coordinates": [ 365363.445696787210181, 5383084.531205981038511 ] } },
{ "type": "Feature", "properties": { "fid": 250, "common_name": null, "scientific_name": "Nothofagus cunninghamii", "collection_method": "field", "created_at": "2026-01-22T03:39:18.786Z", "created_by": "arko.lucieer", "coord_wgs84": "145.3815247791838, -41.69263479407802", "modified_at": null, "modified_by": null }, "geometry": { "type": "Point", "coordinates": [ 365316.537808116292581, 5383083.834071946330369 ] } },
{ "type": "Feature", "properties": { "fid": 251, "common_name": null, "scientific_name": "Acacia melanoxylon", "collection_method": "field", "created_at": "2026-01-22T03:43:19.069Z", "created_by": "arko.lucieer", "coord_wgs84": "145.38117692886496, -41.69264610551359", "modified_at": "2026-02-04T05:22:04.864Z", "modified_by": "peter.jackson" }, "geometry": { "type": "Point", "coordinates": [ 365287.613709990342613, 5383082.034095990471542 ] } },
{ "type": "Feature", "properties": { "fid": 252, "common_name": null, "scientific_name": "Nothofagus cunninghamii", "collection_method": "field", "created_at": "2026-01-22T03:46:16.956Z", "created_by": "arko.lucieer", "coord_wgs84": "145.3810579976958, -41.6926847597921", "modified_at": null, "modified_by": null }, "geometry": { "type": "Point", "coordinates": [ 365277.797075529466383, 5383077.556332903914154 ] } },
{ "type": "Feature", "properties": { "fid": 253, "common_name": null, "scientific_name": "Nothofagus cunninghamii", "collection_method": "field", "created_at": "2026-01-22T03:48:13.650Z", "created_by": "arko.lucieer", "coord_wgs84": "145.3807707834073, -41.692613787588456", "modified_at": null, "modified_by": null }, "geometry": { "type": "Point", "coordinates": [ 365253.747288166137878, 5383084.986874090507627 ] } },
{ "type": "Feature", "properties": { "fid": 254, "common_name": null, "scientific_name": "Atherosperma moschatum", "collection_method": "field", "created_at": "2026-01-22T03:51:00.301Z", "created_by": "arko.lucieer", "coord_wgs84": "145.38073696755959, -41.692542300762", "modified_at": null, "modified_by": null }, "geometry": { "type": "Point", "coordinates": [ 365250.783933147147764, 5383092.871006936766207 ] } },
{ "type": "Feature", "properties": { "fid": 255, "common_name": null, "scientific_name": "Acacia melanoxylon", "collection_method": "field", "created_at": "2026-01-22T03:55:54.552Z", "created_by": "arko.lucieer", "coord_wgs84": "145.38032704501813, -41.69251594582112", "modified_at": null, "modified_by": null }, "geometry": { "type": "Point", "coordinates": [ 365216.615564273728523, 5383095.155642192810774 ] } },
{ "type": "Feature", "properties": { "fid": 256, "common_name": null, "scientific_name": "Nothofagus cunninghamii", "collection_method": "field", "created_at": "2026-01-22T03:57:13.994Z", "created_by": "arko.lucieer", "coord_wgs84": "145.38040276763508, -41.69254989902776", "modified_at": null, "modified_by": null }, "geometry": { "type": "Point", "coordinates": [ 365222.988022042438388, 5383091.50439611915499 ] } },
{ "type": "Feature", "properties": { "fid": 257, "common_name": null, "scientific_name": "Lagarostrobos franklinii", "collection_method": "field", "created_at": "2026-01-22T03:58:26.404Z", "created_by": "arko.lucieer", "coord_wgs84": "145.3802879522452, -41.69257278974039", "modified_at": "2026-02-04T05:21:35.676Z", "modified_by": "peter.jackson" }, "geometry": { "type": "Point", "coordinates": [ 365213.481003965775017, 5383088.783184422180057 ] } },
{ "type": "Feature", "properties": { "fid": 258, "common_name": null, "scientific_name": "Lagarostrobos franklinii", "collection_method": "field", "created_at": "2026-01-22T04:02:30.936Z", "created_by": "arko.lucieer", "coord_wgs84": "145.3800113230029, -41.6925430419589", "modified_at": null, "modified_by": null }, "geometry": { "type": "Point", "coordinates": [ 365190.398080911079887, 5383091.65301376581192 ] } },
{ "type": "Feature", "properties": { "fid": 259, "common_name": null, "scientific_name": "Lagarostrobos franklinii", "collection_method": "field", "created_at": "2026-01-22T04:06:02.002Z", "created_by": "arko.lucieer", "coord_wgs84": "145.37974599314106, -41.69244622520142", "modified_at": null, "modified_by": null }, "geometry": { "type": "Point", "coordinates": [ 365168.115359204472043, 5383101.987000834196806 ] } },
{ "type": "Feature", "properties": { "fid": 260, "common_name": null, "scientific_name": "Lagarostrobos franklinii", "collection_method": "field", "created_at": "2026-01-22T04:10:02.393Z", "created_by": "arko.lucieer", "coord_wgs84": "145.37963775772758, -41.69237390047833", "modified_at": "2026-02-04T05:35:23.164Z", "modified_by": "peter.jackson" }, "geometry": { "type": "Point", "coordinates": [ 365158.957015564839821, 5383109.847606928087771 ] } },
{ "type": "Feature", "properties": { "fid": 261, "common_name": null, "scientific_name": "Nothofagus cunninghamii", "collection_method": "field", "created_at": "2026-01-22T04:12:12.127Z", "created_by": "arko.lucieer", "coord_wgs84": "145.37954119160838, -41.692298680254595", "modified_at": null, "modified_by": null }, "geometry": { "type": "Point", "coordinates": [ 365150.763713171239942, 5383118.047956543974578 ] } },
{ "type": "Feature", "properties": { "fid": 262, "common_name": null, "scientific_name": "Lagarostrobos franklinii", "collection_method": "field", "created_at": "2026-01-22T04:15:28.586Z", "created_by": "arko.lucieer", "coord_wgs84": "145.379200879421, -41.69237748098581", "modified_at": null, "modified_by": null }, "geometry": { "type": "Point", "coordinates": [ 365122.607833170681261, 5383108.765912998467684 ] } },
{ "type": "Feature", "properties": { "fid": 263, "common_name": null, "scientific_name": "Nothofagus cunninghamii", "collection_method": "field", "created_at": "2026-01-22T04:16:41.954Z", "created_by": "arko.lucieer", "coord_wgs84": "145.37913319839316, -41.69225793153511", "modified_at": null, "modified_by": null }, "geometry": { "type": "Point", "coordinates": [ 365116.725651533168275, 5383121.933254158124328 ] } },
{ "type": "Feature", "properties": { "fid": 264, "common_name": null, "scientific_name": "Lagarostrobos franklinii", "collection_method": "field", "created_at": "2026-01-22T04:19:37.106Z", "created_by": "arko.lucieer", "coord_wgs84": "145.3790850111731, -41.69222089095656", "modified_at": null, "modified_by": null }, "geometry": { "type": "Point", "coordinates": [ 365112.638136900553945, 5383125.970322540029883 ] } },
{ "type": "Feature", "properties": { "fid": 265, "common_name": null, "scientific_name": "Lagarostrobos franklinii", "collection_method": "field", "created_at": "2026-01-22T04:22:00.384Z", "created_by": "arko.lucieer", "coord_wgs84": "145.37913362676625, -41.69215697720179", "modified_at": null, "modified_by": null }, "geometry": { "type": "Point", "coordinates": [ 365116.550338205124717, 5383133.142691599205136 ] } },
{ "type": "Feature", "properties": { "fid": 266, "common_name": null, "scientific_name": "Nothofagus cunninghamii", "collection_method": "field", "created_at": "2026-01-22T04:23:09.521Z", "created_by": "arko.lucieer", "coord_wgs84": "145.37901919715992, -41.69223422471012", "modified_at": null, "modified_by": null }, "geometry": { "type": "Point", "coordinates": [ 365107.18899936915841, 5383124.386812486685812 ] } },
{ "type": "Feature", "properties": { "fid": 267, "common_name": null, "scientific_name": "Lagarostrobos franklinii", "collection_method": "field", "created_at": "2026-01-22T04:24:03.893Z", "created_by": "arko.lucieer", "coord_wgs84": "145.37901829804466, -41.69220317066336", "modified_at": null, "modified_by": null }, "geometry": { "type": "Point", "coordinates": [ 365107.049277894024272, 5383127.833275540731847 ] } },
{ "type": "Feature", "properties": { "fid": 268, "common_name": null, "scientific_name": "Nothofagus cunninghamii", "collection_method": "field", "created_at": "2026-01-22T04:38:34.184Z", "created_by": "arko.lucieer", "coord_wgs84": "145.37881011455417, -41.691946308455165", "modified_at": null, "modified_by": null }, "geometry": { "type": "Point", "coordinates": [ 365089.187501876731403, 5383156.026075554080307 ] } },
{ "type": "Feature", "properties": { "fid": 269, "common_name": null, "scientific_name": "Atherosperma moschatum", "collection_method": "field", "created_at": "2026-01-22T04:41:13.069Z", "created_by": "arko.lucieer", "coord_wgs84": "145.37877101389395, -41.69186042739822", "modified_at": null, "modified_by": null }, "geometry": { "type": "Point", "coordinates": [ 365085.754051405470818, 5383165.500028937123716 ] } },
{ "type": "Feature", "properties": { "fid": 270, "common_name": null, "scientific_name": "Nothofagus cunninghamii", "collection_method": "field", "created_at": "2026-01-22T04:45:53.461Z", "created_by": "arko.lucieer", "coord_wgs84": "145.3786967305004, -41.69184838561785", "modified_at": "2026-02-04T05:35:41.120Z", "modified_by": "peter.jackson" }, "geometry": { "type": "Point", "coordinates": [ 365079.54702711122809, 5383166.720626994967461 ] } },
{ "type": "Feature", "properties": { "fid": 271, "common_name": null, "scientific_name": "Nothofagus cunninghamii", "collection_method": "field", "created_at": "2026-01-22T04:49:17.109Z", "created_by": "arko.lucieer", "coord_wgs84": "145.37864245797905, -41.69173802797062", "modified_at": null, "modified_by": null }, "geometry": { "type": "Point", "coordinates": [ 365074.799793970771134, 5383178.888394340872765 ] } },
{ "type": "Feature", "properties": { "fid": 272, "common_name": null, "scientific_name": "Acacia melanoxylon", "collection_method": "field", "created_at": "2026-01-22T04:53:49.500Z", "created_by": "arko.lucieer", "coord_wgs84": "145.37841776138052, -41.691505413706004", "modified_at": null, "modified_by": null }, "geometry": { "type": "Point", "coordinates": [ 365055.614238396345172, 5383204.363039713352919 ] } },
{ "type": "Feature", "properties": { "fid": 273, "common_name": null, "scientific_name": "Nothofagus cunninghamii", "collection_method": "field", "created_at": "2026-01-22T04:56:29.309Z", "created_by": "arko.lucieer", "coord_wgs84": "145.37831869101723, -41.69155475057378", "modified_at": null, "modified_by": null }, "geometry": { "type": "Point", "coordinates": [ 365047.472719039244112, 5383198.73001641780138 ] } },
{ "type": "Feature", "properties": { "fid": 274, "common_name": null, "scientific_name": "Nothofagus cunninghamii", "collection_method": "field", "created_at": "2026-01-22T04:58:56.098Z", "created_by": "arko.lucieer", "coord_wgs84": "145.37831838176982, -41.69135182103288", "modified_at": null, "modified_by": null }, "geometry": { "type": "Point", "coordinates": [ 365047.022718475724105, 5383221.260408821515739 ] } },
{ "type": "Feature", "properties": { "fid": 275, "common_name": null, "scientific_name": "Nothofagus cunninghamii", "collection_method": "field", "created_at": "2026-01-22T05:00:46.374Z", "created_by": "arko.lucieer", "coord_wgs84": "145.378238700547, -41.69118720001038", "modified_at": null, "modified_by": null }, "geometry": { "type": "Point", "coordinates": [ 365040.047416222572792, 5383239.413095002993941 ] } },
{ "type": "Feature", "properties": { "fid": 276, "common_name": null, "scientific_name": "Atherosperma moschatum", "collection_method": "field", "created_at": "2026-01-22T05:05:07.040Z", "created_by": "arko.lucieer", "coord_wgs84": "145.37819132584985, -41.691049697150014", "modified_at": "2026-02-04T05:35:48.326Z", "modified_by": "peter.jackson" }, "geometry": { "type": "Point", "coordinates": [ 365035.817360961285885, 5383254.605528492480516 ] } },
{ "type": "Feature", "properties": { "fid": 277, "common_name": null, "scientific_name": "Acacia melanoxylon", "collection_method": "field", "created_at": "2026-01-22T05:07:22.110Z", "created_by": "arko.lucieer", "coord_wgs84": "145.37798619811431, -41.690950880703454", "modified_at": null, "modified_by": null }, "geometry": { "type": "Point", "coordinates": [ 365018.539806592511013, 5383265.255433272570372 ] } },
{ "type": "Feature", "properties": { "fid": 278, "common_name": null, "scientific_name": "Lagarostrobos franklinii", "collection_method": "field", "created_at": "2026-01-22T05:12:26.149Z", "created_by": "arko.lucieer", "coord_wgs84": "145.3776959023118, -41.690707073159366", "modified_at": null, "modified_by": null }, "geometry": { "type": "Point", "coordinates": [ 364993.871168260346167, 5383291.869867387227714 ] } },
{ "type": "Feature", "properties": { "fid": 279, "common_name": null, "scientific_name": "Lagarostrobos franklinii", "collection_method": "field", "created_at": "2026-01-22T05:31:19.278Z", "created_by": "arko.lucieer", "coord_wgs84": "145.37774323582036, -41.69089957057309", "modified_at": null, "modified_by": null }, "geometry": { "type": "Point", "coordinates": [ 364998.212919369107112, 5383270.571453096345067 ] } },
{ "type": "Feature", "properties": { "fid": 280, "common_name": null, "scientific_name": "Lagarostrobos franklinii", "collection_method": "field", "created_at": "2026-01-22T05:56:38.838Z", "created_by": "arko.lucieer", "coord_wgs84": "145.37741008660353, -41.69047376603122", "modified_at": null, "modified_by": null }, "geometry": { "type": "Point", "coordinates": [ 364969.597155426919926, 5383317.325403524562716 ] } },
{ "type": "Feature", "properties": { "fid": 281, "common_name": null, "scientific_name": "Lagarostrobos franklinii", "collection_method": "field", "created_at": "2026-01-22T05:59:12.543Z", "created_by": "arko.lucieer", "coord_wgs84": "145.37728877984463, -41.69035289912404", "modified_at": null, "modified_by": null }, "geometry": { "type": "Point", "coordinates": [ 364959.248953287373297, 5383330.554813301190734 ] } },
{ "type": "Feature", "properties": { "fid": 283, "common_name": null, "scientific_name": "Nothofagus cunninghamii", "collection_method": "field", "created_at": "2026-01-22T06:01:44.810Z", "created_by": "arko.lucieer", "coord_wgs84": "145.37697372022564, -41.690317053599195", "modified_at": "2026-02-04T05:35:56.864Z", "modified_by": "peter.jackson" }, "geometry": { "type": "Point", "coordinates": [ 364932.954115427506622, 5383334.040592291392386 ] } },
{ "type": "Feature", "properties": { "fid": 284, "common_name": null, "scientific_name": "Phyllocladus aspleniifolius", "collection_method": "field", "created_at": "2026-01-22T06:04:06.548Z", "created_by": "arko.lucieer", "coord_wgs84": "145.37685877011364, -41.69042825913794", "modified_at": "2026-02-04T05:36:01.484Z", "modified_by": "peter.jackson" }, "geometry": { "type": "Point", "coordinates": [ 364923.620454310439527, 5383321.513366051018238 ] } },
{ "type": "Feature", "properties": { "fid": 285, "common_name": null, "scientific_name": "Nothofagus cunninghamii", "collection_method": "field", "created_at": "2026-01-22T06:08:12.700Z", "created_by": "arko.lucieer", "coord_wgs84": "145.37681367938205, -41.69041320277324", "modified_at": "2026-02-04T05:36:05.296Z", "modified_by": "peter.jackson" }, "geometry": { "type": "Point", "coordinates": [ 364919.836418923980091, 5383323.11432043928653 ] } },
{ "type": "Feature", "properties": { "fid": 286, "common_name": null, "scientific_name": "Nothofagus cunninghamii", "collection_method": "field", "created_at": "2026-01-22T06:11:28.722Z", "created_by": "arko.lucieer", "coord_wgs84": "145.37668764765735, -41.69039156466826", "modified_at": null, "modified_by": null }, "geometry": { "type": "Point", "coordinates": [ 364909.302555539296009, 5383325.319066556170583 ] } },
{ "type": "Feature", "properties": { "fid": 287, "common_name": null, "scientific_name": "Nothofagus cunninghamii", "collection_method": "field", "created_at": "2026-01-22T06:15:13.441Z", "created_by": "arko.lucieer", "coord_wgs84": "145.37662148561674, -41.690292395385484", "modified_at": null, "modified_by": null }, "geometry": { "type": "Point", "coordinates": [ 364903.588887406571303, 5383336.225853958167136 ] } },
{ "type": "Feature", "properties": { "fid": 288, "common_name": null, "scientific_name": "Lagarostrobos franklinii", "collection_method": "field", "created_at": "2026-01-22T06:16:53.674Z", "created_by": "arko.lucieer", "coord_wgs84": "145.37648006731, -41.69031975108146", "modified_at": null, "modified_by": null }, "geometry": { "type": "Point", "coordinates": [ 364891.877043172309641, 5383332.966750591062009 ] } },
{ "type": "Feature", "properties": { "fid": 289, "common_name": null, "scientific_name": "Nothofagus cunninghamii", "collection_method": "field", "created_at": "2026-01-22T06:18:54.314Z", "created_by": "arko.lucieer", "coord_wgs84": "145.3764169699123, -41.6903260202701", "modified_at": null, "modified_by": null }, "geometry": { "type": "Point", "coordinates": [ 364886.639082036970649, 5383332.171702918596566 ] } },
{ "type": "Feature", "properties": { "fid": 290, "common_name": null, "scientific_name": "Lagarostrobos franklinii", "collection_method": "field", "created_at": "2026-01-22T06:20:42.002Z", "created_by": "arko.lucieer", "coord_wgs84": "145.37628587721426, -41.69038117139291", "modified_at": "2026-02-04T05:20:07.391Z", "modified_by": "peter.jackson" }, "geometry": { "type": "Point", "coordinates": [ 364875.844750591728371, 5383325.842700080014765 ] } },
{ "type": "Feature", "properties": { "fid": 292, "common_name": null, "scientific_name": "Nothofagus cunninghamii", "collection_method": "field", "created_at": "2026-01-22T23:43:09.379Z", "created_by": "arko.lucieer", "coord_wgs84": "145.30346602264453, -41.708895294882495", "modified_at": null, "modified_by": null }, "geometry": { "type": "Point", "coordinates": [ 358856.135156137228478, 5381153.423074634745717 ] } },
{ "type": "Feature", "properties": { "fid": 293, "common_name": null, "scientific_name": "Nothofagus cunninghamii", "collection_method": "field", "created_at": "2026-01-22T23:47:41.147Z", "created_by": "arko.lucieer", "coord_wgs84": "145.3042036900227, -41.709000319627876", "modified_at": null, "modified_by": null }, "geometry": { "type": "Point", "coordinates": [ 358917.737491314997897, 5381142.971488622017205 ] } },
{ "type": "Feature", "properties": { "fid": 294, "common_name": null, "scientific_name": "Phyllocladus aspleniifolius", "collection_method": "field", "created_at": "2026-01-22T23:56:15.634Z", "created_by": "arko.lucieer", "coord_wgs84": "145.30417746243012, -41.70818905422457", "modified_at": null, "modified_by": null }, "geometry": { "type": "Point", "coordinates": [ 358913.781095198064577, 5381233.002384663559496 ] } },
{ "type": "Feature", "properties": { "fid": 295, "common_name": null, "scientific_name": "Nothofagus cunninghamii", "collection_method": "field", "created_at": "2026-01-23T00:05:04.360Z", "created_by": "arko.lucieer", "coord_wgs84": "145.30414399552518, -41.7076885188756", "modified_at": null, "modified_by": null }, "geometry": { "type": "Point", "coordinates": [ 358909.901953772234265, 5381288.521403658203781 ] } },
{ "type": "Feature", "properties": { "fid": 297, "common_name": null, "scientific_name": "Lagarostrobos franklinii", "collection_method": "field", "created_at": "2026-01-23T00:14:39.092Z", "created_by": "arko.lucieer", "coord_wgs84": "145.3038187457755, -41.707646499422346", "modified_at": null, "modified_by": null }, "geometry": { "type": "Point", "coordinates": [ 358882.749317772162613, 5381292.653670811094344 ] } },
{ "type": "Feature", "properties": { "fid": 298, "common_name": null, "scientific_name": "Lagarostrobos franklinii", "collection_method": "field", "created_at": "2026-01-23T00:17:05.478Z", "created_by": "arko.lucieer", "coord_wgs84": "145.30385316099105, -41.70752903947837", "modified_at": null, "modified_by": null }, "geometry": { "type": "Point", "coordinates": [ 358885.355719691724516, 5381305.751527134329081 ] } },
{ "type": "Feature", "properties": { "fid": 299, "common_name": null, "scientific_name": "Lagarostrobos franklinii", "collection_method": "field", "created_at": "2026-01-23T00:27:24.512Z", "created_by": "arko.lucieer", "coord_wgs84": "145.30366125070034, -41.707553141680116", "modified_at": null, "modified_by": null }, "geometry": { "type": "Point", "coordinates": [ 358869.441508549149148, 5381302.76089299749583 ] } },
{ "type": "Feature", "properties": { "fid": 301, "common_name": null, "scientific_name": "Lagarostrobos franklinii", "collection_method": "field", "created_at": "2026-01-23T00:40:27.378Z", "created_by": "arko.lucieer", "coord_wgs84": "145.3034277057261, -41.70733975351242", "modified_at": null, "modified_by": null }, "geometry": { "type": "Point", "coordinates": [ 358849.543674504442606, 5381326.070243271999061 ] } },
{ "type": "Feature", "properties": { "fid": 302, "common_name": null, "scientific_name": "Nothofagus cunninghamii", "collection_method": "field", "created_at": "2026-01-23T00:42:22.808Z", "created_by": "arko.lucieer", "coord_wgs84": "145.30335470032338, -41.70733815407675", "modified_at": null, "modified_by": null }, "geometry": { "type": "Point", "coordinates": [ 358843.466105946805328, 5381326.128124877810478 ] } },
{ "type": "Feature", "properties": { "fid": 303, "common_name": null, "scientific_name": "Lagarostrobos franklinii", "collection_method": "field", "created_at": "2026-01-23T00:42:41.838Z", "created_by": "arko.lucieer", "coord_wgs84": "145.30341788443334, -41.70726349569896", "modified_at": null, "modified_by": null }, "geometry": { "type": "Point", "coordinates": [ 358848.559687214088626, 5381334.52095764875412 ] } },
{ "type": "Feature", "properties": { "fid": 304, "common_name": null, "scientific_name": "Lagarostrobos franklinii", "collection_method": "field", "created_at": "2026-01-23T00:44:42.470Z", "created_by": "arko.lucieer", "coord_wgs84": "145.30342353544694, -41.70719372073733", "modified_at": null, "modified_by": null }, "geometry": { "type": "Point", "coordinates": [ 358848.877185758494306, 5381342.277256751433015 ] } },
{ "type": "Feature", "properties": { "fid": 305, "common_name": null, "scientific_name": "Nothofagus cunninghamii", "collection_method": "field", "created_at": "2026-01-23T00:51:35.083Z", "created_by": "arko.lucieer", "coord_wgs84": "145.30319204696812, -41.70677774690142", "modified_at": null, "modified_by": null }, "geometry": { "type": "Point", "coordinates": [ 358828.706967326812446, 5381388.082777824252844 ] } },
{ "type": "Feature", "properties": { "fid": 306, "common_name": null, "scientific_name": "Lagarostrobos franklinii", "collection_method": "field", "created_at": "2026-01-23T00:56:11.749Z", "created_by": "arko.lucieer", "coord_wgs84": "145.30298162831335, -41.70658406644691", "modified_at": null, "modified_by": null }, "geometry": { "type": "Point", "coordinates": [ 358810.77604727842845, 5381409.241824455559254 ] } },
{ "type": "Feature", "properties": { "fid": 307, "common_name": null, "scientific_name": "Lagarostrobos franklinii", "collection_method": "field", "created_at": "2026-01-23T01:05:34.613Z", "created_by": "arko.lucieer", "coord_wgs84": "145.30268994054612, -41.70648044709458", "modified_at": null, "modified_by": null }, "geometry": { "type": "Point", "coordinates": [ 358786.280448081844952, 5381420.268145703710616 ] } },
{ "type": "Feature", "properties": { "fid": 311, "common_name": null, "scientific_name": "Eucalyptus nitida", "collection_method": "desktop", "created_at": null, "created_by": "jayne.balmer", "coord_wgs84": "145.9876644214147, -43.013589832268885", "modified_at": "2026-02-04T05:36:32.391Z", "modified_by": "peter.jackson" }, "geometry": { "type": "Point", "coordinates": [ 417504.077745759452228, 5237178.885309629142284 ] } },
{ "type": "Feature", "properties": { "fid": 312, "common_name": null, "scientific_name": "Phyllocladus aspleniifolius", "collection_method": "desktop", "created_at": null, "created_by": "jayne.balmer", "coord_wgs84": "145.98653616689302, -43.01324920915443", "modified_at": "2026-02-04T05:36:39.282Z", "modified_by": "peter.jackson" }, "geometry": { "type": "Point", "coordinates": [ 417411.678354193863925, 5237215.602514161728323 ] } },
{ "type": "Feature", "properties": { "fid": 319, "common_name": null, "scientific_name": "Lagarostrobos franklinii", "collection_method": "desktop", "created_at": null, "created_by": "jayne.balmer", "coord_wgs84": "145.98770460159838, -43.013178265233854", "modified_at": "2026-02-04T05:36:42.590Z", "modified_by": "peter.jackson" }, "geometry": { "type": "Point", "coordinates": [ 417506.801170959777664, 5237224.62921255081892 ] } },
{ "type": "Feature", "properties": { "fid": 320, "common_name": null, "scientific_name": "Eucalyptus nitida", "collection_method": "desktop", "created_at": null, "created_by": "jayne.balmer", "coord_wgs84": "145.98407481013152, -43.013762336006025", "modified_at": "2026-02-04T05:36:45.686Z", "modified_by": "peter.jackson" }, "geometry": { "type": "Point", "coordinates": [ 417211.787415304977912, 5237156.196408514864743 ] } },
{ "type": "Feature", "properties": { "fid": 327, "common_name": null, "scientific_name": "Lagarostrobos franklinii", "collection_method": "desktop", "created_at": null, "created_by": "jayne.balmer", "coord_wgs84": "145.98728139581678, -43.01302521427972", "modified_at": "2026-02-05T02:07:19.807Z", "modified_by": "peter.jackson" }, "geometry": { "type": "Point", "coordinates": [ 417472.108401696314104, 5237241.209695813246071 ] } },
{ "type": "Feature", "properties": { "fid": 333, "common_name": null, "scientific_name": "Lagarostrobos franklinii", "collection_method": "desktop", "created_at": null, "created_by": "jayne.balmer", "coord_wgs84": "145.9864604586724, -43.01275588544248", "modified_at": "2026-02-05T02:07:19.807Z", "modified_by": "peter.jackson" }, "geometry": { "type": "Point", "coordinates": [ 417404.8476057468215, 5237270.311552902683616 ] } },
{ "type": "Feature", "properties": { "fid": 336, "common_name": null, "scientific_name": "Lagarostrobos franklinii", "collection_method": "desktop", "created_at": null, "created_by": "jayne.balmer", "coord_wgs84": "145.985466150452, -43.01235823311061", "modified_at": "2026-02-05T02:07:19.807Z", "modified_by": "peter.jackson" }, "geometry": { "type": "Point", "coordinates": [ 417323.285592884407379, 5237313.492391008883715 ] } },
{ "type": "Feature", "properties": { "fid": 337, "common_name": null, "scientific_name": "Lagarostrobos franklinii", "collection_method": "desktop", "created_at": null, "created_by": "jayne.balmer", "coord_wgs84": "145.98502263872373, -43.01237291581962", "modified_at": "2026-02-05T02:07:19.807Z", "modified_by": "peter.jackson" }, "geometry": { "type": "Point", "coordinates": [ 417287.162230887566693, 5237311.425169264897704 ] } },
{ "type": "Feature", "properties": { "fid": 338, "common_name": null, "scientific_name": "Lagarostrobos franklinii", "collection_method": "desktop", "created_at": null, "created_by": "jayne.balmer", "coord_wgs84": "145.98606855211568, -43.01208464202112", "modified_at": "2026-02-05T02:07:19.807Z", "modified_by": "peter.jackson" }, "geometry": { "type": "Point", "coordinates": [ 417372.010261385177728, 5237344.467477512545884 ] } },
{ "type": "Feature", "properties": { "fid": 339, "common_name": null, "scientific_name": "Lagarostrobos franklinii", "collection_method": "desktop", "created_at": null, "created_by": "jayne.balmer", "coord_wgs84": "145.98689477965482, -43.01234580176689", "modified_at": "2026-02-05T02:07:19.807Z", "modified_by": "peter.jackson" }, "geometry": { "type": "Point", "coordinates": [ 417439.692108099116012, 5237316.278311071917415 ] } },
{ "type": "Feature", "properties": { "fid": 340, "common_name": null, "scientific_name": "Lagarostrobos franklinii", "collection_method": "desktop", "created_at": null, "created_by": "jayne.balmer", "coord_wgs84": "145.98830521961645, -43.01201358134937", "modified_at": "2026-02-05T02:07:19.807Z", "modified_by": "peter.jackson" }, "geometry": { "type": "Point", "coordinates": [ 417554.188576591724996, 5237354.556896645575762 ] } },
{ "type": "Feature", "properties": { "fid": 341, "common_name": null, "scientific_name": "Lagarostrobos franklinii", "collection_method": "desktop", "created_at": null, "created_by": "jayne.balmer", "coord_wgs84": "145.9863045586972, -43.01146026054641", "modified_at": "2026-02-05T02:07:19.816Z", "modified_by": "peter.jackson" }, "geometry": { "type": "Point", "coordinates": [ 417390.406305949727539, 5237414.037065328098834 ] } },
{ "type": "Feature", "properties": { "fid": 342, "common_name": null, "scientific_name": "Lagarostrobos franklinii", "collection_method": "desktop", "created_at": null, "created_by": "jayne.balmer", "coord_wgs84": "145.9858505537425, -43.0116864820689", "modified_at": "2026-02-05T02:07:19.817Z", "modified_by": "peter.jackson" }, "geometry": { "type": "Point", "coordinates": [ 417353.710933154041413, 5237388.468544514849782 ] } },
{ "type": "Feature", "properties": { "fid": 343, "common_name": null, "scientific_name": "Lagarostrobos franklinii", "collection_method": "desktop", "created_at": null, "created_by": "jayne.balmer", "coord_wgs84": "145.98568260700117, -43.01179220639348", "modified_at": "2026-02-05T02:07:19.819Z", "modified_by": "peter.jackson" }, "geometry": { "type": "Point", "coordinates": [ 417340.16611047659535, 5237376.562597178854048 ] } },
{ "type": "Feature", "properties": { "fid": 345, "common_name": null, "scientific_name": "Lagarostrobos franklinii", "collection_method": "desktop", "created_at": null, "created_by": "jayne.balmer", "coord_wgs84": "145.98579978811998, -43.0118240631438", "modified_at": "2026-02-05T02:07:19.821Z", "modified_by": "peter.jackson" }, "geometry": { "type": "Point", "coordinates": [ 417349.758351447468158, 5237373.140239847823977 ] } },
{ "type": "Feature", "properties": { "fid": 346, "common_name": null, "scientific_name": "Lagarostrobos franklinii", "collection_method": "desktop", "created_at": null, "created_by": "jayne.balmer", "coord_wgs84": "145.98727938097142, -43.01058251634597", "modified_at": "2026-02-05T02:07:19.823Z", "modified_by": "peter.jackson" }, "geometry": { "type": "Point", "coordinates": [ 417468.673218156094663, 5237512.468744984827936 ] } },
{ "type": "Feature", "properties": { "fid": 347, "common_name": null, "scientific_name": "Lagarostrobos franklinii", "collection_method": "desktop", "created_at": null, "created_by": "jayne.balmer", "coord_wgs84": "145.98743570308534, -43.01060052750266", "modified_at": "2026-02-05T02:07:19.823Z", "modified_by": "peter.jackson" }, "geometry": { "type": "Point", "coordinates": [ 417481.436845071264543, 5237510.622214210219681 ] } },
{ "type": "Feature", "properties": { "fid": 348, "common_name": null, "scientific_name": "Lagarostrobos franklinii", "collection_method": "desktop", "created_at": null, "created_by": "jayne.balmer", "coord_wgs84": "145.98730052254513, -43.01050368391242", "modified_at": "2026-02-05T02:07:19.825Z", "modified_by": "peter.jackson" }, "geometry": { "type": "Point", "coordinates": [ 417470.290597465529572, 5237521.243841535411775 ] } },
{ "type": "Feature", "properties": { "fid": 349, "common_name": null, "scientific_name": "Eucalyptus nitida", "collection_method": "desktop", "created_at": null, "created_by": "jayne.balmer", "coord_wgs84": "145.98706564508015, -43.013866053912736", "modified_at": "2026-02-05T02:07:19.827Z", "modified_by": "peter.jackson" }, "geometry": { "type": "Point", "coordinates": [ 417455.652666033944115, 5237147.622588071040809 ] } },
{ "type": "Feature", "properties": { "fid": 350, "common_name": null, "scientific_name": "Eucalyptus nitida", "collection_method": "desktop", "created_at": null, "created_by": "jayne.balmer", "coord_wgs84": "145.9871041226869, -43.01382811606568", "modified_at": "2026-02-05T02:07:19.827Z", "modified_by": "peter.jackson" }, "geometry": { "type": "Point", "coordinates": [ 417458.737428946013097, 5237151.873397443443537 ] } },
{ "type": "Feature", "properties": { "fid": 353, "common_name": null, "scientific_name": "Eucalyptus nitida", "collection_method": "desktop", "created_at": null, "created_by": "jayne.balmer", "coord_wgs84": "145.98661881671842, -43.0140333433264", "modified_at": "2026-02-05T02:07:19.829Z", "modified_by": "peter.jackson" }, "geometry": { "type": "Point", "coordinates": [ 417419.464379392156843, 5237128.605846514925361 ] } },
{ "type": "Feature", "properties": { "fid": 354, "common_name": null, "scientific_name": "Eucalyptus nitida", "collection_method": "desktop", "created_at": null, "created_by": "jayne.balmer", "coord_wgs84": "145.98673337566228, -43.01394935678257", "modified_at": "2026-02-05T02:07:19.831Z", "modified_by": "peter.jackson" }, "geometry": { "type": "Point", "coordinates": [ 417428.687337829091121, 5237138.045179343782365 ] } },
{ "type": "Feature", "properties": { "fid": 357, "common_name": null, "scientific_name": "Eucalyptus nitida", "collection_method": "desktop", "created_at": null, "created_by": "jayne.balmer", "coord_wgs84": "145.98667726702342, -43.01397680252173", "modified_at": "2026-02-05T02:07:19.831Z", "modified_by": "peter.jackson" }, "geometry": { "type": "Point", "coordinates": [ 417424.151774661033414, 5237134.942166498862207 ] } },
{ "type": "Feature", "properties": { "fid": 361, "common_name": null, "scientific_name": "Eucalyptus nitida", "collection_method": "desktop", "created_at": null, "created_by": "jayne.balmer", "coord_wgs84": "145.98745172801205, -43.01384100006449", "modified_at": "2026-02-05T02:07:19.831Z", "modified_by": "peter.jackson" }, "geometry": { "type": "Point", "coordinates": [ 417487.081376730580814, 5237150.784221639856696 ] } },
{ "type": "Feature", "properties": { "fid": 367, "common_name": null, "scientific_name": "Eucalyptus nitida", "collection_method": "desktop", "created_at": null, "created_by": "jayne.balmer", "coord_wgs84": "145.9872702731767, -43.013855469146975", "modified_at": "2026-02-05T02:07:19.831Z", "modified_by": "peter.jackson" }, "geometry": { "type": "Point", "coordinates": [ 417472.313824511889834, 5237148.999132909812033 ] } },
{ "type": "Feature", "properties": { "fid": 368, "common_name": null, "scientific_name": "Eucalyptus nitida", "collection_method": "desktop", "created_at": null, "created_by": "jayne.balmer", "coord_wgs84": "145.98750193492688, -43.01396063189935", "modified_at": "2026-02-05T02:07:19.831Z", "modified_by": "peter.jackson" }, "geometry": { "type": "Point", "coordinates": [ 417491.332955144229345, 5237137.548458288423717 ] } },
{ "type": "Feature", "properties": { "fid": 369, "common_name": null, "scientific_name": "Eucalyptus nitida", "collection_method": "desktop", "created_at": null, "created_by": "jayne.balmer", "coord_wgs84": "145.98729280764957, -43.013990477598384", "modified_at": "2026-02-05T02:07:19.838Z", "modified_by": "peter.jackson" }, "geometry": { "type": "Point", "coordinates": [ 417474.33097303903196, 5237134.028615261428058 ] } },
{ "type": "Feature", "properties": { "fid": 370, "common_name": null, "scientific_name": "Eucalyptus nitida", "collection_method": "desktop", "created_at": null, "created_by": "jayne.balmer", "coord_wgs84": "145.98722015356557, -43.0140347447965", "modified_at": "2026-02-05T02:07:19.838Z", "modified_by": "peter.jackson" }, "geometry": { "type": "Point", "coordinates": [ 417468.469620070012752, 5237129.041353221982718 ] } },
{ "type": "Feature", "properties": { "fid": 371, "common_name": null, "scientific_name": "Eucalyptus nitida", "collection_method": "desktop", "created_at": null, "created_by": "jayne.balmer", "coord_wgs84": "145.98739311471212, -43.01404691869433", "modified_at": "2026-02-05T02:07:19.838Z", "modified_by": "peter.jackson" }, "geometry": { "type": "Point", "coordinates": [ 417482.580646238231566, 5237127.859407400712371 ] } },
{ "type": "Feature", "properties": { "fid": 372, "common_name": null, "scientific_name": "Eucalyptus nitida", "collection_method": "desktop", "created_at": null, "created_by": "jayne.balmer", "coord_wgs84": "145.98699286752608, -43.01398171989166", "modified_at": "2026-02-05T02:07:19.838Z", "modified_by": "peter.jackson" }, "geometry": { "type": "Point", "coordinates": [ 417449.876892792875879, 5237134.706368051469326 ] } },
{ "type": "Feature", "properties": { "fid": 374, "common_name": null, "scientific_name": "Eucalyptus nitida", "collection_method": "desktop", "created_at": null, "created_by": "jayne.balmer", "coord_wgs84": "145.987051718442, -43.014024742864805", "modified_at": "2026-02-05T02:07:19.838Z", "modified_by": "peter.jackson" }, "geometry": { "type": "Point", "coordinates": [ 417454.730326377612073, 5237129.986522300168872 ] } },
{ "type": "Feature", "properties": { "fid": 375, "common_name": null, "scientific_name": "Eucalyptus nitida", "collection_method": "desktop", "created_at": null, "created_by": "jayne.balmer", "coord_wgs84": "145.9863003761599, -43.013981812012354", "modified_at": "2026-02-05T02:07:19.838Z", "modified_by": "peter.jackson" }, "geometry": { "type": "Point", "coordinates": [ 417393.44535881630145, 5237134.01520630158484 ] } },
{ "type": "Feature", "properties": { "fid": 376, "common_name": null, "scientific_name": "Eucalyptus nitida", "collection_method": "desktop", "created_at": null, "created_by": "jayne.balmer", "coord_wgs84": "145.98635253296663, -43.01397886421064", "modified_at": "2026-02-05T02:07:19.847Z", "modified_by": "peter.jackson" }, "geometry": { "type": "Point", "coordinates": [ 417397.691706249141134, 5237134.393861486576498 ] } },
{ "type": "Feature", "properties": { "fid": 377, "common_name": null, "scientific_name": "Eucalyptus nitida", "collection_method": "desktop", "created_at": null, "created_by": "jayne.balmer", "coord_wgs84": "145.98638222621565, -43.01403003032003", "modified_at": "2026-02-05T02:07:19.848Z", "modified_by": "peter.jackson" }, "geometry": { "type": "Point", "coordinates": [ 417400.180011751246639, 5237128.741080509498715 ] } },
{ "type": "Feature", "properties": { "fid": 378, "common_name": null, "scientific_name": "Eucalyptus nitida", "collection_method": "desktop", "created_at": null, "created_by": "jayne.balmer", "coord_wgs84": "145.98607074937883, -43.014019233823845", "modified_at": "2026-02-05T02:07:19.850Z", "modified_by": "peter.jackson" }, "geometry": { "type": "Point", "coordinates": [ 417374.783067550917622, 5237129.633624874986708 ] } },
{ "type": "Feature", "properties": { "fid": 380, "common_name": null, "scientific_name": "Eucalyptus nitida", "collection_method": "desktop", "created_at": null, "created_by": "jayne.balmer", "coord_wgs84": "145.98620860803553, -43.013890883562524", "modified_at": "2026-02-05T02:07:19.850Z", "modified_by": "peter.jackson" }, "geometry": { "type": "Point", "coordinates": [ 417385.84520831546979, 5237144.02252190746367 ] } },
{ "type": "Feature", "properties": { "fid": 382, "common_name": null, "scientific_name": "Eucalyptus nitida", "collection_method": "desktop", "created_at": null, "created_by": "jayne.balmer", "coord_wgs84": "145.9850201809836, -43.01588428842061", "modified_at": "2026-02-05T02:07:19.852Z", "modified_by": "peter.jackson" }, "geometry": { "type": "Point", "coordinates": [ 417291.674681247328408, 5236921.485476561821997 ] } },
{ "type": "Feature", "properties": { "fid": 383, "common_name": null, "scientific_name": "Eucalyptus nitida", "collection_method": "desktop", "created_at": null, "created_by": "jayne.balmer", "coord_wgs84": "145.98496876315167, -43.01598930879212", "modified_at": "2026-02-05T02:07:19.852Z", "modified_by": "peter.jackson" }, "geometry": { "type": "Point", "coordinates": [ 417287.625695108901709, 5236909.772338090464473 ] } },
{ "type": "Feature", "properties": { "fid": 384, "common_name": null, "scientific_name": "Eucalyptus nitida", "collection_method": "desktop", "created_at": null, "created_by": "jayne.balmer", "coord_wgs84": "145.9848587342308, -43.01598963503138", "modified_at": "2026-02-05T02:07:19.854Z", "modified_by": "peter.jackson" }, "geometry": { "type": "Point", "coordinates": [ 417278.660082945192698, 5236909.627731442451477 ] } },
{ "type": "Feature", "properties": { "fid": 385, "common_name": null, "scientific_name": "Eucalyptus nitida", "collection_method": "desktop", "created_at": null, "created_by": "jayne.balmer", "coord_wgs84": "145.98471590095653, -43.01614507160655", "modified_at": "2026-02-05T02:07:19.856Z", "modified_by": "peter.jackson" }, "geometry": { "type": "Point", "coordinates": [ 417267.22955490113236, 5236892.225815527141094 ] } },
{ "type": "Feature", "properties": { "fid": 386, "common_name": null, "scientific_name": "Eucalyptus nitida", "collection_method": "desktop", "created_at": null, "created_by": "jayne.balmer", "coord_wgs84": "145.9853140217682, -43.01596502475862", "modified_at": "2026-02-05T02:07:19.856Z", "modified_by": "peter.jackson" }, "geometry": { "type": "Point", "coordinates": [ 417315.7275869983132, 5236912.80907769408077 ] } },
{ "type": "Feature", "properties": { "fid": 387, "common_name": null, "scientific_name": "Eucalyptus nitida", "collection_method": "desktop", "created_at": null, "created_by": "jayne.balmer", "coord_wgs84": "145.98436322267963, -43.015929134128065", "modified_at": "2026-02-05T02:07:19.859Z", "modified_by": "peter.jackson" }, "geometry": { "type": "Point", "coordinates": [ 417238.200521447695792, 5236915.858126131817698 ] } },
{ "type": "Feature", "properties": { "fid": 388, "common_name": null, "scientific_name": "Eucalyptus nitida", "collection_method": "desktop", "created_at": null, "created_by": "jayne.balmer", "coord_wgs84": "145.98516697996723, -43.01576609595679", "modified_at": "2026-02-05T02:07:19.861Z", "modified_by": "peter.jackson" }, "geometry": { "type": "Point", "coordinates": [ 417303.478462586353999, 5236934.755301813594997 ] } },
{ "type": "Feature", "properties": { "fid": 389, "common_name": null, "scientific_name": "Eucalyptus nitida", "collection_method": "desktop", "created_at": null, "created_by": "jayne.balmer", "coord_wgs84": "145.98513474108572, -43.01589615586773", "modified_at": "2026-02-05T02:07:19.861Z", "modified_by": "peter.jackson" }, "geometry": { "type": "Point", "coordinates": [ 417301.025911138625816, 5236920.280421162955463 ] } },
{ "type": "Feature", "properties": { "fid": 390, "common_name": null, "scientific_name": "Eucalyptus nitida", "collection_method": "desktop", "created_at": null, "created_by": "jayne.balmer", "coord_wgs84": "145.98498489016833, -43.015416655681015", "modified_at": "2026-02-05T02:07:19.863Z", "modified_by": "peter.jackson" }, "geometry": { "type": "Point", "coordinates": [ 417288.171227613056544, 5236973.381260310299695 ] } },
{ "type": "Feature", "properties": { "fid": 391, "common_name": null, "scientific_name": "Eucalyptus nitida", "collection_method": "desktop", "created_at": null, "created_by": "jayne.balmer", "coord_wgs84": "145.98514229653034, -43.01545595069637", "modified_at": "2026-02-05T02:07:19.863Z", "modified_by": "peter.jackson" }, "geometry": { "type": "Point", "coordinates": [ 417301.050829797342885, 5236969.172576440498233 ] } },
{ "type": "Feature", "properties": { "fid": 392, "common_name": null, "scientific_name": "Eucalyptus nitida", "collection_method": "desktop", "created_at": null, "created_by": "jayne.balmer", "coord_wgs84": "145.9849047583327, -43.01556398180944", "modified_at": "2026-02-05T02:07:19.865Z", "modified_by": "peter.jackson" }, "geometry": { "type": "Point", "coordinates": [ 417281.839133381668944, 5236956.941790563054383 ] } },
{ "type": "Feature", "properties": { "fid": 393, "common_name": null, "scientific_name": "Eucalyptus nitida", "collection_method": "desktop", "created_at": null, "created_by": "jayne.balmer", "coord_wgs84": "145.98503962590155, -43.015493807512975", "modified_at": "2026-02-05T02:07:19.867Z", "modified_by": "peter.jackson" }, "geometry": { "type": "Point", "coordinates": [ 417292.735129997890908, 5236964.86747089959681 ] } },
{ "type": "Feature", "properties": { "fid": 394, "common_name": null, "scientific_name": "Eucalyptus nitida", "collection_method": "desktop", "created_at": null, "created_by": "jayne.balmer", "coord_wgs84": "145.98485554520488, -43.015536882911555", "modified_at": "2026-02-05T02:07:19.867Z", "modified_by": "peter.jackson" }, "geometry": { "type": "Point", "coordinates": [ 417277.792443058977369, 5236959.902642664499581 ] } },
{ "type": "Feature", "properties": { "fid": 395, "common_name": null, "scientific_name": "Eucalyptus nitida", "collection_method": "desktop", "created_at": null, "created_by": "jayne.balmer", "coord_wgs84": "145.9847073650229, -43.01555510107607", "modified_at": "2026-02-05T02:07:19.869Z", "modified_by": "peter.jackson" }, "geometry": { "type": "Point", "coordinates": [ 417265.741889075026847, 5236957.733542941510677 ] } },
{ "type": "Feature", "properties": { "fid": 396, "common_name": null, "scientific_name": "Eucalyptus nitida", "collection_method": "desktop", "created_at": null, "created_by": "jayne.balmer", "coord_wgs84": "145.98508211068835, -43.01560790782782", "modified_at": "2026-02-05T02:07:19.869Z", "modified_by": "peter.jackson" }, "geometry": { "type": "Point", "coordinates": [ 417296.350296192977112, 5236952.238490324467421 ] } },
{ "type": "Feature", "properties": { "fid": 397, "common_name": null, "scientific_name": "Eucalyptus nitida", "collection_method": "desktop", "created_at": null, "created_by": "jayne.balmer", "coord_wgs84": "145.984654074403, -43.015662446729124", "modified_at": "2026-02-05T02:07:19.872Z", "modified_by": "peter.jackson" }, "geometry": { "type": "Point", "coordinates": [ 417261.543434368737508, 5236945.760322166606784 ] } },
{ "type": "Feature", "properties": { "fid": 398, "common_name": null, "scientific_name": "Lagarostrobos franklinii", "collection_method": "desktop", "created_at": null, "created_by": "jayne.balmer", "coord_wgs84": "145.98366637281833, -43.0155141747134", "modified_at": "2026-02-05T02:07:19.872Z", "modified_by": "peter.jackson" }, "geometry": { "type": "Point", "coordinates": [ 417180.857786815671716, 5236961.25230470392853 ] } },
{ "type": "Feature", "properties": { "fid": 399, "common_name": null, "scientific_name": "Lagarostrobos franklinii", "collection_method": "desktop", "created_at": null, "created_by": "jayne.balmer", "coord_wgs84": "145.9840137662245, -43.01529401341996", "modified_at": "2026-02-05T02:07:19.874Z", "modified_by": "peter.jackson" }, "geometry": { "type": "Point", "coordinates": [ 417208.870655474485829, 5236986.043723133392632 ] } },
{ "type": "Feature", "properties": { "fid": 400, "common_name": null, "scientific_name": "Lagarostrobos franklinii", "collection_method": "desktop", "created_at": null, "created_by": "jayne.balmer", "coord_wgs84": "145.9839754223249, -43.01526275843454", "modified_at": "2026-02-05T02:07:19.876Z", "modified_by": "peter.jackson" }, "geometry": { "type": "Point", "coordinates": [ 417205.704055252252147, 5236989.476781535893679 ] } },
{ "type": "Feature", "properties": { "fid": 401, "common_name": null, "scientific_name": "Lagarostrobos franklinii", "collection_method": "desktop", "created_at": null, "created_by": "jayne.balmer", "coord_wgs84": "145.98399847182876, -43.01449404567044", "modified_at": "2026-02-05T02:07:19.876Z", "modified_by": "peter.jackson" }, "geometry": { "type": "Point", "coordinates": [ 417206.54956790828146, 5237074.864927656017244 ] } },
{ "type": "Feature", "properties": { "fid": 402, "common_name": null, "scientific_name": "Lagarostrobos franklinii", "collection_method": "desktop", "created_at": null, "created_by": "jayne.balmer", "coord_wgs84": "145.98426737756907, -43.01455746380218", "modified_at": "2026-02-05T02:07:19.879Z", "modified_by": "peter.jackson" }, "geometry": { "type": "Point", "coordinates": [ 417228.547903356258757, 5237068.087428720667958 ] } },
{ "type": "Feature", "properties": { "fid": 403, "common_name": null, "scientific_name": "Lagarostrobos franklinii", "collection_method": "desktop", "created_at": null, "created_by": "jayne.balmer", "coord_wgs84": "145.9842252671172, -43.01459764911522", "modified_at": "2026-02-05T02:07:19.879Z", "modified_by": "peter.jackson" }, "geometry": { "type": "Point", "coordinates": [ 417225.170298775599804, 5237063.583351112902164 ] } },
{ "type": "Feature", "properties": { "fid": 404, "common_name": null, "scientific_name": "Lagarostrobos franklinii", "collection_method": "desktop", "created_at": null, "created_by": "jayne.balmer", "coord_wgs84": "145.9837590839057, -43.01456054486992", "modified_at": "2026-02-05T02:07:19.881Z", "modified_by": "peter.jackson" }, "geometry": { "type": "Point", "coordinates": [ 417187.13118433317868, 5237067.24416799005121 ] } },
{ "type": "Feature", "properties": { "fid": 405, "common_name": null, "scientific_name": "Lagarostrobos franklinii", "collection_method": "desktop", "created_at": null, "created_by": "jayne.balmer", "coord_wgs84": "145.9847364355949, -43.01432914133376", "modified_at": "2026-02-05T02:07:19.881Z", "modified_by": "peter.jackson" }, "geometry": { "type": "Point", "coordinates": [ 417266.46492231398588, 5237093.904802949167788 ] } },
{ "type": "Feature", "properties": { "fid": 406, "common_name": null, "scientific_name": "Lagarostrobos franklinii", "collection_method": "desktop", "created_at": null, "created_by": "jayne.balmer", "coord_wgs84": "145.9854894101436, -43.01288106128035", "modified_at": "2026-02-05T02:07:19.883Z", "modified_by": "peter.jackson" }, "geometry": { "type": "Point", "coordinates": [ 417325.882455075916369, 5237255.455333518795669 ] } },
{ "type": "Feature", "properties": { "fid": 407, "common_name": null, "scientific_name": "Lagarostrobos franklinii", "collection_method": "desktop", "created_at": null, "created_by": "jayne.balmer", "coord_wgs84": "145.98574738290847, -43.0126927932112", "modified_at": "2026-02-05T02:07:19.885Z", "modified_by": "peter.jackson" }, "geometry": { "type": "Point", "coordinates": [ 417346.652737558120862, 5237276.616385608911514 ] } },
{ "type": "Feature", "properties": { "fid": 408, "common_name": null, "scientific_name": "Lagarostrobos franklinii", "collection_method": "desktop", "created_at": null, "created_by": "jayne.balmer", "coord_wgs84": "145.98560703353752, -43.01242502177003", "modified_at": "2026-02-05T02:07:19.885Z", "modified_by": "peter.jackson" }, "geometry": { "type": "Point", "coordinates": [ 417334.85615203413181, 5237306.214207708835602 ] } },
{ "type": "Feature", "properties": { "fid": 409, "common_name": null, "scientific_name": "Lagarostrobos franklinii", "collection_method": "desktop", "created_at": null, "created_by": "jayne.balmer", "coord_wgs84": "145.9862366839953, -43.011953909155245", "modified_at": "2026-02-05T02:07:19.887Z", "modified_by": "peter.jackson" }, "geometry": { "type": "Point", "coordinates": [ 417385.536636477103457, 5237359.150737413205206 ] } },
{ "type": "Feature", "properties": { "fid": 410, "common_name": null, "scientific_name": "Lagarostrobos franklinii", "collection_method": "desktop", "created_at": null, "created_by": "jayne.balmer", "coord_wgs84": "145.98750576034058, -43.01167787052702", "modified_at": "2026-02-05T02:07:19.889Z", "modified_by": "peter.jackson" }, "geometry": { "type": "Point", "coordinates": [ 417488.588495643925853, 5237391.052370875142515 ] } },
{ "type": "Feature", "properties": { "fid": 411, "common_name": null, "scientific_name": "Lagarostrobos franklinii", "collection_method": "desktop", "created_at": null, "created_by": "jayne.balmer", "coord_wgs84": "145.98853465591873, -43.01120408201784", "modified_at": "2026-02-05T02:07:19.889Z", "modified_by": "peter.jackson" }, "geometry": { "type": "Point", "coordinates": [ 417571.803471318271477, 5237444.676811326295137 ] } },
{ "type": "Feature", "properties": { "fid": 412, "common_name": null, "scientific_name": "Lagarostrobos franklinii", "collection_method": "desktop", "created_at": null, "created_by": "jayne.balmer", "coord_wgs84": "145.9884294839418, -43.011091032013994", "modified_at": "2026-02-05T02:07:19.892Z", "modified_by": "peter.jackson" }, "geometry": { "type": "Point", "coordinates": [ 417563.081329309788998, 5237457.12775756418705 ] } },
{ "type": "Feature", "properties": { "fid": 413, "common_name": null, "scientific_name": "Lagarostrobos franklinii", "collection_method": "desktop", "created_at": null, "created_by": "jayne.balmer", "coord_wgs84": "145.98815069338767, -43.01133463564765", "modified_at": "2026-02-05T02:07:19.894Z", "modified_by": "peter.jackson" }, "geometry": { "type": "Point", "coordinates": [ 417540.687328761152457, 5237429.80194465816021 ] } },
{ "type": "Feature", "properties": { "fid": 414, "common_name": null, "scientific_name": "Eucalyptus nitida", "collection_method": "desktop", "created_at": null, "created_by": "jayne.balmer", "coord_wgs84": "145.9897386274944, -43.01170141851281", "modified_at": "2026-02-05T02:07:19.894Z", "modified_by": "peter.jackson" }, "geometry": { "type": "Point", "coordinates": [ 417670.584820399875753, 5237390.628673314116895 ] } },
{ "type": "Feature", "properties": { "fid": 415, "common_name": null, "scientific_name": "Eucalyptus nitida", "collection_method": "desktop", "created_at": null, "created_by": "jayne.balmer", "coord_wgs84": "145.98967103036335, -43.01168939288297", "modified_at": "2026-02-05T02:07:19.896Z", "modified_by": "peter.jackson" }, "geometry": { "type": "Point", "coordinates": [ 417665.060009050648659, 5237391.897848844528198 ] } },
{ "type": "Feature", "properties": { "fid": 416, "common_name": null, "scientific_name": "Eucalyptus nitida", "collection_method": "desktop", "created_at": null, "created_by": "jayne.balmer", "coord_wgs84": "145.98978359314518, -43.01167266961992", "modified_at": "2026-02-05T02:07:19.896Z", "modified_by": "peter.jackson" }, "geometry": { "type": "Point", "coordinates": [ 417674.210839428356849, 5237393.865309722721577 ] } },
{ "type": "Feature", "properties": { "fid": 417, "common_name": null, "scientific_name": "Eucalyptus nitida", "collection_method": "desktop", "created_at": null, "created_by": "jayne.balmer", "coord_wgs84": "145.98983359728663, -43.011506037469076", "modified_at": "2026-02-05T02:07:19.898Z", "modified_by": "peter.jackson" }, "geometry": { "type": "Point", "coordinates": [ 417678.063296592619736, 5237412.418784737586975 ] } },
{ "type": "Feature", "properties": { "fid": 418, "common_name": null, "scientific_name": "Eucalyptus nitida", "collection_method": "desktop", "created_at": null, "created_by": "jayne.balmer", "coord_wgs84": "145.9898465734761, -43.01152524779626", "modified_at": "2026-02-05T02:07:19.900Z", "modified_by": "peter.jackson" }, "geometry": { "type": "Point", "coordinates": [ 417679.146437701536343, 5237410.298201945610344 ] } },
{ "type": "Feature", "properties": { "fid": 419, "common_name": null, "scientific_name": "Eucalyptus nitida", "collection_method": "desktop", "created_at": null, "created_by": "jayne.balmer", "coord_wgs84": "145.98986126393683, -43.01156298714487", "modified_at": "2026-02-05T02:07:19.902Z", "modified_by": "peter.jackson" }, "geometry": { "type": "Point", "coordinates": [ 417680.394029590592254, 5237406.121656027622521 ] } },
{ "type": "Feature", "properties": { "fid": 420, "common_name": null, "scientific_name": "Eucalyptus nitida", "collection_method": "desktop", "created_at": null, "created_by": "jayne.balmer", "coord_wgs84": "145.99086434899024, -43.01134828898847", "modified_at": "2026-02-05T02:07:19.902Z", "modified_by": "peter.jackson" }, "geometry": { "type": "Point", "coordinates": [ 417761.852929201093502, 5237430.946549284271896 ] } },
{ "type": "Feature", "properties": { "fid": 421, "common_name": null, "scientific_name": "Eucalyptus nitida", "collection_method": "desktop", "created_at": null, "created_by": "jayne.balmer", "coord_wgs84": "145.99077975708155, -43.01127690187403", "modified_at": "2026-02-05T02:07:19.904Z", "modified_by": "peter.jackson" }, "geometry": { "type": "Point", "coordinates": [ 417754.863912760163657, 5237438.791233747266233 ] } },
{ "type": "Feature", "properties": { "fid": 422, "common_name": null, "scientific_name": "Eucalyptus nitida", "collection_method": "desktop", "created_at": null, "created_by": "jayne.balmer", "coord_wgs84": "145.99070541382352, -43.01131622660349", "modified_at": "2026-02-05T02:07:19.906Z", "modified_by": "peter.jackson" }, "geometry": { "type": "Point", "coordinates": [ 417748.857838325493503, 5237434.351426295004785 ] } },
{ "type": "Feature", "properties": { "fid": 423, "common_name": null, "scientific_name": "Eucalyptus nitida", "collection_method": "desktop", "created_at": null, "created_by": "jayne.balmer", "coord_wgs84": "145.99062274562192, -43.01127035739506", "modified_at": "2026-02-05T02:07:19.906Z", "modified_by": "peter.jackson" }, "geometry": { "type": "Point", "coordinates": [ 417742.0596322111669, 5237439.364224890246987 ] } },
{ "type": "Feature", "properties": { "fid": 424, "common_name": null, "scientific_name": "Eucalyptus nitida", "collection_method": "desktop", "created_at": null, "created_by": "jayne.balmer", "coord_wgs84": "145.99144937028225, -43.011696459917395", "modified_at": "2026-02-05T02:07:19.908Z", "modified_by": "peter.jackson" }, "geometry": { "type": "Point", "coordinates": [ 417809.993109183269553, 5237392.854946150444448 ] } },
{ "type": "Feature", "properties": { "fid": 425, "common_name": null, "scientific_name": "Eucalyptus nitida", "collection_method": "desktop", "created_at": null, "created_by": "jayne.balmer", "coord_wgs84": "145.99105800889905, -43.0115758142209", "modified_at": "2026-02-05T02:07:19.910Z", "modified_by": "peter.jackson" }, "geometry": { "type": "Point", "coordinates": [ 417777.938635587284807, 5237405.869544452056289 ] } },
{ "type": "Feature", "properties": { "fid": 426, "common_name": null, "scientific_name": "Eucalyptus nitida", "collection_method": "desktop", "created_at": null, "created_by": "jayne.balmer", "coord_wgs84": "145.9911805534651, -43.01165687185275", "modified_at": "2026-02-05T02:07:19.911Z", "modified_by": "peter.jackson" }, "geometry": { "type": "Point", "coordinates": [ 417788.033400867716409, 5237396.988080888986588 ] } },
{ "type": "Feature", "properties": { "fid": 427, "common_name": null, "scientific_name": "Eucalyptus nitida", "collection_method": "desktop", "created_at": null, "created_by": "jayne.balmer", "coord_wgs84": "145.99163359197118, -43.011029197292146", "modified_at": "2026-02-05T02:07:19.911Z", "modified_by": "peter.jackson" }, "geometry": { "type": "Point", "coordinates": [ 417824.116358451894484, 5237467.134560905396938 ] } },
{ "type": "Feature", "properties": { "fid": 428, "common_name": null, "scientific_name": "Eucalyptus nitida", "collection_method": "desktop", "created_at": null, "created_by": "jayne.balmer", "coord_wgs84": "145.9918076444134, -43.01123647503007", "modified_at": "2026-02-05T02:07:19.913Z", "modified_by": "peter.jackson" }, "geometry": { "type": "Point", "coordinates": [ 417838.577023232006468, 5237444.286710551939905 ] } },
{ "type": "Feature", "properties": { "fid": 429, "common_name": null, "scientific_name": "Eucalyptus nitida", "collection_method": "desktop", "created_at": null, "created_by": "jayne.balmer", "coord_wgs84": "145.99149847038976, -43.01114905350787", "modified_at": "2026-02-05T02:07:19.915Z", "modified_by": "peter.jackson" }, "geometry": { "type": "Point", "coordinates": [ 417813.264496896765195, 5237453.69233937561512 ] } },
{ "type": "Feature", "properties": { "fid": 430, "common_name": null, "scientific_name": "Eucalyptus nitida", "collection_method": "desktop", "created_at": null, "created_by": "jayne.balmer", "coord_wgs84": "145.99193422438626, -43.011127772963775", "modified_at": "2026-02-05T02:07:19.915Z", "modified_by": "peter.jackson" }, "geometry": { "type": "Point", "coordinates": [ 417848.747690794058144, 5237456.48187118396163 ] } },
{ "type": "Feature", "properties": { "fid": 431, "common_name": null, "scientific_name": "Eucalyptus nitida", "collection_method": "desktop", "created_at": null, "created_by": "jayne.balmer", "coord_wgs84": "145.99183923121865, -43.01136653713314", "modified_at": "2026-02-05T02:07:19.915Z", "modified_by": "peter.jackson" }, "geometry": { "type": "Point", "coordinates": [ 417841.324549540353473, 5237429.874247988685966 ] } },
{ "type": "Feature", "properties": { "fid": 432, "common_name": null, "scientific_name": "Eucalyptus nitida", "collection_method": "desktop", "created_at": null, "created_by": "jayne.balmer", "coord_wgs84": "145.99203330442958, -43.01183871375809", "modified_at": "2026-02-05T02:07:19.921Z", "modified_by": "peter.jackson" }, "geometry": { "type": "Point", "coordinates": [ 417857.769710475637112, 5237377.628988447599113 ] } },
{ "type": "Feature", "properties": { "fid": 433, "common_name": null, "scientific_name": "Eucalyptus nitida", "collection_method": "desktop", "created_at": null, "created_by": "jayne.balmer", "coord_wgs84": "145.99215800837484, -43.01218689809228", "modified_at": "2026-02-05T02:07:19.921Z", "modified_by": "peter.jackson" }, "geometry": { "type": "Point", "coordinates": [ 417868.396288748364896, 5237339.085165175609291 ] } },
{ "type": "Feature", "properties": { "fid": 434, "common_name": null, "scientific_name": "Eucalyptus nitida", "collection_method": "desktop", "created_at": null, "created_by": "jayne.balmer", "coord_wgs84": "145.9922830179486, -43.01269841630339", "modified_at": "2026-02-05T02:07:19.921Z", "modified_by": "peter.jackson" }, "geometry": { "type": "Point", "coordinates": [ 417879.265302704705391, 5237282.403434578329325 ] } },
{ "type": "Feature", "properties": { "fid": 435, "common_name": null, "scientific_name": "Eucalyptus nitida", "collection_method": "desktop", "created_at": null, "created_by": "jayne.balmer", "coord_wgs84": "145.992687507559, -43.012814518102424", "modified_at": "2026-02-05T02:07:19.921Z", "modified_by": "peter.jackson" }, "geometry": { "type": "Point", "coordinates": [ 417912.382799466024153, 5237269.905800755135715 ] } },
{ "type": "Feature", "properties": { "fid": 436, "common_name": null, "scientific_name": "Eucalyptus nitida", "collection_method": "desktop", "created_at": null, "created_by": "jayne.balmer", "coord_wgs84": "145.99260156935614, -43.012674126912266", "modified_at": "2026-02-05T02:07:19.926Z", "modified_by": "peter.jackson" }, "geometry": { "type": "Point", "coordinates": [ 417905.192485652631149, 5237285.412206839770079 ] } },
{ "type": "Feature", "properties": { "fid": 437, "common_name": null, "scientific_name": "Eucalyptus nitida", "collection_method": "desktop", "created_at": null, "created_by": "jayne.balmer", "coord_wgs84": "145.9932669175583, -43.01242562283256", "modified_at": "2026-02-05T02:07:19.926Z", "modified_by": "peter.jackson" }, "geometry": { "type": "Point", "coordinates": [ 417959.082563066622242, 5237313.658705376088619 ] } },
{ "type": "Feature", "properties": { "fid": 438, "common_name": null, "scientific_name": "Eucalyptus nitida", "collection_method": "desktop", "created_at": null, "created_by": "jayne.balmer", "coord_wgs84": "145.99355775528485, -43.0124303026066", "modified_at": "2026-02-05T02:07:19.926Z", "modified_by": "peter.jackson" }, "geometry": { "type": "Point", "coordinates": [ 417982.789977446489502, 5237313.423089510761201 ] } },
{ "type": "Feature", "properties": { "fid": 439, "common_name": null, "scientific_name": "Eucalyptus nitida", "collection_method": "desktop", "created_at": null, "created_by": "jayne.balmer", "coord_wgs84": "145.99402470939555, -43.01237998781696", "modified_at": "2026-02-05T02:07:19.929Z", "modified_by": "peter.jackson" }, "geometry": { "type": "Point", "coordinates": [ 418020.776453716855031, 5237319.466454345732927 ] } },
{ "type": "Feature", "properties": { "fid": 440, "common_name": null, "scientific_name": "Eucalyptus nitida", "collection_method": "desktop", "created_at": null, "created_by": "jayne.balmer", "coord_wgs84": "145.99361331276947, -43.01271855629872", "modified_at": "2026-02-05T02:07:19.931Z", "modified_by": "peter.jackson" }, "geometry": { "type": "Point", "coordinates": [ 417987.701101360609755, 5237281.466840967535973 ] } },
{ "type": "Feature", "properties": { "fid": 441, "common_name": null, "scientific_name": "Eucalyptus nitida", "collection_method": "desktop", "created_at": null, "created_by": "jayne.balmer", "coord_wgs84": "145.9934002396054, -43.01259272636619", "modified_at": "2026-02-05T02:07:19.933Z", "modified_by": "peter.jackson" }, "geometry": { "type": "Point", "coordinates": [ 417970.16976938478183, 5237295.232128404080868 ] } },
{ "type": "Feature", "properties": { "fid": 442, "common_name": null, "scientific_name": "Eucalyptus nitida", "collection_method": "desktop", "created_at": null, "created_by": "jayne.balmer", "coord_wgs84": "145.98883139791397, -43.01831546060876", "modified_at": "2026-02-05T02:07:19.933Z", "modified_by": "peter.jackson" }, "geometry": { "type": "Point", "coordinates": [ 417605.49499672523234, 5236655.250727090984583 ] } },
{ "type": "Feature", "properties": { "fid": 443, "common_name": null, "scientific_name": "Eucalyptus nitida", "collection_method": "desktop", "created_at": null, "created_by": "jayne.balmer", "coord_wgs84": "145.98876820809832, -43.018220333400684", "modified_at": "2026-02-05T02:07:19.933Z", "modified_by": "peter.jackson" }, "geometry": { "type": "Point", "coordinates": [ 417600.218760195479263, 5236665.752588748000562 ] } },
{ "type": "Feature", "properties": { "fid": 444, "common_name": null, "scientific_name": "Eucalyptus nitida", "collection_method": "desktop", "created_at": null, "created_by": "jayne.balmer", "coord_wgs84": "145.9886401330474, -43.01811144658819", "modified_at": "2026-02-05T02:07:19.933Z", "modified_by": "peter.jackson" }, "geometry": { "type": "Point", "coordinates": [ 417589.636913014517631, 5236677.718773619271815 ] } },
{ "type": "Feature", "properties": { "fid": 445, "common_name": null, "scientific_name": "Eucalyptus nitida", "collection_method": "desktop", "created_at": null, "created_by": "jayne.balmer", "coord_wgs84": "145.9883753512582, -43.018158417093", "modified_at": "2026-02-05T02:07:19.933Z", "modified_by": "peter.jackson" }, "geometry": { "type": "Point", "coordinates": [ 417568.123924362647813, 5236672.24281844496727 ] } },
{ "type": "Feature", "properties": { "fid": 446, "common_name": null, "scientific_name": "Eucalyptus nitida", "collection_method": "desktop", "created_at": null, "created_by": "jayne.balmer", "coord_wgs84": "145.98865360728672, -43.02260617348888", "modified_at": "2026-02-05T02:07:19.933Z", "modified_by": "peter.jackson" }, "geometry": { "type": "Point", "coordinates": [ 417596.746505892835557, 5236178.59292459115386 ] } },
{ "type": "Feature", "properties": { "fid": 447, "common_name": null, "scientific_name": "Eucalyptus nitida", "collection_method": "desktop", "created_at": null, "created_by": "jayne.balmer", "coord_wgs84": "145.98878598371698, -43.022758829785225", "modified_at": "2026-02-05T02:07:19.942Z", "modified_by": "peter.jackson" }, "geometry": { "type": "Point", "coordinates": [ 417607.73661112569971, 5236161.770351230166852 ] } },
{ "type": "Feature", "properties": { "fid": 448, "common_name": null, "scientific_name": "Eucalyptus nitida", "collection_method": "desktop", "created_at": null, "created_by": "jayne.balmer", "coord_wgs84": "145.98842532320776, -43.02271006619885", "modified_at": "2026-02-05T02:07:19.942Z", "modified_by": "peter.jackson" }, "geometry": { "type": "Point", "coordinates": [ 417578.285057190165389, 5236166.831583904102445 ] } },
{ "type": "Feature", "properties": { "fid": 449, "common_name": null, "scientific_name": "Eucalyptus nitida", "collection_method": "desktop", "created_at": null, "created_by": "jayne.balmer", "coord_wgs84": "145.98934646357333, -43.0243993863463", "modified_at": "2026-02-05T02:07:19.942Z", "modified_by": "peter.jackson" }, "geometry": { "type": "Point", "coordinates": [ 417655.596892303554341, 5235980.13639550562948 ] } },
{ "type": "Feature", "properties": { "fid": 450, "common_name": null, "scientific_name": "Eucalyptus nitida", "collection_method": "desktop", "created_at": null, "created_by": "jayne.balmer", "coord_wgs84": "145.98936975728216, -43.024501337335295", "modified_at": "2026-02-05T02:07:19.942Z", "modified_by": "peter.jackson" }, "geometry": { "type": "Point", "coordinates": [ 417657.63106566562783, 5235968.83758257701993 ] } },
{ "type": "Feature", "properties": { "fid": 451, "common_name": null, "scientific_name": "Eucalyptus nitida", "collection_method": "desktop", "created_at": null, "created_by": "jayne.balmer", "coord_wgs84": "145.98931409097398, -43.02430911689246", "modified_at": "2026-02-05T02:07:19.942Z", "modified_by": "peter.jackson" }, "geometry": { "type": "Point", "coordinates": [ 417652.83860589179676, 5235990.129069278948009 ] } },
{ "type": "Feature", "properties": { "fid": 452, "common_name": null, "scientific_name": "Eucalyptus nitida", "collection_method": "desktop", "created_at": null, "created_by": "jayne.balmer", "coord_wgs84": "145.98928841591862, -43.024249158186805", "modified_at": "2026-02-05T02:07:19.942Z", "modified_by": "peter.jackson" }, "geometry": { "type": "Point", "coordinates": [ 417650.666527026682161, 5235996.762302259914577 ] } },
{ "type": "Feature", "properties": { "fid": 453, "common_name": null, "scientific_name": "Eucalyptus nitida", "collection_method": "desktop", "created_at": null, "created_by": "jayne.balmer", "coord_wgs84": "145.98960076753582, -43.024439977551516", "modified_at": "2026-02-05T02:07:19.942Z", "modified_by": "peter.jackson" }, "geometry": { "type": "Point", "coordinates": [ 417676.371056974050589, 5235975.87810988817364 ] } },
{ "type": "Feature", "properties": { "fid": 454, "common_name": null, "scientific_name": "Eucalyptus nitida", "collection_method": "desktop", "created_at": null, "created_by": "jayne.balmer", "coord_wgs84": "145.98825438511213, -43.02482416752528", "modified_at": "2026-02-05T02:07:19.951Z", "modified_by": "peter.jackson" }, "geometry": { "type": "Point", "coordinates": [ 417567.186035654158331, 5235931.892850838601589 ] } },
{ "type": "Feature", "properties": { "fid": 455, "common_name": null, "scientific_name": "Eucalyptus nitida", "collection_method": "desktop", "created_at": null, "created_by": "jayne.balmer", "coord_wgs84": "145.9878100827755, -43.02485321447685", "modified_at": "2026-02-05T02:07:19.954Z", "modified_by": "peter.jackson" }, "geometry": { "type": "Point", "coordinates": [ 417531.024753234174568, 5235928.230886745266616 ] } },
{ "type": "Feature", "properties": { "fid": 456, "common_name": null, "scientific_name": "Eucalyptus nitida", "collection_method": "desktop", "created_at": null, "created_by": "jayne.balmer", "coord_wgs84": "145.9867039821317, -43.02492893799491", "modified_at": "2026-02-05T02:07:19.956Z", "modified_by": "peter.jackson" }, "geometry": { "type": "Point", "coordinates": [ 417441.005146210838575, 5235918.734778488054872 ] } },
{ "type": "Feature", "properties": { "fid": 457, "common_name": null, "scientific_name": "Eucalyptus nitida", "collection_method": "desktop", "created_at": null, "created_by": "jayne.balmer", "coord_wgs84": "145.9869580461909, -43.025200737691605", "modified_at": "2026-02-05T02:07:19.958Z", "modified_by": "peter.jackson" }, "geometry": { "type": "Point", "coordinates": [ 417462.069514573959168, 5235888.801202393136919 ] } },
{ "type": "Feature", "properties": { "fid": 458, "common_name": null, "scientific_name": "Eucalyptus nitida", "collection_method": "desktop", "created_at": null, "created_by": "jayne.balmer", "coord_wgs84": "145.98595823464794, -43.02572100024164", "modified_at": "2026-02-05T02:07:19.958Z", "modified_by": "peter.jackson" }, "geometry": { "type": "Point", "coordinates": [ 417381.30670177686261, 5235830.042701171711087 ] } },
{ "type": "Feature", "properties": { "fid": 459, "common_name": null, "scientific_name": "Eucalyptus nitida", "collection_method": "desktop", "created_at": null, "created_by": "jayne.balmer", "coord_wgs84": "145.98653711788018, -43.02547267829031", "modified_at": "2026-02-05T02:07:19.960Z", "modified_by": "peter.jackson" }, "geometry": { "type": "Point", "coordinates": [ 417428.138500129629392, 5235858.188321069814265 ] } },
{ "type": "Feature", "properties": { "fid": 460, "common_name": null, "scientific_name": "Eucalyptus nitida", "collection_method": "desktop", "created_at": null, "created_by": "jayne.balmer", "coord_wgs84": "145.9864753548001, -43.025524601556505", "modified_at": "2026-02-05T02:07:19.962Z", "modified_by": "peter.jackson" }, "geometry": { "type": "Point", "coordinates": [ 417423.175920777430292, 5235852.36149886995554 ] } },
{ "type": "Feature", "properties": { "fid": 461, "common_name": null, "scientific_name": "Eucalyptus nitida", "collection_method": "desktop", "created_at": null, "created_by": "jayne.balmer", "coord_wgs84": "145.98644668317434, -43.02560899959945", "modified_at": "2026-02-05T02:07:19.964Z", "modified_by": "peter.jackson" }, "geometry": { "type": "Point", "coordinates": [ 417420.953024382411968, 5235842.960895042866468 ] } },
{ "type": "Feature", "properties": { "fid": 462, "common_name": null, "scientific_name": "Eucalyptus nitida", "collection_method": "desktop", "created_at": null, "created_by": "jayne.balmer", "coord_wgs84": "145.98638439399767, -43.025685029502625", "modified_at": "2026-02-05T02:07:19.964Z", "modified_by": "peter.jackson" }, "geometry": { "type": "Point", "coordinates": [ 417415.979916582757141, 5235834.456507082097232 ] } },
{ "type": "Feature", "properties": { "fid": 463, "common_name": null, "scientific_name": "Eucalyptus nitida", "collection_method": "desktop", "created_at": null, "created_by": "jayne.balmer", "coord_wgs84": "145.98681105234505, -43.02608376388776", "modified_at": "2026-02-05T02:07:19.966Z", "modified_by": "peter.jackson" }, "geometry": { "type": "Point", "coordinates": [ 417451.276360315503553, 5235790.596609916538 ] } },
{ "type": "Feature", "properties": { "fid": 464, "common_name": null, "scientific_name": "Eucalyptus nitida", "collection_method": "desktop", "created_at": null, "created_by": "jayne.balmer", "coord_wgs84": "145.9861642275333, -43.027062329906045", "modified_at": "2026-02-05T02:07:19.968Z", "modified_by": "peter.jackson" }, "geometry": { "type": "Point", "coordinates": [ 417399.888656019291375, 5235681.290662802755833 ] } },
{ "type": "Feature", "properties": { "fid": 465, "common_name": null, "scientific_name": "Eucalyptus nitida", "collection_method": "desktop", "created_at": null, "created_by": "jayne.balmer", "coord_wgs84": "145.98694482911574, -43.02706392024989", "modified_at": "2026-02-05T02:07:19.968Z", "modified_by": "peter.jackson" }, "geometry": { "type": "Point", "coordinates": [ 417463.489107557630632, 5235681.881720774807036 ] } },
{ "type": "Feature", "properties": { "fid": 466, "common_name": null, "scientific_name": "Eucalyptus nitida", "collection_method": "desktop", "created_at": null, "created_by": "jayne.balmer", "coord_wgs84": "145.97392121922329, -43.05366729936337", "modified_at": "2026-02-05T02:07:19.970Z", "modified_by": "peter.jackson" }, "geometry": { "type": "Point", "coordinates": [ 416438.524041911587119, 5232714.682381420396268 ] } },
{ "type": "Feature", "properties": { "fid": 467, "common_name": null, "scientific_name": "Eucalyptus nitida", "collection_method": "desktop", "created_at": null, "created_by": "jayne.balmer", "coord_wgs84": "145.9738939696705, -43.05374060443283", "modified_at": "2026-02-05T02:07:19.970Z", "modified_by": "peter.jackson" }, "geometry": { "type": "Point", "coordinates": [ 416436.404423392436001, 5232706.514676193706691 ] } },
{ "type": "Feature", "properties": { "fid": 468, "common_name": null, "scientific_name": "Eucalyptus nitida", "collection_method": "desktop", "created_at": null, "created_by": "jayne.balmer", "coord_wgs84": "145.97384245863904, -43.053805792719224", "modified_at": "2026-02-05T02:07:19.973Z", "modified_by": "peter.jackson" }, "geometry": { "type": "Point", "coordinates": [ 416432.297979651251808, 5232699.224183605052531 ] } },
{ "type": "Feature", "properties": { "fid": 469, "common_name": null, "scientific_name": "Eucalyptus nitida", "collection_method": "desktop", "created_at": null, "created_by": "jayne.balmer", "coord_wgs84": "145.97396876369916, -43.05390089632788", "modified_at": "2026-02-05T02:07:19.975Z", "modified_by": "peter.jackson" }, "geometry": { "type": "Point", "coordinates": [ 416442.713153115531895, 5232688.788642667233944 ] } },
{ "type": "Feature", "properties": { "fid": 470, "common_name": null, "scientific_name": "Eucalyptus nitida", "collection_method": "desktop", "created_at": null, "created_by": "jayne.balmer", "coord_wgs84": "145.97362322719314, -43.0539394395317", "modified_at": "2026-02-05T02:07:19.975Z", "modified_by": "peter.jackson" }, "geometry": { "type": "Point", "coordinates": [ 416414.625709058018401, 5232684.164285131730139 ] } },
{ "type": "Feature", "properties": { "fid": 471, "common_name": null, "scientific_name": "Eucalyptus nitida", "collection_method": "desktop", "created_at": null, "created_by": "jayne.balmer", "coord_wgs84": "145.97348345502073, -43.053969465358676", "modified_at": "2026-02-05T02:07:19.977Z", "modified_by": "peter.jackson" }, "geometry": { "type": "Point", "coordinates": [ 416403.283740481710993, 5232680.690670389682055 ] } },
{ "type": "Feature", "properties": { "fid": 472, "common_name": null, "scientific_name": "Eucalyptus nitida", "collection_method": "desktop", "created_at": null, "created_by": "jayne.balmer", "coord_wgs84": "145.97419171463116, -43.0538768517666", "modified_at": "2026-02-05T02:07:19.979Z", "modified_by": "peter.jackson" }, "geometry": { "type": "Point", "coordinates": [ 416460.837186306656804, 5232691.680775622837245 ] } },
{ "type": "Feature", "properties": { "fid": 473, "common_name": null, "scientific_name": "Eucalyptus nitida", "collection_method": "desktop", "created_at": null, "created_by": "jayne.balmer", "coord_wgs84": "145.97339472957916, -43.054356281726086", "modified_at": "2026-02-05T02:07:19.979Z", "modified_by": "peter.jackson" }, "geometry": { "type": "Point", "coordinates": [ 416396.58363246684894, 5232637.646091559901834 ] } },
{ "type": "Feature", "properties": { "fid": 474, "common_name": null, "scientific_name": "Eucalyptus nitida", "collection_method": "desktop", "created_at": null, "created_by": "jayne.balmer", "coord_wgs84": "145.97372188243855, -43.054078388849454", "modified_at": "2026-02-05T02:07:19.981Z", "modified_by": "peter.jackson" }, "geometry": { "type": "Point", "coordinates": [ 416422.848694961867295, 5232668.832141336984932 ] } },
{ "type": "Feature", "properties": { "fid": 475, "common_name": null, "scientific_name": "Eucalyptus nitida", "collection_method": "desktop", "created_at": null, "created_by": "jayne.balmer", "coord_wgs84": "145.9734347642988, -43.054191699474956", "modified_at": "2026-02-05T02:07:19.983Z", "modified_by": "peter.jackson" }, "geometry": { "type": "Point", "coordinates": [ 416399.620372070698068, 5232655.962933614850044 ] } },
{ "type": "Feature", "properties": { "fid": 476, "common_name": null, "scientific_name": "Eucalyptus nitida", "collection_method": "desktop", "created_at": null, "created_by": "jayne.balmer", "coord_wgs84": "145.97399350310053, -43.0542609029754", "modified_at": "2026-02-05T02:07:19.983Z", "modified_by": "peter.jackson" }, "geometry": { "type": "Point", "coordinates": [ 416445.216676441312302, 5232648.834323667921126 ] } },
{ "type": "Feature", "properties": { "fid": 477, "common_name": null, "scientific_name": "Eucalyptus nitida", "collection_method": "desktop", "created_at": null, "created_by": "jayne.balmer", "coord_wgs84": "145.97444132785088, -43.05415171868195", "modified_at": "2026-02-05T02:07:19.985Z", "modified_by": "peter.jackson" }, "geometry": { "type": "Point", "coordinates": [ 416481.538225269468967, 5232661.405100109986961 ] } },
{ "type": "Feature", "properties": { "fid": 478, "common_name": null, "scientific_name": "Eucalyptus nitida", "collection_method": "desktop", "created_at": null, "created_by": "jayne.balmer", "coord_wgs84": "145.97420992355498, -43.05424032016794", "modified_at": "2026-02-05T02:07:19.987Z", "modified_by": "peter.jackson" }, "geometry": { "type": "Point", "coordinates": [ 416462.813477160001639, 5232651.335520885884762 ] } },
{ "type": "Feature", "properties": { "fid": 479, "common_name": null, "scientific_name": "Eucalyptus nitida", "collection_method": "desktop", "created_at": null, "created_by": "jayne.balmer", "coord_wgs84": "145.97204443855486, -43.05401688903744", "modified_at": "2026-02-05T02:07:19.989Z", "modified_by": "peter.jackson" }, "geometry": { "type": "Point", "coordinates": [ 416286.157787822245155, 5232673.989716960117221 ] } },
{ "type": "Feature", "properties": { "fid": 480, "common_name": null, "scientific_name": "Eucalyptus nitida", "collection_method": "desktop", "created_at": null, "created_by": "jayne.balmer", "coord_wgs84": "145.9720923706636, -43.053999900422596", "modified_at": "2026-02-05T02:07:19.989Z", "modified_by": "peter.jackson" }, "geometry": { "type": "Point", "coordinates": [ 416290.038165761507116, 5232675.924127670004964 ] } },
{ "type": "Feature", "properties": { "fid": 481, "common_name": null, "scientific_name": "Lagarostrobos franklinii", "collection_method": "desktop", "created_at": null, "created_by": "jayne.balmer", "coord_wgs84": "145.97712794237736, -43.05454956974593", "modified_at": "2026-02-05T02:07:19.991Z", "modified_by": "peter.jackson" }, "geometry": { "type": "Point", "coordinates": [ 416700.868311544822063, 5232619.893858105875552 ] } },
{ "type": "Feature", "properties": { "fid": 482, "common_name": null, "scientific_name": "Lagarostrobos franklinii", "collection_method": "desktop", "created_at": null, "created_by": "jayne.balmer", "coord_wgs84": "145.97721066496365, -43.054475965562624", "modified_at": "2026-02-05T02:07:19.993Z", "modified_by": "peter.jackson" }, "geometry": { "type": "Point", "coordinates": [ 416707.505377289897297, 5232628.149757198058069 ] } },
{ "type": "Feature", "properties": { "fid": 483, "common_name": null, "scientific_name": "Lagarostrobos franklinii", "collection_method": "desktop", "created_at": null, "created_by": "jayne.balmer", "coord_wgs84": "145.97743102286373, -43.05447463030544", "modified_at": "2026-02-05T02:07:19.993Z", "modified_by": "peter.jackson" }, "geometry": { "type": "Point", "coordinates": [ 416725.448903242999222, 5232628.516734073869884 ] } },
{ "type": "Feature", "properties": { "fid": 484, "common_name": null, "scientific_name": "Lagarostrobos franklinii", "collection_method": "desktop", "created_at": null, "created_by": "jayne.balmer", "coord_wgs84": "145.9772872752096, -43.05450115501486", "modified_at": "2026-02-05T02:07:19.993Z", "modified_by": "peter.jackson" }, "geometry": { "type": "Point", "coordinates": [ 416713.77839331451105, 5232625.428491309285164 ] } },
{ "type": "Feature", "properties": { "fid": 485, "common_name": null, "scientific_name": "Lagarostrobos franklinii", "collection_method": "desktop", "created_at": null, "created_by": "jayne.balmer", "coord_wgs84": "145.97732180732962, -43.054639284977995", "modified_at": "2026-02-05T02:07:19.997Z", "modified_by": "peter.jackson" }, "geometry": { "type": "Point", "coordinates": [ 416716.777529896178748, 5232610.123348920606077 ] } },
{ "type": "Feature", "properties": { "fid": 487, "common_name": null, "scientific_name": "Lagarostrobos franklinii", "collection_method": "desktop", "created_at": null, "created_by": "jayne.balmer", "coord_wgs84": "145.9762789499651, -43.05407611082976", "modified_at": "2026-02-05T02:07:19.999Z", "modified_by": "peter.jackson" }, "geometry": { "type": "Point", "coordinates": [ 416631.08741298422683, 5232671.628653779625893 ] } },
{ "type": "Feature", "properties": { "fid": 489, "common_name": null, "scientific_name": "Lagarostrobos franklinii", "collection_method": "desktop", "created_at": null, "created_by": "jayne.balmer", "coord_wgs84": "145.97721684419182, -43.054025357175554", "modified_at": "2026-02-05T02:07:20.001Z", "modified_by": "peter.jackson" }, "geometry": { "type": "Point", "coordinates": [ 416707.398706620559096, 5232678.196217328310013 ] } },
{ "type": "Feature", "properties": { "fid": 491, "common_name": null, "scientific_name": "Lagarostrobos franklinii", "collection_method": "desktop", "created_at": null, "created_by": "jayne.balmer", "coord_wgs84": "145.97717660725786, -43.053889262998496", "modified_at": "2026-02-05T02:07:20.001Z", "modified_by": "peter.jackson" }, "geometry": { "type": "Point", "coordinates": [ 416703.937691849656403, 5232693.269616895355284 ] } },
{ "type": "Feature", "properties": { "fid": 492, "common_name": null, "scientific_name": "Lagarostrobos franklinii", "collection_method": "desktop", "created_at": null, "created_by": "jayne.balmer", "coord_wgs84": ", ", "modified_at": "2026-02-05T02:07:20.004Z", "modified_by": "peter.jackson" }, "geometry": null },
{ "type": "Feature", "properties": { "fid": 493, "common_name": null, "scientific_name": "Lagarostrobos franklinii", "collection_method": "desktop", "created_at": null, "created_by": "jayne.balmer", "coord_wgs84": "145.97733967477816, -43.05303973628723", "modified_at": "2026-02-05T02:07:20.004Z", "modified_by": "peter.jackson" }, "geometry": { "type": "Point", "coordinates": [ 416716.067919675260782, 5232787.771893071010709 ] } },
{ "type": "Feature", "properties": { "fid": 494, "common_name": null, "scientific_name": "Lagarostrobos franklinii", "collection_method": "desktop", "created_at": null, "created_by": "jayne.balmer", "coord_wgs84": ", ", "modified_at": "2026-02-05T02:07:20.004Z", "modified_by": "peter.jackson" }, "geometry": null },
{ "type": "Feature", "properties": { "fid": 495, "common_name": null, "scientific_name": "Lagarostrobos franklinii", "collection_method": "desktop", "created_at": null, "created_by": "jayne.balmer", "coord_wgs84": ", ", "modified_at": "2026-02-05T02:07:20.007Z", "modified_by": "peter.jackson" }, "geometry": null },
{ "type": "Feature", "properties": { "fid": 496, "common_name": null, "scientific_name": "Lagarostrobos franklinii", "collection_method": "desktop", "created_at": null, "created_by": "jayne.balmer", "coord_wgs84": "145.97768989758416, -43.053089315984806", "modified_at": "2026-02-05T02:07:20.009Z", "modified_by": "peter.jackson" }, "geometry": { "type": "Point", "coordinates": [ 416744.656826547521632, 5232782.613553596660495 ] } },
{ "type": "Feature", "properties": { "fid": 497, "common_name": null, "scientific_name": "Lagarostrobos franklinii", "collection_method": "desktop", "created_at": null, "created_by": "jayne.balmer", "coord_wgs84": "145.977739367252, -43.05299921710896", "modified_at": "2026-02-05T02:07:20.011Z", "modified_by": "peter.jackson" }, "geometry": { "type": "Point", "coordinates": [ 416748.56370708666509, 5232792.668162129819393 ] } },
{ "type": "Feature", "properties": { "fid": 498, "common_name": null, "scientific_name": "Lagarostrobos franklinii", "collection_method": "desktop", "created_at": null, "created_by": "jayne.balmer", "coord_wgs84": "145.97773008324455, -43.05296975945398", "modified_at": "2026-02-05T02:07:20.011Z", "modified_by": "peter.jackson" }, "geometry": { "type": "Point", "coordinates": [ 416747.767775866377633, 5232795.930241114459932 ] } },
{ "type": "Feature", "properties": { "fid": 499, "common_name": null, "scientific_name": "Lagarostrobos franklinii", "collection_method": "desktop", "created_at": null, "created_by": "jayne.balmer", "coord_wgs84": "145.97781773810357, -43.05295201784677", "modified_at": "2026-02-05T02:07:20.013Z", "modified_by": "peter.jackson" }, "geometry": { "type": "Point", "coordinates": [ 416754.88231957599055, 5232797.987411415204406 ] } },
{ "type": "Feature", "properties": { "fid": 500, "common_name": null, "scientific_name": "Lagarostrobos franklinii", "collection_method": "desktop", "created_at": null, "created_by": "jayne.balmer", "coord_wgs84": "145.9780758129172, -43.052997957132", "modified_at": "2026-02-05T02:07:20.014Z", "modified_by": "peter.jackson" }, "geometry": { "type": "Point", "coordinates": [ 416775.961857153626624, 5232793.141798373311758 ] } },
{ "type": "Feature", "properties": { "fid": 501, "common_name": null, "scientific_name": "Lagarostrobos franklinii", "collection_method": "desktop", "created_at": null, "created_by": "jayne.balmer", "coord_wgs84": "145.97821765141362, -43.05299296932153", "modified_at": "2026-02-05T02:07:20.014Z", "modified_by": "peter.jackson" }, "geometry": { "type": "Point", "coordinates": [ 416787.506321864901111, 5232793.836351953446865 ] } },
{ "type": "Feature", "properties": { "fid": 502, "common_name": null, "scientific_name": "Lagarostrobos franklinii", "collection_method": "desktop", "created_at": null, "created_by": "jayne.balmer", "coord_wgs84": "145.97729418791425, -43.05355792717835", "modified_at": "2026-02-05T02:07:20.016Z", "modified_by": "peter.jackson" }, "geometry": { "type": "Point", "coordinates": [ 416713.064805633039214, 5232730.181354928761721 ] } },
{ "type": "Feature", "properties": { "fid": 503, "common_name": null, "scientific_name": "Lagarostrobos franklinii", "collection_method": "desktop", "created_at": null, "created_by": "jayne.balmer", "coord_wgs84": "145.97745868930113, -43.05353465323383", "modified_at": "2026-02-05T02:07:20.018Z", "modified_by": "peter.jackson" }, "geometry": { "type": "Point", "coordinates": [ 416726.430046711873729, 5232732.92919119540602 ] } },
{ "type": "Feature", "properties": { "fid": 507, "common_name": null, "scientific_name": "Lagarostrobos franklinii", "collection_method": "desktop", "created_at": null, "created_by": "jayne.balmer", "coord_wgs84": "145.97816924604066, -43.052510870188875", "modified_at": "2026-02-05T02:07:20.019Z", "modified_by": "peter.jackson" }, "geometry": { "type": "Point", "coordinates": [ 416782.91234262107173, 5232847.325730851851404 ] } },
{ "type": "Feature", "properties": { "fid": 510, "common_name": null, "scientific_name": "Lagarostrobos franklinii", "collection_method": "desktop", "created_at": null, "created_by": "jayne.balmer", "coord_wgs84": "145.97873213762148, -43.05232252297903", "modified_at": "2026-02-05T02:07:20.020Z", "modified_by": "peter.jackson" }, "geometry": { "type": "Point", "coordinates": [ 416828.499588340520859, 5232868.799818051978946 ] } },
{ "type": "Feature", "properties": { "fid": 517, "common_name": null, "scientific_name": "Lagarostrobos franklinii", "collection_method": "desktop", "created_at": null, "created_by": "jayne.balmer", "coord_wgs84": "145.97773500183797, -43.052271433012336", "modified_at": "2026-02-05T02:07:20.020Z", "modified_by": "peter.jackson" }, "geometry": { "type": "Point", "coordinates": [ 416747.223678776354063, 5232873.484661061316729 ] } },
{ "type": "Feature", "properties": { "fid": 518, "common_name": null, "scientific_name": "Lagarostrobos franklinii", "collection_method": "desktop", "created_at": null, "created_by": "jayne.balmer", "coord_wgs84": "145.97818499233531, -43.053468626287916", "modified_at": "2026-02-05T02:07:20.025Z", "modified_by": "peter.jackson" }, "geometry": { "type": "Point", "coordinates": [ 416785.489764195634052, 5232740.981991143897176 ] } },
{ "type": "Feature", "properties": { "fid": 519, "common_name": null, "scientific_name": "Lagarostrobos franklinii", "collection_method": "desktop", "created_at": null, "created_by": "jayne.balmer", "coord_wgs84": "145.97835350559836, -43.05329294894732", "modified_at": "2026-02-05T02:07:20.027Z", "modified_by": "peter.jackson" }, "geometry": { "type": "Point", "coordinates": [ 416798.975731081387494, 5232760.658146609552205 ] } },
{ "type": "Feature", "properties": { "fid": 520, "common_name": null, "scientific_name": "Lagarostrobos franklinii", "collection_method": "desktop", "created_at": null, "created_by": "jayne.balmer", "coord_wgs84": "145.97803618604897, -43.05323227733106", "modified_at": "2026-02-05T02:07:20.027Z", "modified_by": "peter.jackson" }, "geometry": { "type": "Point", "coordinates": [ 416773.051565021043643, 5232767.081108143553138 ] } },
{ "type": "Feature", "properties": { "fid": 521, "common_name": null, "scientific_name": "Lagarostrobos franklinii", "collection_method": "desktop", "created_at": null, "created_by": "jayne.balmer", "coord_wgs84": "145.97751721853933, -43.053358743253064", "modified_at": "2026-02-05T02:07:20.029Z", "modified_by": "peter.jackson" }, "geometry": { "type": "Point", "coordinates": [ 416730.958560317812953, 5232752.522173540666699 ] } },
{ "type": "Feature", "properties": { "fid": 522, "common_name": null, "scientific_name": "Lagarostrobos franklinii", "collection_method": "desktop", "created_at": null, "created_by": "jayne.balmer", "coord_wgs84": "145.97748654059845, -43.053403626869994", "modified_at": "2026-02-05T02:07:20.031Z", "modified_by": "peter.jackson" }, "geometry": { "type": "Point", "coordinates": [ 416728.520921108603943, 5232747.507381132803857 ] } },
{ "type": "Feature", "properties": { "fid": 523, "common_name": null, "scientific_name": "Lagarostrobos franklinii", "collection_method": "desktop", "created_at": null, "created_by": "jayne.balmer", "coord_wgs84": "145.97762181692443, -43.05345643522206", "modified_at": "2026-02-05T02:07:20.031Z", "modified_by": "peter.jackson" }, "geometry": { "type": "Point", "coordinates": [ 416739.609085452277213, 5232741.77720836084336 ] } },
{ "type": "Feature", "properties": { "fid": 524, "common_name": null, "scientific_name": "Lagarostrobos franklinii", "collection_method": "desktop", "created_at": null, "created_by": "jayne.balmer", "coord_wgs84": "145.97616170188417, -43.05491539494246", "modified_at": "2026-02-05T02:07:20.033Z", "modified_by": "peter.jackson" }, "geometry": { "type": "Point", "coordinates": [ 416622.676126304257195, 5232578.309163736179471 ] } },
{ "type": "Feature", "properties": { "fid": 525, "common_name": null, "scientific_name": "Lagarostrobos franklinii", "collection_method": "desktop", "created_at": null, "created_by": "jayne.balmer", "coord_wgs84": "145.97598002279193, -43.05530463698932", "modified_at": "2026-02-05T02:07:20.035Z", "modified_by": "peter.jackson" }, "geometry": { "type": "Point", "coordinates": [ 416608.408270387910306, 5232534.903068289160728 ] } },
{ "type": "Feature", "properties": { "fid": 526, "common_name": null, "scientific_name": "Lagarostrobos franklinii", "collection_method": "desktop", "created_at": null, "created_by": "jayne.balmer", "coord_wgs84": "145.97628622252233, -43.055151116409654", "modified_at": "2026-02-05T02:07:20.036Z", "modified_by": "peter.jackson" }, "geometry": { "type": "Point", "coordinates": [ 416633.136007161985617, 5232552.255866025574505 ] } },
{ "type": "Feature", "properties": { "fid": 527, "common_name": null, "scientific_name": "Lagarostrobos franklinii", "collection_method": "desktop", "created_at": null, "created_by": "jayne.balmer", "coord_wgs84": "145.97605074541963, -43.05521628830544", "modified_at": "2026-02-05T02:07:20.039Z", "modified_by": "peter.jackson" }, "geometry": { "type": "Point", "coordinates": [ 416614.047929652151652, 5232544.78452255576849 ] } },
{ "type": "Feature", "properties": { "fid": 528, "common_name": null, "scientific_name": "Lagarostrobos franklinii", "collection_method": "desktop", "created_at": null, "created_by": "jayne.balmer", "coord_wgs84": "145.9762334566406, -43.055263064931765", "modified_at": "2026-02-05T02:07:20.039Z", "modified_by": "peter.jackson" }, "geometry": { "type": "Point", "coordinates": [ 416628.990616591647267, 5232539.771492098458111 ] } },
{ "type": "Feature", "properties": { "fid": 529, "common_name": null, "scientific_name": "Lagarostrobos franklinii", "collection_method": "desktop", "created_at": null, "created_by": "jayne.balmer", "coord_wgs84": "145.97637241736157, -43.05527125296044", "modified_at": "2026-02-05T02:07:20.041Z", "modified_by": "peter.jackson" }, "geometry": { "type": "Point", "coordinates": [ 416640.318137336114887, 5232539.000256643630564 ] } },
{ "type": "Feature", "properties": { "fid": 530, "common_name": null, "scientific_name": "Lagarostrobos franklinii", "collection_method": "desktop", "created_at": null, "created_by": "jayne.balmer", "coord_wgs84": "145.97643233722246, -43.05565440955249", "modified_at": "2026-02-05T02:07:20.043Z", "modified_by": "peter.jackson" }, "geometry": { "type": "Point", "coordinates": [ 416645.716785520664416, 5232496.510003298521042 ] } },
{ "type": "Feature", "properties": { "fid": 531, "common_name": null, "scientific_name": "Lagarostrobos franklinii", "collection_method": "desktop", "created_at": null, "created_by": "jayne.balmer", "coord_wgs84": "145.97652112067814, -43.055654552581416", "modified_at": "2026-02-05T02:07:20.043Z", "modified_by": "peter.jackson" }, "geometry": { "type": "Point", "coordinates": [ 416652.947117910720408, 5232496.58230662252754 ] } },
{ "type": "Feature", "properties": { "fid": 532, "common_name": null, "scientific_name": "Lagarostrobos franklinii", "collection_method": "desktop", "created_at": null, "created_by": "jayne.balmer", "coord_wgs84": "145.9766759206892, -43.055706938618165", "modified_at": "2026-02-05T02:07:20.045Z", "modified_by": "peter.jackson" }, "geometry": { "type": "Point", "coordinates": [ 416665.624300701310858, 5232490.918546250090003 ] } },
{ "type": "Feature", "properties": { "fid": 533, "common_name": null, "scientific_name": "Lagarostrobos franklinii", "collection_method": "desktop", "created_at": null, "created_by": "jayne.balmer", "coord_wgs84": "145.97585917455675, -43.05579826934558", "modified_at": "2026-02-05T02:07:20.047Z", "modified_by": "peter.jackson" }, "geometry": { "type": "Point", "coordinates": [ 416599.235884798923507, 5232479.964789259247482 ] } },
{ "type": "Feature", "properties": { "fid": 534, "common_name": null, "scientific_name": "Lagarostrobos franklinii", "collection_method": "desktop", "created_at": null, "created_by": "jayne.balmer", "coord_wgs84": "145.9763858214219, -43.055746447452776", "modified_at": "2026-02-05T02:07:20.049Z", "modified_by": "peter.jackson" }, "geometry": { "type": "Point", "coordinates": [ 416642.053417109709699, 5232486.242931304499507 ] } },
{ "type": "Feature", "properties": { "fid": 535, "common_name": null, "scientific_name": "Lagarostrobos franklinii", "collection_method": "desktop", "created_at": null, "created_by": "jayne.balmer", "coord_wgs84": "145.97679743854098, -43.055820879871376", "modified_at": "2026-02-05T02:07:20.049Z", "modified_by": "peter.jackson" }, "geometry": { "type": "Point", "coordinates": [ 416675.674462723603938, 5232478.385970111005008 ] } },
{ "type": "Feature", "properties": { "fid": 536, "common_name": null, "scientific_name": "Lagarostrobos franklinii", "collection_method": "desktop", "created_at": null, "created_by": "jayne.balmer", "coord_wgs84": "145.97595002505628, -43.05588014417559", "modified_at": "2026-02-05T02:07:20.053Z", "modified_by": "peter.jackson" }, "geometry": { "type": "Point", "coordinates": [ 416606.745293938263785, 5232470.962828857824206 ] } },
{ "type": "Feature", "properties": { "fid": 537, "common_name": null, "scientific_name": "Lagarostrobos franklinii", "collection_method": "desktop", "created_at": null, "created_by": "jayne.balmer", "coord_wgs84": "145.97655141495258, -43.05584385502875", "modified_at": "2026-02-05T02:07:20.054Z", "modified_by": "peter.jackson" }, "geometry": { "type": "Point", "coordinates": [ 416655.670543111104053, 5232475.590241586789489 ] } },
{ "type": "Feature", "properties": { "fid": 538, "common_name": null, "scientific_name": "Lagarostrobos franklinii", "collection_method": "desktop", "created_at": null, "created_by": "jayne.balmer", "coord_wgs84": "145.9765946642368, -43.056003929143905", "modified_at": "2026-02-05T02:07:20.056Z", "modified_by": "peter.jackson" }, "geometry": { "type": "Point", "coordinates": [ 416659.409361849538982, 5232457.85686609428376 ] } },
{ "type": "Feature", "properties": { "fid": 539, "common_name": null, "scientific_name": "Lagarostrobos franklinii", "collection_method": "desktop", "created_at": null, "created_by": "jayne.balmer", "coord_wgs84": "145.97634660696892, -43.05608828973335", "modified_at": "2026-02-05T02:07:20.058Z", "modified_by": "peter.jackson" }, "geometry": { "type": "Point", "coordinates": [ 416639.323052564810496, 5232448.242178061045706 ] } },
{ "type": "Feature", "properties": { "fid": 540, "common_name": null, "scientific_name": "Lagarostrobos franklinii", "collection_method": "desktop", "created_at": null, "created_by": "jayne.balmer", "coord_wgs84": "145.97631970884217, -43.0560840104117", "modified_at": "2026-02-05T02:07:20.058Z", "modified_by": "peter.jackson" }, "geometry": { "type": "Point", "coordinates": [ 416637.126804234576412, 5232448.690678277984262 ] } },
{ "type": "Feature", "properties": { "fid": 541, "common_name": null, "scientific_name": "Lagarostrobos franklinii", "collection_method": "desktop", "created_at": null, "created_by": "jayne.balmer", "coord_wgs84": "145.976468987098, -43.05618708488819", "modified_at": "2026-02-05T02:07:20.060Z", "modified_by": "peter.jackson" }, "geometry": { "type": "Point", "coordinates": [ 416649.422907883999869, 5232437.392480188049376 ] } },
{ "type": "Feature", "properties": { "fid": 542, "common_name": null, "scientific_name": "Lagarostrobos franklinii", "collection_method": "desktop", "created_at": null, "created_by": "jayne.balmer", "coord_wgs84": "145.9762078676009, -43.05632084810511", "modified_at": "2026-02-05T02:07:20.062Z", "modified_by": "peter.jackson" }, "geometry": { "type": "Point", "coordinates": [ 416628.339886676636524, 5232422.278590764850378 ] } },
{ "type": "Feature", "properties": { "fid": 543, "common_name": null, "scientific_name": "Lagarostrobos franklinii", "collection_method": "desktop", "created_at": null, "created_by": "jayne.balmer", "coord_wgs84": "145.976507566277, -43.056141930097176", "modified_at": "2026-02-05T02:07:20.064Z", "modified_by": "peter.jackson" }, "geometry": { "type": "Point", "coordinates": [ 416652.503440564556513, 5232442.445267559029162 ] } },
{ "type": "Feature", "properties": { "fid": 544, "common_name": null, "scientific_name": "Lagarostrobos franklinii", "collection_method": "desktop", "created_at": null, "created_by": "jayne.balmer", "coord_wgs84": "145.97653666220216, -43.05615142486415", "modified_at": "2026-02-05T02:07:20.064Z", "modified_by": "peter.jackson" }, "geometry": { "type": "Point", "coordinates": [ 416654.885727436922025, 5232441.419766872189939 ] } },
{ "type": "Feature", "properties": { "fid": 545, "common_name": null, "scientific_name": "Lagarostrobos franklinii", "collection_method": "desktop", "created_at": null, "created_by": "jayne.balmer", "coord_wgs84": "145.97687849645703, -43.05500585364393", "modified_at": "2026-02-05T02:07:20.066Z", "modified_by": "peter.jackson" }, "geometry": { "type": "Point", "coordinates": [ 416681.17193759890506, 5232568.975616157986224 ] } },
{ "type": "Feature", "properties": { "fid": 546, "common_name": null, "scientific_name": "Lagarostrobos franklinii", "collection_method": "desktop", "created_at": null, "created_by": "jayne.balmer", "coord_wgs84": "145.97676054424247, -43.05497767782389", "modified_at": "2026-02-05T02:07:20.067Z", "modified_by": "peter.jackson" }, "geometry": { "type": "Point", "coordinates": [ 416671.528167847078294, 5232571.987437930889428 ] } },
{ "type": "Feature", "properties": { "fid": 547, "common_name": null, "scientific_name": "Lagarostrobos franklinii", "collection_method": "desktop", "created_at": null, "created_by": "jayne.balmer", "coord_wgs84": "145.9770793284182, -43.055161675757795", "modified_at": "2026-02-05T02:07:20.069Z", "modified_by": "peter.jackson" }, "geometry": { "type": "Point", "coordinates": [ 416697.737925583089236, 5232551.870860137976706 ] } },
{ "type": "Feature", "properties": { "fid": 548, "common_name": null, "scientific_name": "Lagarostrobos franklinii", "collection_method": "desktop", "created_at": null, "created_by": "jayne.balmer", "coord_wgs84": "145.9772970388769, -43.05499116656623", "modified_at": "2026-02-05T02:07:20.070Z", "modified_by": "peter.jackson" }, "geometry": { "type": "Point", "coordinates": [ 416715.236694211431313, 5232571.022105638869107 ] } },
{ "type": "Feature", "properties": { "fid": 549, "common_name": null, "scientific_name": "Lagarostrobos franklinii", "collection_method": "desktop", "created_at": null, "created_by": "jayne.balmer", "coord_wgs84": "145.97492462831158, -43.05528806602416", "modified_at": "2026-02-05T02:07:20.072Z", "modified_by": "peter.jackson" }, "geometry": { "type": "Point", "coordinates": [ 416522.438562257215381, 5232535.693934040144086 ] } },
{ "type": "Feature", "properties": { "fid": 550, "common_name": null, "scientific_name": "Lagarostrobos franklinii", "collection_method": "desktop", "created_at": null, "created_by": "jayne.balmer", "coord_wgs84": "145.97493684938138, -43.05533512524473", "modified_at": "2026-02-05T02:07:20.074Z", "modified_by": "peter.jackson" }, "geometry": { "type": "Point", "coordinates": [ 416523.497636059008073, 5232530.480135934427381 ] } },
{ "type": "Feature", "properties": { "fid": 551, "common_name": null, "scientific_name": "Lagarostrobos franklinii", "collection_method": "desktop", "created_at": null, "created_by": "jayne.balmer", "coord_wgs84": "145.9748357714888, -43.05590314567435", "modified_at": "2026-02-05T02:07:20.074Z", "modified_by": "peter.jackson" }, "geometry": { "type": "Point", "coordinates": [ 416516.036863724701107, 5232467.300560095347464 ] } },
{ "type": "Feature", "properties": { "fid": 552, "common_name": null, "scientific_name": "Lagarostrobos franklinii", "collection_method": "desktop", "created_at": null, "created_by": "jayne.balmer", "coord_wgs84": "145.9748772108321, -43.05598227102344", "modified_at": "2026-02-05T02:07:20.076Z", "modified_by": "peter.jackson" }, "geometry": { "type": "Point", "coordinates": [ 416519.518833268317394, 5232458.554866531863809 ] } },
{ "type": "Feature", "properties": { "fid": 553, "common_name": null, "scientific_name": "Lagarostrobos franklinii", "collection_method": "desktop", "created_at": null, "created_by": "jayne.balmer", "coord_wgs84": "145.9748797867935, -43.05600593710889", "modified_at": "2026-02-05T02:07:20.076Z", "modified_by": "peter.jackson" }, "geometry": { "type": "Point", "coordinates": [ 416519.760713111143559, 5232455.929295535199344 ] } },
{ "type": "Feature", "properties": { "fid": 554, "common_name": null, "scientific_name": "Lagarostrobos franklinii", "collection_method": "desktop", "created_at": null, "created_by": "jayne.balmer", "coord_wgs84": "145.9755815221384, -43.0559209198248", "modified_at": "2026-02-05T02:07:20.078Z", "modified_by": "peter.jackson" }, "geometry": { "type": "Point", "coordinates": [ 416576.791406977223232, 5232466.068386709317565 ] } },
{ "type": "Feature", "properties": { "fid": 555, "common_name": null, "scientific_name": "Eucalyptus nitida", "collection_method": "desktop", "created_at": null, "created_by": "jayne.balmer", "coord_wgs84": "145.97577481097377, -43.0563430162096", "modified_at": "2026-02-05T02:07:20.081Z", "modified_by": "peter.jackson" }, "geometry": { "type": "Point", "coordinates": [ 416593.10406682890607, 5232419.386457810178399 ] } },
{ "type": "Feature", "properties": { "fid": 556, "common_name": null, "scientific_name": "Eucalyptus nitida", "collection_method": "desktop", "created_at": null, "created_by": "jayne.balmer", "coord_wgs84": "145.97506285849434, -43.05644255135175", "modified_at": "2026-02-05T02:07:20.081Z", "modified_by": "peter.jackson" }, "geometry": { "type": "Point", "coordinates": [ 416535.261407708341721, 5232407.625117122195661 ] } },
{ "type": "Feature", "properties": { "fid": 557, "common_name": null, "scientific_name": "Eucalyptus nitida", "collection_method": "desktop", "created_at": null, "created_by": "jayne.balmer", "coord_wgs84": "145.97551238264464, -43.05660457320052", "modified_at": "2026-02-05T02:07:20.083Z", "modified_by": "peter.jackson" }, "geometry": { "type": "Point", "coordinates": [ 416572.087900681770407, 5232390.079510522074997 ] } },
{ "type": "Feature", "properties": { "fid": 558, "common_name": null, "scientific_name": "Eucalyptus nitida", "collection_method": "desktop", "created_at": null, "created_by": "jayne.balmer", "coord_wgs84": "145.97539624451602, -43.056398658854825", "modified_at": "2026-02-05T02:07:20.085Z", "modified_by": "peter.jackson" }, "geometry": { "type": "Point", "coordinates": [ 416562.351053063175641, 5232412.830956443212926 ] } },
{ "type": "Feature", "properties": { "fid": 561, "common_name": null, "scientific_name": "Nothofagus cunninghamii", "collection_method": "desktop", "created_at": null, "created_by": "jayne.balmer", "coord_wgs84": "145.9770087560012, -43.05363528801844", "modified_at": "2026-02-05T02:07:20.087Z", "modified_by": "peter.jackson" }, "geometry": { "type": "Point", "coordinates": [ 416689.924406170321163, 5232721.307063735090196 ] } },
{ "type": "Feature", "properties": { "fid": 562, "common_name": null, "scientific_name": "Nothofagus cunninghamii", "collection_method": "desktop", "created_at": null, "created_by": "jayne.balmer", "coord_wgs84": "145.97695322709225, -43.05368234682208", "modified_at": "2026-02-05T02:07:20.088Z", "modified_by": "peter.jackson" }, "geometry": { "type": "Point", "coordinates": [ 416685.465933765226509, 5232716.026028092950583 ] } },
{ "type": "Feature", "properties": { "fid": 563, "common_name": null, "scientific_name": "Nothofagus cunninghamii", "collection_method": "desktop", "created_at": null, "created_by": "jayne.balmer", "coord_wgs84": "145.97698079322348, -43.05370625644972", "modified_at": "2026-02-05T02:07:20.090Z", "modified_by": "peter.jackson" }, "geometry": { "type": "Point", "coordinates": [ 416687.743239939562045, 5232713.398217712529004 ] } },
{ "type": "Feature", "properties": { "fid": 564, "common_name": null, "scientific_name": "Nothofagus cunninghamii", "collection_method": "desktop", "created_at": null, "created_by": "jayne.balmer", "coord_wgs84": "145.97727260278086, -43.053730433391515", "modified_at": "2026-02-05T02:07:20.090Z", "modified_by": "peter.jackson" }, "geometry": { "type": "Point", "coordinates": [ 416711.540414776711259, 5232711.003017262555659 ] } },
{ "type": "Feature", "properties": { "fid": 565, "common_name": null, "scientific_name": "Nothofagus cunninghamii", "collection_method": "desktop", "created_at": null, "created_by": "jayne.balmer", "coord_wgs84": "145.97730646085813, -43.05375637581473", "modified_at": "2026-02-05T02:07:20.092Z", "modified_by": "peter.jackson" }, "geometry": { "type": "Point", "coordinates": [ 416714.332864733762108, 5232708.155699792318046 ] } },
{ "type": "Feature", "properties": { "fid": 566, "common_name": null, "scientific_name": "Nothofagus cunninghamii", "collection_method": "desktop", "created_at": null, "created_by": "jayne.balmer", "coord_wgs84": "145.97735217057038, -43.05349722809007", "modified_at": "2026-02-05T02:07:20.094Z", "modified_by": "peter.jackson" }, "geometry": { "type": "Point", "coordinates": [ 416717.704678842215799, 5232736.97956863977015 ] } },
{ "type": "Feature", "properties": { "fid": 567, "common_name": null, "scientific_name": "Nothofagus cunninghamii", "collection_method": "desktop", "created_at": null, "created_by": "jayne.balmer", "coord_wgs84": "145.97680801407506, -43.05408127671315", "modified_at": "2026-02-05T02:07:20.094Z", "modified_by": "peter.jackson" }, "geometry": { "type": "Point", "coordinates": [ 416674.180194028944243, 5232671.580451563000679 ] } },
{ "type": "Feature", "properties": { "fid": 568, "common_name": null, "scientific_name": "Nothofagus cunninghamii", "collection_method": "desktop", "created_at": null, "created_by": "jayne.balmer", "coord_wgs84": "145.9768241641994, -43.05400545063764", "modified_at": "2026-02-05T02:07:20.096Z", "modified_by": "peter.jackson" }, "geometry": { "type": "Point", "coordinates": [ 416675.392755421344191, 5232680.017017900943756 ] } },
{ "type": "Feature", "properties": { "fid": 571, "common_name": null, "scientific_name": "Acacia melanoxylon", "collection_method": "desktop", "created_at": null, "created_by": "jayne.balmer", "coord_wgs84": "145.9766338572148, -43.054321908596584", "modified_at": "2026-02-05T02:07:20.097Z", "modified_by": "peter.jackson" }, "geometry": { "type": "Point", "coordinates": [ 416660.323129878088366, 5232644.685194548219442 ] } },
{ "type": "Feature", "properties": { "fid": 572, "common_name": null, "scientific_name": "Acacia melanoxylon", "collection_method": "desktop", "created_at": null, "created_by": "jayne.balmer", "coord_wgs84": "145.97664103870332, -43.05439481480762", "modified_at": "2026-02-05T02:07:20.099Z", "modified_by": "peter.jackson" }, "geometry": { "type": "Point", "coordinates": [ 416661.006704667233862, 5232636.596048689447343 ] } },
{ "type": "Feature", "properties": { "fid": 573, "common_name": null, "scientific_name": "Acacia melanoxylon", "collection_method": "desktop", "created_at": null, "created_by": "jayne.balmer", "coord_wgs84": "145.97690249904159, -43.054419812531016", "modified_at": "2026-02-05T02:07:20.099Z", "modified_by": "peter.jackson" }, "geometry": { "type": "Point", "coordinates": [ 416682.333178205415606, 5232634.079664169810712 ] } },
{ "type": "Feature", "properties": { "fid": 574, "common_name": null, "scientific_name": "Acacia melanoxylon", "collection_method": "desktop", "created_at": null, "created_by": "jayne.balmer", "coord_wgs84": "145.97578127556704, -43.05442541344488", "modified_at": "2026-02-05T02:07:20.102Z", "modified_by": "peter.jackson" }, "geometry": { "type": "Point", "coordinates": [ 416591.031371543649584, 5232632.343847796320915 ] } },
{ "type": "Feature", "properties": { "fid": 575, "common_name": null, "scientific_name": "Acacia melanoxylon", "collection_method": "desktop", "created_at": null, "created_by": "jayne.balmer", "coord_wgs84": "145.97697943927798, -43.054487672975775", "modified_at": "2026-02-05T02:07:20.102Z", "modified_by": "peter.jackson" }, "geometry": { "type": "Point", "coordinates": [ 416688.690851730410941, 5232626.620109748095274 ] } },
{ "type": "Feature", "properties": { "fid": 576, "common_name": null, "scientific_name": "Acacia melanoxylon", "collection_method": "desktop", "created_at": null, "created_by": "jayne.balmer", "coord_wgs84": "145.97693567606876, -43.05451972991526", "modified_at": "2026-02-05T02:07:20.104Z", "modified_by": "peter.jackson" }, "geometry": { "type": "Point", "coordinates": [ 416685.170299262390472, 5232623.016719011589885 ] } },
{ "type": "Feature", "properties": { "fid": 577, "common_name": null, "scientific_name": "Acacia melanoxylon", "collection_method": "desktop", "created_at": null, "created_by": "jayne.balmer", "coord_wgs84": "145.97679482250817, -43.05446340007971", "modified_at": "2026-02-05T02:07:20.107Z", "modified_by": "peter.jackson" }, "geometry": { "type": "Point", "coordinates": [ 416673.623313000367489, 5232629.132327322848141 ] } },
{ "type": "Feature", "properties": { "fid": 578, "common_name": null, "scientific_name": "Acacia melanoxylon", "collection_method": "desktop", "created_at": null, "created_by": "jayne.balmer", "coord_wgs84": "145.9768905324979, -43.054458124361396", "modified_at": "2026-02-05T02:07:20.107Z", "modified_by": "peter.jackson" }, "geometry": { "type": "Point", "coordinates": [ 416681.410526419582311, 5232629.813231458887458 ] } },
{ "type": "Feature", "properties": { "fid": 579, "common_name": null, "scientific_name": "Acacia melanoxylon", "collection_method": "desktop", "created_at": null, "created_by": "jayne.balmer", "coord_wgs84": "145.97595730847695, -43.05412640485245", "modified_at": "2026-02-05T02:07:20.109Z", "modified_by": "peter.jackson" }, "geometry": { "type": "Point", "coordinates": [ 416604.961811948625837, 5232665.723882331512868 ] } },
{ "type": "Feature", "properties": { "fid": 580, "common_name": null, "scientific_name": "Acacia melanoxylon", "collection_method": "desktop", "created_at": null, "created_by": "jayne.balmer", "coord_wgs84": "145.9770195765341, -43.054510535987845", "modified_at": "2026-02-05T02:07:20.111Z", "modified_by": "peter.jackson" }, "geometry": { "type": "Point", "coordinates": [ 416691.99046809336869, 5232624.121005696244538 ] } },
{ "type": "Feature", "properties": { "fid": 583, "common_name": null, "scientific_name": "Nothofagus cunninghamii", "collection_method": "desktop", "created_at": null, "created_by": "jayne.balmer", "coord_wgs84": "145.976725941513, -43.05426501679435", "modified_at": "2026-02-05T02:07:20.113Z", "modified_by": "peter.jackson" }, "geometry": { "type": "Point", "coordinates": [ 416667.745198201970197, 5232651.094509794376791 ] } },
{ "type": "Feature", "properties": { "fid": 585, "common_name": null, "scientific_name": "Nothofagus cunninghamii", "collection_method": "desktop", "created_at": null, "created_by": "jayne.balmer", "coord_wgs84": "145.9767457202608, -43.05424295604932", "modified_at": "2026-02-05T02:07:20.114Z", "modified_by": "peter.jackson" }, "geometry": { "type": "Point", "coordinates": [ 416669.326057251135353, 5232653.564009335823357 ] } },
{ "type": "Feature", "properties": { "fid": 587, "common_name": null, "scientific_name": "Nothofagus cunninghamii", "collection_method": "desktop", "created_at": null, "created_by": "jayne.balmer", "coord_wgs84": "145.97679893361666, -43.05424878473005", "modified_at": "2026-02-05T02:07:20.115Z", "modified_by": "peter.jackson" }, "geometry": { "type": "Point", "coordinates": [ 416673.66751323902281, 5232652.969571180641651 ] } },
{ "type": "Feature", "properties": { "fid": 588, "common_name": null, "scientific_name": "Acacia melanoxylon", "collection_method": "desktop", "created_at": null, "created_by": "jayne.balmer", "coord_wgs84": "145.97644037282905, -43.05380267332329", "modified_at": "2026-02-05T02:07:20.117Z", "modified_by": "peter.jackson" }, "geometry": { "type": "Point", "coordinates": [ 416643.862955279590096, 5232702.154404607601464 ] } },
{ "type": "Feature", "properties": { "fid": 589, "common_name": null, "scientific_name": "Acacia melanoxylon", "collection_method": "desktop", "created_at": null, "created_by": "jayne.balmer", "coord_wgs84": "145.97646477264766, -43.05368541596202", "modified_at": "2026-02-05T02:07:20.118Z", "modified_by": "peter.jackson" }, "geometry": { "type": "Point", "coordinates": [ 416645.691209449723829, 5232715.200139053165913 ] } },
{ "type": "Feature", "properties": { "fid": 590, "common_name": null, "scientific_name": "Acacia melanoxylon", "collection_method": "desktop", "created_at": null, "created_by": "jayne.balmer", "coord_wgs84": "145.97674922080714, -43.053460881796305", "modified_at": "2026-02-05T02:07:20.120Z", "modified_by": "peter.jackson" }, "geometry": { "type": "Point", "coordinates": [ 416668.552134496509098, 5232740.417286995798349 ] } },
{ "type": "Feature", "properties": { "fid": 591, "common_name": null, "scientific_name": "Acacia melanoxylon", "collection_method": "desktop", "created_at": null, "created_by": "jayne.balmer", "coord_wgs84": "145.9771999491522, -43.05330910675607", "modified_at": "2026-02-05T02:07:20.120Z", "modified_by": "peter.jackson" }, "geometry": { "type": "Point", "coordinates": [ 416705.053375118412077, 5232757.719471123069525 ] } },
{ "type": "Feature", "properties": { "fid": 592, "common_name": null, "scientific_name": "Acacia melanoxylon", "collection_method": "desktop", "created_at": null, "created_by": "jayne.balmer", "coord_wgs84": "145.97739585188086, -43.0533911541953", "modified_at": "2026-02-05T02:07:20.122Z", "modified_by": "peter.jackson" }, "geometry": { "type": "Point", "coordinates": [ 416721.118477868090849, 5232748.802484961226583 ] } },
{ "type": "Feature", "properties": { "fid": 593, "common_name": null, "scientific_name": "Nothofagus cunninghamii", "collection_method": "desktop", "created_at": null, "created_by": "jayne.balmer", "coord_wgs84": "145.97733160257138, -43.05338688866826", "modified_at": "2026-02-05T02:07:20.124Z", "modified_by": "peter.jackson" }, "geometry": { "type": "Point", "coordinates": [ 416715.880328471248504, 5232749.212412339635193 ] } },
{ "type": "Feature", "properties": { "fid": 596, "common_name": null, "scientific_name": "Acacia melanoxylon", "collection_method": "desktop", "created_at": null, "created_by": "jayne.balmer", "coord_wgs84": "145.9775992443981, -43.052687393231906", "modified_at": "2026-02-05T02:07:20.125Z", "modified_by": "peter.jackson" }, "geometry": { "type": "Point", "coordinates": [ 416736.730340254085604, 5232827.157360794954002 ] } },
{ "type": "Feature", "properties": { "fid": 597, "common_name": null, "scientific_name": "Acacia melanoxylon", "collection_method": "desktop", "created_at": null, "created_by": "jayne.balmer", "coord_wgs84": "145.9775553538886, -43.052785136186046", "modified_at": "2026-02-05T02:07:20.127Z", "modified_by": "peter.jackson" }, "geometry": { "type": "Point", "coordinates": [ 416733.288161317526828, 5232816.25940268766135 ] } },
{ "type": "Feature", "properties": { "fid": 598, "common_name": null, "scientific_name": "Acacia melanoxylon", "collection_method": "desktop", "created_at": null, "created_by": "jayne.balmer", "coord_wgs84": "145.97743144549293, -43.0524735734979", "modified_at": "2026-02-05T02:07:20.128Z", "modified_by": "peter.jackson" }, "geometry": { "type": "Point", "coordinates": [ 416722.77553715207614, 5232850.735660566017032 ] } },
{ "type": "Feature", "properties": { "fid": 599, "common_name": null, "scientific_name": "Nothofagus cunninghamii", "collection_method": "desktop", "created_at": null, "created_by": "jayne.balmer", "coord_wgs84": "145.9775671889746, -43.052471413890416", "modified_at": "2026-02-05T02:07:20.130Z", "modified_by": "peter.jackson" }, "geometry": { "type": "Point", "coordinates": [ 416733.82754557125736, 5232851.110181594267488 ] } },
{ "type": "Feature", "properties": { "fid": 601, "common_name": null, "scientific_name": "Acacia melanoxylon", "collection_method": "desktop", "created_at": null, "created_by": "jayne.balmer", "coord_wgs84": "145.9778747613209, -43.05239295675748", "modified_at": "2026-02-05T02:07:20.130Z", "modified_by": "peter.jackson" }, "geometry": { "type": "Point", "coordinates": [ 416758.770077261899132, 5232860.128021046519279 ] } },
{ "type": "Feature", "properties": { "fid": 605, "common_name": null, "scientific_name": "Acacia melanoxylon", "collection_method": "desktop", "created_at": null, "created_by": "jayne.balmer", "coord_wgs84": "145.97849988522515, -43.052613221103165", "modified_at": "2026-02-05T02:07:20.132Z", "modified_by": "peter.jackson" }, "geometry": { "type": "Point", "coordinates": [ 416809.977886868175119, 5232836.287423406727612 ] } },
{ "type": "Feature", "properties": { "fid": 606, "common_name": null, "scientific_name": "Acacia melanoxylon", "collection_method": "desktop", "created_at": null, "created_by": "jayne.balmer", "coord_wgs84": "145.97849101135498, -43.0526729134144", "modified_at": "2026-02-05T02:07:20.134Z", "modified_by": "peter.jackson" }, "geometry": { "type": "Point", "coordinates": [ 416809.335891044174787, 5232829.649762290529907 ] } },
{ "type": "Feature", "properties": { "fid": 607, "common_name": null, "scientific_name": "Acacia melanoxylon", "collection_method": "desktop", "created_at": null, "created_by": "jayne.balmer", "coord_wgs84": "145.97851632766148, -43.05271539351251", "modified_at": "2026-02-05T02:07:20.134Z", "modified_by": "peter.jackson" }, "geometry": { "type": "Point", "coordinates": [ 416811.455062049499247, 5232824.957419919781387 ] } },
{ "type": "Feature", "properties": { "fid": 608, "common_name": null, "scientific_name": "Lagarostrobos franklinii", "collection_method": "desktop", "created_at": null, "created_by": "jayne.balmer", "coord_wgs84": "145.97856313915457, -43.052760496827915", "modified_at": "2026-02-05T02:07:20.136Z", "modified_by": "peter.jackson" }, "geometry": { "type": "Point", "coordinates": [ 416815.328332836856134, 5232819.995074422098696 ] } },
{ "type": "Feature", "properties": { "fid": 609, "common_name": null, "scientific_name": "Lagarostrobos franklinii", "collection_method": "desktop", "created_at": null, "created_by": "jayne.balmer", "coord_wgs84": "145.978562369028, -43.0527170743136", "modified_at": "2026-02-05T02:07:20.138Z", "modified_by": "peter.jackson" }, "geometry": { "type": "Point", "coordinates": [ 416815.206921599456109, 5232824.816405454650521 ] } },
{ "type": "Feature", "properties": { "fid": 610, "common_name": null, "scientific_name": "Lagarostrobos franklinii", "collection_method": "desktop", "created_at": null, "created_by": "jayne.balmer", "coord_wgs84": "145.9785251025159, -43.0527699235743", "modified_at": "2026-02-05T02:07:20.141Z", "modified_by": "peter.jackson" }, "geometry": { "type": "Point", "coordinates": [ 416812.243391017080285, 5232818.910524562932551 ] } },
{ "type": "Feature", "properties": { "fid": 611, "common_name": null, "scientific_name": "Lagarostrobos franklinii", "collection_method": "desktop", "created_at": null, "created_by": "jayne.balmer", "coord_wgs84": "145.97857101782137, -43.05280288766148", "modified_at": "2026-02-05T02:07:20.141Z", "modified_by": "peter.jackson" }, "geometry": { "type": "Point", "coordinates": [ 416816.027264967910014, 5232815.295358368195593 ] } },
{ "type": "Feature", "properties": { "fid": 613, "common_name": null, "scientific_name": "Lagarostrobos franklinii", "collection_method": "desktop", "created_at": null, "created_by": "jayne.balmer", "coord_wgs84": "145.97846437464392, -43.052506126206275", "modified_at": "2026-02-05T02:07:20.143Z", "modified_by": "peter.jackson" }, "geometry": { "type": "Point", "coordinates": [ 416806.941147263976745, 5232848.145168523304164 ] } },
{ "type": "Feature", "properties": { "fid": 614, "common_name": null, "scientific_name": "Lagarostrobos franklinii", "collection_method": "desktop", "created_at": null, "created_by": "jayne.balmer", "coord_wgs84": "145.97829712567878, -43.05245585076686", "modified_at": "2026-02-05T02:07:20.145Z", "modified_by": "peter.jackson" }, "geometry": { "type": "Point", "coordinates": [ 416793.252449541818351, 5232853.562469313852489 ] } },
{ "type": "Feature", "properties": { "fid": 615, "common_name": null, "scientific_name": "Lagarostrobos franklinii", "collection_method": "desktop", "created_at": null, "created_by": "jayne.balmer", "coord_wgs84": "145.978069342761, -43.05245886790203", "modified_at": "2026-02-05T02:07:20.145Z", "modified_by": "peter.jackson" }, "geometry": { "type": "Point", "coordinates": [ 416774.705915358499624, 5232853.001541781239212 ] } },
{ "type": "Feature", "properties": { "fid": 616, "common_name": null, "scientific_name": "Nothofagus cunninghamii", "collection_method": "desktop", "created_at": null, "created_by": "jayne.balmer", "coord_wgs84": "145.97743837325996, -43.05238328154049", "modified_at": "2026-02-05T02:07:20.146Z", "modified_by": "peter.jackson" }, "geometry": { "type": "Point", "coordinates": [ 416723.217555784620345, 5232860.769507193937898 ] } },
{ "type": "Feature", "properties": { "fid": 617, "common_name": null, "scientific_name": "Nothofagus cunninghamii", "collection_method": "desktop", "created_at": null, "created_by": "jayne.balmer", "coord_wgs84": "145.97736116575481, -43.052373276562655", "modified_at": "2026-02-05T02:07:20.149Z", "modified_by": "peter.jackson" }, "geometry": { "type": "Point", "coordinates": [ 416716.91623888805043, 5232861.803946684114635 ] } },
{ "type": "Feature", "properties": { "fid": 618, "common_name": null, "scientific_name": "Nothofagus cunninghamii", "collection_method": "desktop", "created_at": null, "created_by": "jayne.balmer", "coord_wgs84": "145.9775489969017, -43.05214032149356", "modified_at": "2026-02-05T02:07:20.149Z", "modified_by": "peter.jackson" }, "geometry": { "type": "Point", "coordinates": [ 416731.898020430584438, 5232887.860124349594116 ] } },
{ "type": "Feature", "properties": { "fid": 619, "common_name": null, "scientific_name": "Acacia melanoxylon", "collection_method": "desktop", "created_at": null, "created_by": "jayne.balmer", "coord_wgs84": "145.9774067014532, -43.05210790590727", "modified_at": "2026-02-05T02:07:20.149Z", "modified_by": "peter.jackson" }, "geometry": { "type": "Point", "coordinates": [ 416720.265572118165437, 5232891.318693341687322 ] } },
{ "type": "Feature", "properties": { "fid": 620, "common_name": null, "scientific_name": "Acacia melanoxylon", "collection_method": "desktop", "created_at": null, "created_by": "jayne.balmer", "coord_wgs84": "145.97793540603817, -43.05213961679773", "modified_at": "2026-02-05T02:07:20.154Z", "modified_by": "peter.jackson" }, "geometry": { "type": "Point", "coordinates": [ 416763.366344060108531, 5232888.321715503931046 ] } },
{ "type": "Feature", "properties": { "fid": 621, "common_name": null, "scientific_name": "Acacia melanoxylon", "collection_method": "desktop", "created_at": null, "created_by": "jayne.balmer", "coord_wgs84": "145.9779151404593, -43.05211252428739", "modified_at": "2026-02-05T02:07:20.154Z", "modified_by": "peter.jackson" }, "geometry": { "type": "Point", "coordinates": [ 416761.679266502440441, 5232891.310252891853452 ] } },
{ "type": "Feature", "properties": { "fid": 622, "common_name": null, "scientific_name": "Nothofagus cunninghamii", "collection_method": "desktop", "created_at": null, "created_by": "jayne.balmer", "coord_wgs84": "145.97868185174244, -43.05213065140998", "modified_at": "2026-02-05T02:07:20.154Z", "modified_by": "peter.jackson" }, "geometry": { "type": "Point", "coordinates": [ 416824.144990872533526, 5232890.057422179728746 ] } },
{ "type": "Feature", "properties": { "fid": 624, "common_name": null, "scientific_name": "Lagarostrobos franklinii", "collection_method": "desktop", "created_at": null, "created_by": "jayne.balmer", "coord_wgs84": "145.97841629524, -43.05198539132972", "modified_at": "2026-02-05T02:07:20.159Z", "modified_by": "peter.jackson" }, "geometry": { "type": "Point", "coordinates": [ 416802.321618146670517, 5232905.925397896207869 ] } },
{ "type": "Feature", "properties": { "fid": 625, "common_name": null, "scientific_name": "Acacia melanoxylon", "collection_method": "desktop", "created_at": null, "created_by": "jayne.balmer", "coord_wgs84": "145.9772907182257, -43.051774024037414", "modified_at": "2026-02-05T02:07:20.159Z", "modified_by": "peter.jackson" }, "geometry": { "type": "Point", "coordinates": [ 416710.368007640878204, 5232928.281352513469756 ] } },
{ "type": "Feature", "properties": { "fid": 626, "common_name": null, "scientific_name": "Acacia melanoxylon", "collection_method": "desktop", "created_at": null, "created_by": "jayne.balmer", "coord_wgs84": "145.97728310323794, -43.05167555879988", "modified_at": "2026-02-05T02:07:20.159Z", "modified_by": "peter.jackson" }, "geometry": { "type": "Point", "coordinates": [ 416709.614581216359511, 5232939.208412697538733 ] } },
{ "type": "Feature", "properties": { "fid": 627, "common_name": null, "scientific_name": "Acacia melanoxylon", "collection_method": "desktop", "created_at": null, "created_by": "jayne.balmer", "coord_wgs84": "145.97704013007706, -43.05155627512595", "modified_at": "2026-02-05T02:07:20.162Z", "modified_by": "peter.jackson" }, "geometry": { "type": "Point", "coordinates": [ 416689.665155897208024, 5232952.213752724230289 ] } },
{ "type": "Feature", "properties": { "fid": 628, "common_name": null, "scientific_name": "Acacia melanoxylon", "collection_method": "desktop", "created_at": null, "created_by": "jayne.balmer", "coord_wgs84": "145.97719528357868, -43.0513917705316", "modified_at": "2026-02-05T02:07:20.164Z", "modified_by": "peter.jackson" }, "geometry": { "type": "Point", "coordinates": [ 416702.078377172059845, 5232970.636088944971561 ] } },
{ "type": "Feature", "properties": { "fid": 629, "common_name": null, "scientific_name": "Acacia melanoxylon", "collection_method": "desktop", "created_at": null, "created_by": "jayne.balmer", "coord_wgs84": "145.977072553702, -43.05142841722149", "modified_at": "2026-02-05T02:07:20.165Z", "modified_by": "peter.jackson" }, "geometry": { "type": "Point", "coordinates": [ 416692.132702170230914, 5232966.444628893397748 ] } },
{ "type": "Feature", "properties": { "fid": 630, "common_name": null, "scientific_name": "Acacia melanoxylon", "collection_method": "desktop", "created_at": null, "created_by": "jayne.balmer", "coord_wgs84": "145.9771558442651, -43.05146860231134", "modified_at": "2026-02-05T02:07:20.167Z", "modified_by": "peter.jackson" }, "geometry": { "type": "Point", "coordinates": [ 416698.970379464502912, 5232962.064731516875327 ] } },
{ "type": "Feature", "properties": { "fid": 631, "common_name": null, "scientific_name": "Acacia melanoxylon", "collection_method": "desktop", "created_at": null, "created_by": "jayne.balmer", "coord_wgs84": "145.97689417525712, -43.05141581888614", "modified_at": "2026-02-05T02:07:20.168Z", "modified_by": "peter.jackson" }, "geometry": { "type": "Point", "coordinates": [ 416677.588283381308429, 5232967.666590706445277 ] } },
{ "type": "Feature", "properties": { "fid": 632, "common_name": null, "scientific_name": "Acacia melanoxylon", "collection_method": "desktop", "created_at": null, "created_by": "jayne.balmer", "coord_wgs84": "145.97701734142007, -43.05142520707947", "modified_at": "2026-02-05T02:07:20.169Z", "modified_by": "peter.jackson" }, "geometry": { "type": "Point", "coordinates": [ 416687.631799689785112, 5232966.746306681074202 ] } },
{ "type": "Feature", "properties": { "fid": 633, "common_name": null, "scientific_name": "Acacia melanoxylon", "collection_method": "desktop", "created_at": null, "created_by": "jayne.balmer", "coord_wgs84": "145.9770395739207, -43.05147746549914", "modified_at": "2026-02-05T02:07:20.172Z", "modified_by": "peter.jackson" }, "geometry": { "type": "Point", "coordinates": [ 416689.513181619986426, 5232960.965052074752748 ] } },
{ "type": "Feature", "properties": { "fid": 634, "common_name": null, "scientific_name": "Acacia melanoxylon", "collection_method": "desktop", "created_at": null, "created_by": "jayne.balmer", "coord_wgs84": "145.97709179852578, -43.05147205101775", "modified_at": "2026-02-05T02:07:20.173Z", "modified_by": "peter.jackson" }, "geometry": { "type": "Point", "coordinates": [ 416693.759086194215342, 5232961.618176382035017 ] } },
{ "type": "Feature", "properties": { "fid": 635, "common_name": null, "scientific_name": "Acacia melanoxylon", "collection_method": "desktop", "created_at": null, "created_by": "jayne.balmer", "coord_wgs84": "145.97699269374024, -43.05152477348947", "modified_at": "2026-02-05T02:07:20.175Z", "modified_by": "peter.jackson" }, "geometry": { "type": "Point", "coordinates": [ 416685.759245552239008, 5232955.664934205822647 ] } },
{ "type": "Feature", "properties": { "fid": 636, "common_name": null, "scientific_name": "Lagarostrobos franklinii", "collection_method": "desktop", "created_at": null, "created_by": "jayne.balmer", "coord_wgs84": "145.97688494894183, -43.051556057723054", "modified_at": "2026-02-05T02:07:20.176Z", "modified_by": "peter.jackson" }, "geometry": { "type": "Point", "coordinates": [ 416677.026742896821816, 5232952.083831925876439 ] } },
{ "type": "Feature", "properties": { "fid": 637, "common_name": null, "scientific_name": "Lagarostrobos franklinii", "collection_method": "desktop", "created_at": null, "created_by": "jayne.balmer", "coord_wgs84": "145.97694629366396, -43.05157561987884", "modified_at": "2026-02-05T02:07:20.177Z", "modified_by": "peter.jackson" }, "geometry": { "type": "Point", "coordinates": [ 416682.049205779621843, 5232949.972349683754146 ] } },
{ "type": "Feature", "properties": { "fid": 638, "common_name": null, "scientific_name": "Lagarostrobos franklinii", "collection_method": "desktop", "created_at": null, "created_by": "jayne.balmer", "coord_wgs84": "145.9764299605188, -43.051527696599834", "modified_at": "2026-02-05T02:07:20.179Z", "modified_by": "peter.jackson" }, "geometry": { "type": "Point", "coordinates": [ 416639.933581846591551, 5232954.781503679230809 ] } },
{ "type": "Feature", "properties": { "fid": 639, "common_name": null, "scientific_name": "Lagarostrobos franklinii", "collection_method": "desktop", "created_at": null, "created_by": "jayne.balmer", "coord_wgs84": "145.97631928888387, -43.05160786328088", "modified_at": "2026-02-05T02:07:20.181Z", "modified_by": "peter.jackson" }, "geometry": { "type": "Point", "coordinates": [ 416631.02895429590717, 5232945.769012683071196 ] } },
{ "type": "Feature", "properties": { "fid": 640, "common_name": null, "scientific_name": "Lagarostrobos franklinii", "collection_method": "desktop", "created_at": null, "created_by": "jayne.balmer", "coord_wgs84": "145.97627882041613, -43.051360424193895", "modified_at": "2026-02-05T02:07:20.182Z", "modified_by": "peter.jackson" }, "geometry": { "type": "Point", "coordinates": [ 416627.397967658704147, 5232973.207053647376597 ] } },
{ "type": "Feature", "properties": { "fid": 641, "common_name": null, "scientific_name": "Lagarostrobos franklinii", "collection_method": "desktop", "created_at": null, "created_by": "jayne.balmer", "coord_wgs84": "145.97620501906232, -43.05131787498437", "modified_at": "2026-02-05T02:07:20.184Z", "modified_by": "peter.jackson" }, "geometry": { "type": "Point", "coordinates": [ 416621.32984339207178, 5232977.858844784088433 ] } },
{ "type": "Feature", "properties": { "fid": 642, "common_name": null, "scientific_name": "Lagarostrobos franklinii", "collection_method": "desktop", "created_at": null, "created_by": "jayne.balmer", "coord_wgs84": "145.9761212804377, -43.0514202496351", "modified_at": "2026-02-05T02:07:20.185Z", "modified_by": "peter.jackson" }, "geometry": { "type": "Point", "coordinates": [ 416614.648756176233292, 5232966.406884335912764 ] } },
{ "type": "Feature", "properties": { "fid": 643, "common_name": null, "scientific_name": "Lagarostrobos franklinii", "collection_method": "desktop", "created_at": null, "created_by": "jayne.balmer", "coord_wgs84": "145.97660398709525, -43.05114000066162", "modified_at": "2026-02-05T02:07:20.186Z", "modified_by": "peter.jackson" }, "geometry": { "type": "Point", "coordinates": [ 416653.581475630227942, 5232998.008193758316338 ] } },
{ "type": "Feature", "properties": { "fid": 644, "common_name": null, "scientific_name": "Lagarostrobos franklinii", "collection_method": "desktop", "created_at": null, "created_by": "jayne.balmer", "coord_wgs84": "145.9764321199974, -43.05114206694663", "modified_at": "2026-02-05T02:07:20.188Z", "modified_by": "peter.jackson" }, "geometry": { "type": "Point", "coordinates": [ 416639.587138037779368, 5232997.608028432354331 ] } },
{ "type": "Feature", "properties": { "fid": 645, "common_name": null, "scientific_name": "Lagarostrobos franklinii", "collection_method": "desktop", "created_at": null, "created_by": "jayne.balmer", "coord_wgs84": "145.97644022564242, -43.05116934750953", "modified_at": "2026-02-05T02:07:20.189Z", "modified_by": "peter.jackson" }, "geometry": { "type": "Point", "coordinates": [ 416640.284224546165206, 5232994.586558791808784 ] } },
{ "type": "Feature", "properties": { "fid": 646, "common_name": null, "scientific_name": "Lagarostrobos franklinii", "collection_method": "desktop", "created_at": null, "created_by": "jayne.balmer", "coord_wgs84": "145.97650575757118, -43.051187567869626", "modified_at": "2026-02-05T02:07:20.191Z", "modified_by": "peter.jackson" }, "geometry": { "type": "Point", "coordinates": [ 416645.645925599616021, 5232992.628269133158028 ] } },
{ "type": "Feature", "properties": { "fid": 647, "common_name": null, "scientific_name": "Lagarostrobos franklinii", "collection_method": "desktop", "created_at": null, "created_by": "jayne.balmer", "coord_wgs84": "145.97629644051335, -43.051005317632274", "modified_at": "2026-02-05T02:07:20.192Z", "modified_by": "peter.jackson" }, "geometry": { "type": "Point", "coordinates": [ 416628.351937229221221, 5233012.659331507049501 ] } },
{ "type": "Feature", "properties": { "fid": 648, "common_name": null, "scientific_name": "Acacia melanoxylon", "collection_method": "desktop", "created_at": null, "created_by": "jayne.balmer", "coord_wgs84": "145.97655038679713, -43.051404144452384", "modified_at": "2026-02-05T02:07:20.193Z", "modified_by": "peter.jackson" }, "geometry": { "type": "Point", "coordinates": [ 416649.573906560253818, 5232968.621650323271751 ] } },
{ "type": "Feature", "properties": { "fid": 649, "common_name": null, "scientific_name": "Acacia melanoxylon", "collection_method": "desktop", "created_at": null, "created_by": "jayne.balmer", "coord_wgs84": "145.97651943277734, -43.05137273057727", "modified_at": "2026-02-05T02:07:20.195Z", "modified_by": "peter.jackson" }, "geometry": { "type": "Point", "coordinates": [ 416647.010426839522552, 5232972.079434094950557 ] } },
{ "type": "Feature", "properties": { "fid": 650, "common_name": null, "scientific_name": "Acacia melanoxylon", "collection_method": "desktop", "created_at": null, "created_by": "jayne.balmer", "coord_wgs84": "145.97690298538777, -43.05133853656868", "modified_at": "2026-02-05T02:07:20.197Z", "modified_by": "peter.jackson" }, "geometry": { "type": "Point", "coordinates": [ 416678.201164975238498, 5232976.257580686360598 ] } },
{ "type": "Feature", "properties": { "fid": 652, "common_name": null, "scientific_name": "Acacia melanoxylon", "collection_method": "desktop", "created_at": null, "created_by": "jayne.balmer", "coord_wgs84": "145.97594986188213, -43.054324918999406", "modified_at": "2026-02-05T02:07:20.199Z", "modified_by": "peter.jackson" }, "geometry": { "type": "Point", "coordinates": [ 416604.624396436556708, 5232643.671368538402021 ] } },
{ "type": "Feature", "properties": { "fid": 653, "common_name": null, "scientific_name": "Acacia melanoxylon", "collection_method": "desktop", "created_at": null, "created_by": "jayne.balmer", "coord_wgs84": "145.97586413395427, -43.05476629208542", "modified_at": "2026-02-05T02:07:20.200Z", "modified_by": "peter.jackson" }, "geometry": { "type": "Point", "coordinates": [ 416598.241119313286617, 5232594.571424482390285 ] } },
{ "type": "Feature", "properties": { "fid": 654, "common_name": null, "scientific_name": "Acacia melanoxylon", "collection_method": "desktop", "created_at": null, "created_by": "jayne.balmer", "coord_wgs84": "145.97599367383432, -43.05461058449155", "modified_at": "2026-02-05T02:07:20.201Z", "modified_by": "peter.jackson" }, "geometry": { "type": "Point", "coordinates": [ 416608.579435334191658, 5232611.991584159433842 ] } },
{ "type": "Feature", "properties": { "fid": 655, "common_name": null, "scientific_name": "Acacia melanoxylon", "collection_method": "desktop", "created_at": null, "created_by": "jayne.balmer", "coord_wgs84": "145.97596849061256, -43.05466322705786", "modified_at": "2026-02-05T02:07:20.202Z", "modified_by": "peter.jackson" }, "geometry": { "type": "Point", "coordinates": [ 416606.599926621827763, 5232606.120569585822523 ] } },
{ "type": "Feature", "properties": { "fid": 656, "common_name": null, "scientific_name": "Acacia melanoxylon", "collection_method": "desktop", "created_at": null, "created_by": "jayne.balmer", "coord_wgs84": "145.97603302288422, -43.05462758687539", "modified_at": "2026-02-05T02:07:20.204Z", "modified_by": "peter.jackson" }, "geometry": { "type": "Point", "coordinates": [ 416611.806944500189275, 5232610.142561449669302 ] } },
{ "type": "Feature", "properties": { "fid": 657, "common_name": null, "scientific_name": "Nothofagus cunninghamii", "collection_method": "desktop", "created_at": null, "created_by": "jayne.balmer", "coord_wgs84": "145.97614111334246, -43.05479465971235", "modified_at": "2026-02-05T02:07:20.204Z", "modified_by": "peter.jackson" }, "geometry": { "type": "Point", "coordinates": [ 416620.835878233716357, 5232591.696427224203944 ] } },
{ "type": "Feature", "properties": { "fid": 658, "common_name": null, "scientific_name": "Nothofagus cunninghamii", "collection_method": "desktop", "created_at": null, "created_by": "jayne.balmer", "coord_wgs84": "145.97617518098775, -43.05486315218824", "modified_at": "2026-02-05T02:07:20.204Z", "modified_by": "peter.jackson" }, "geometry": { "type": "Point", "coordinates": [ 416623.703036649792921, 5232584.124145655892789 ] } },
{ "type": "Feature", "properties": { "fid": 659, "common_name": null, "scientific_name": "Nothofagus cunninghamii", "collection_method": "desktop", "created_at": null, "created_by": "jayne.balmer", "coord_wgs84": "145.97632991035334, -43.05487211890495", "modified_at": "2026-02-05T02:07:20.204Z", "modified_by": "peter.jackson" }, "geometry": { "type": "Point", "coordinates": [ 416636.315832597378176, 5232583.282109219580889 ] } },
{ "type": "Feature", "properties": { "fid": 660, "common_name": null, "scientific_name": "Nothofagus cunninghamii", "collection_method": "desktop", "created_at": null, "created_by": "jayne.balmer", "coord_wgs84": "145.9764016758789, -43.05480246175174", "modified_at": "2026-02-05T02:07:20.204Z", "modified_by": "peter.jackson" }, "geometry": { "type": "Point", "coordinates": [ 416642.065823520184495, 5232591.088868839666247 ] } },
{ "type": "Feature", "properties": { "fid": 661, "common_name": null, "scientific_name": "Nothofagus cunninghamii", "collection_method": "desktop", "created_at": null, "created_by": "jayne.balmer", "coord_wgs84": "145.97638750663094, -43.05486228987", "modified_at": "2026-02-05T02:07:20.212Z", "modified_by": "peter.jackson" }, "geometry": { "type": "Point", "coordinates": [ 416640.992968359030783, 5232584.430845159105957 ] } },
{ "type": "Feature", "properties": { "fid": 662, "common_name": null, "scientific_name": "Nothofagus cunninghamii", "collection_method": "desktop", "created_at": null, "created_by": "jayne.balmer", "coord_wgs84": "145.9765477100091, -43.05453073135586", "modified_at": "2026-02-05T02:07:20.212Z", "modified_by": "peter.jackson" }, "geometry": { "type": "Point", "coordinates": [ 416653.590347500809003, 5232621.4097446417436 ] } },
{ "type": "Feature", "properties": { "fid": 663, "common_name": null, "scientific_name": "Nothofagus cunninghamii", "collection_method": "desktop", "created_at": null, "created_by": "jayne.balmer", "coord_wgs84": "145.9770900461396, -43.054626271694794", "modified_at": "2026-02-05T02:07:20.212Z", "modified_by": "peter.jackson" }, "geometry": { "type": "Point", "coordinates": [ 416697.885979456244968, 5232611.338442791253328 ] } },
{ "type": "Feature", "properties": { "fid": 664, "common_name": null, "scientific_name": "Acacia melanoxylon", "collection_method": "desktop", "created_at": null, "created_by": "jayne.balmer", "coord_wgs84": "145.97667567486263, -43.05505776032047", "modified_at": "2026-02-05T02:07:20.212Z", "modified_by": "peter.jackson" }, "geometry": { "type": "Point", "coordinates": [ 416664.725147570308764, 5232563.009949259459972 ] } },
{ "type": "Feature", "properties": { "fid": 665, "common_name": null, "scientific_name": "Acacia melanoxylon", "collection_method": "desktop", "created_at": null, "created_by": "jayne.balmer", "coord_wgs84": "145.97661210836466, -43.05509481472", "modified_at": "2026-02-05T02:07:20.212Z", "modified_by": "peter.jackson" }, "geometry": { "type": "Point", "coordinates": [ 416659.598700988281053, 5232558.831906845793128 ] } },
{ "type": "Feature", "properties": { "fid": 666, "common_name": null, "scientific_name": "Lagarostrobos franklinii", "collection_method": "desktop", "created_at": null, "created_by": "jayne.balmer", "coord_wgs84": "145.97698504905705, -43.054842804415124", "modified_at": "2026-02-05T02:07:20.212Z", "modified_by": "peter.jackson" }, "geometry": { "type": "Point", "coordinates": [ 416689.628472695825621, 5232587.188120508566499 ] } },
{ "type": "Feature", "properties": { "fid": 667, "common_name": null, "scientific_name": "Lagarostrobos franklinii", "collection_method": "desktop", "created_at": null, "created_by": "jayne.balmer", "coord_wgs84": "145.97713592806912, -43.054837669371345", "modified_at": "2026-02-05T02:07:20.220Z", "modified_by": "peter.jackson" }, "geometry": { "type": "Point", "coordinates": [ 416701.908614647982176, 5232587.908149424009025 ] } },
{ "type": "Feature", "properties": { "fid": 668, "common_name": null, "scientific_name": "Lagarostrobos franklinii", "collection_method": "desktop", "created_at": null, "created_by": "jayne.balmer", "coord_wgs84": "145.9768324713187, -43.054781446278135", "modified_at": "2026-02-05T02:07:20.220Z", "modified_by": "peter.jackson" }, "geometry": { "type": "Point", "coordinates": [ 416677.119962028868031, 5232593.850490445271134 ] } },
{ "type": "Feature", "properties": { "fid": 669, "common_name": null, "scientific_name": "Lagarostrobos franklinii", "collection_method": "desktop", "created_at": null, "created_by": "jayne.balmer", "coord_wgs84": "145.9767541622437, -43.054798072705346", "modified_at": "2026-02-05T02:07:20.222Z", "modified_by": "peter.jackson" }, "geometry": { "type": "Point", "coordinates": [ 416670.765234909893479, 5232591.926357161253691 ] } },
{ "type": "Feature", "properties": { "fid": 670, "common_name": null, "scientific_name": "Lagarostrobos franklinii", "collection_method": "desktop", "created_at": null, "created_by": "jayne.balmer", "coord_wgs84": "145.97673508382397, -43.05483274422158", "modified_at": "2026-02-05T02:07:20.224Z", "modified_by": "peter.jackson" }, "geometry": { "type": "Point", "coordinates": [ 416669.25849957059836, 5232588.057119248434901 ] } },
{ "type": "Feature", "properties": { "fid": 671, "common_name": null, "scientific_name": "Nothofagus cunninghamii", "collection_method": "desktop", "created_at": null, "created_by": "jayne.balmer", "coord_wgs84": "145.97677875124313, -43.05484014628636", "modified_at": "2026-02-05T02:07:20.224Z", "modified_by": "peter.jackson" }, "geometry": { "type": "Point", "coordinates": [ 416672.824654778698459, 5232587.278477486222982 ] } },
{ "type": "Feature", "properties": { "fid": 672, "common_name": null, "scientific_name": "Nothofagus cunninghamii", "collection_method": "desktop", "created_at": null, "created_by": "jayne.balmer", "coord_wgs84": "145.97604181604805, -43.05568364611144", "modified_at": "2026-02-05T02:07:20.224Z", "modified_by": "peter.jackson" }, "geometry": { "type": "Point", "coordinates": [ 416613.954056266753469, 5232492.875277870334685 ] } },
{ "type": "Feature", "properties": { "fid": 673, "common_name": null, "scientific_name": "Nothofagus cunninghamii", "collection_method": "desktop", "created_at": null, "created_by": "jayne.balmer", "coord_wgs84": "145.97608623833722, -43.05551243227529", "modified_at": "2026-02-05T02:07:20.224Z", "modified_by": "peter.jackson" }, "geometry": { "type": "Point", "coordinates": [ 416617.339615943317767, 5232511.932821608148515 ] } },
{ "type": "Feature", "properties": { "fid": 674, "common_name": null, "scientific_name": "Nothofagus cunninghamii", "collection_method": "desktop", "created_at": null, "created_by": "jayne.balmer", "coord_wgs84": "145.97628273467825, -43.05548530854689", "modified_at": "2026-02-05T02:07:20.224Z", "modified_by": "peter.jackson" }, "geometry": { "type": "Point", "coordinates": [ 416633.304714917729143, 5232515.140159757807851 ] } },
{ "type": "Feature", "properties": { "fid": 675, "common_name": null, "scientific_name": "Nothofagus cunninghamii", "collection_method": "desktop", "created_at": null, "created_by": "jayne.balmer", "coord_wgs84": "145.9761722468478, -43.055480712194644", "modified_at": "2026-02-05T02:07:20.224Z", "modified_by": "peter.jackson" }, "geometry": { "type": "Point", "coordinates": [ 416624.300813973939512, 5232515.540815535001457 ] } },
{ "type": "Feature", "properties": { "fid": 676, "common_name": null, "scientific_name": "Lagarostrobos franklinii", "collection_method": "desktop", "created_at": null, "created_by": "jayne.balmer", "coord_wgs84": "145.97624591403343, -43.055531845812524", "modified_at": "2026-02-05T02:07:20.233Z", "modified_by": "peter.jackson" }, "geometry": { "type": "Point", "coordinates": [ 416630.369242014596239, 5232509.935587015934289 ] } },
{ "type": "Feature", "properties": { "fid": 677, "common_name": null, "scientific_name": "Lagarostrobos franklinii", "collection_method": "desktop", "created_at": null, "created_by": "jayne.balmer", "coord_wgs84": "145.97618223178162, -43.05551540646583", "modified_at": "2026-02-05T02:07:20.233Z", "modified_by": "peter.jackson" }, "geometry": { "type": "Point", "coordinates": [ 416625.160952523991, 5232511.697916104458272 ] } },
{ "type": "Feature", "properties": { "fid": 678, "common_name": null, "scientific_name": "Lagarostrobos franklinii", "collection_method": "desktop", "created_at": null, "created_by": "jayne.balmer", "coord_wgs84": "145.97598849625223, -43.055451329996465", "modified_at": "2026-02-05T02:07:20.236Z", "modified_by": "peter.jackson" }, "geometry": { "type": "Point", "coordinates": [ 416609.297104983299505, 5232518.621140424162149 ] } },
{ "type": "Feature", "properties": { "fid": 679, "common_name": null, "scientific_name": "Lagarostrobos franklinii", "collection_method": "desktop", "created_at": null, "created_by": "jayne.balmer", "coord_wgs84": "145.97582849124365, -43.05544717053158", "modified_at": "2026-02-05T02:07:20.236Z", "modified_by": "peter.jackson" }, "geometry": { "type": "Point", "coordinates": [ 416596.261311972572003, 5232518.924033707939088 ] } },
{ "type": "Feature", "properties": { "fid": 680, "common_name": null, "scientific_name": "Lagarostrobos franklinii", "collection_method": "desktop", "created_at": null, "created_by": "jayne.balmer", "coord_wgs84": "145.9756323822773, -43.05535386532504", "modified_at": "2026-02-05T02:07:20.236Z", "modified_by": "peter.jackson" }, "geometry": { "type": "Point", "coordinates": [ 416580.164511009003036, 5232529.090701293200254 ] } },
{ "type": "Feature", "properties": { "fid": 681, "common_name": null, "scientific_name": "Lagarostrobos franklinii", "collection_method": "desktop", "created_at": null, "created_by": "jayne.balmer", "coord_wgs84": "145.97564585680647, -43.0553960349398", "modified_at": "2026-02-05T02:07:20.236Z", "modified_by": "peter.jackson" }, "geometry": { "type": "Point", "coordinates": [ 416581.318988129263744, 5232524.421134592965245 ] } },
{ "type": "Feature", "properties": { "fid": 682, "common_name": null, "scientific_name": "Acacia melanoxylon", "collection_method": "desktop", "created_at": null, "created_by": "jayne.balmer", "coord_wgs84": "145.97645848726293, -43.05557758962389", "modified_at": "2026-02-05T02:07:20.236Z", "modified_by": "peter.jackson" }, "geometry": { "type": "Point", "coordinates": [ 416647.742277052020654, 5232505.066878837533295 ] } },
{ "type": "Feature", "properties": { "fid": 683, "common_name": null, "scientific_name": "Acacia melanoxylon", "collection_method": "desktop", "created_at": null, "created_by": "jayne.balmer", "coord_wgs84": "145.97646074642236, -43.055511855013116", "modified_at": "2026-02-05T02:07:20.243Z", "modified_by": "peter.jackson" }, "geometry": { "type": "Point", "coordinates": [ 416647.837214915489312, 5232512.368991831317544 ] } },
{ "type": "Feature", "properties": { "fid": 684, "common_name": null, "scientific_name": "Acacia melanoxylon", "collection_method": "desktop", "created_at": null, "created_by": "jayne.balmer", "coord_wgs84": "145.97639286570492, -43.05555890680986", "modified_at": "2026-02-05T02:07:20.243Z", "modified_by": "peter.jackson" }, "geometry": { "type": "Point", "coordinates": [ 416642.373028133122716, 5232507.076433066278696 ] } },
{ "type": "Feature", "properties": { "fid": 685, "common_name": null, "scientific_name": "Nothofagus cunninghamii", "collection_method": "desktop", "created_at": null, "created_by": "jayne.balmer", "coord_wgs84": "145.97658771395496, -43.05551263500869", "modified_at": "2026-02-05T02:07:20.243Z", "modified_by": "peter.jackson" }, "geometry": { "type": "Point", "coordinates": [ 416658.177979138388764, 5232512.408481174148619 ] } },
{ "type": "Feature", "properties": { "fid": 686, "common_name": null, "scientific_name": "Lagarostrobos franklinii", "collection_method": "desktop", "created_at": null, "created_by": "jayne.balmer", "coord_wgs84": "145.97661663418586, -43.055593663449486", "modified_at": "2026-02-05T02:07:20.243Z", "modified_by": "peter.jackson" }, "geometry": { "type": "Point", "coordinates": [ 416660.642859943909571, 5232503.43894531391561 ] } },
{ "type": "Feature", "properties": { "fid": 687, "common_name": null, "scientific_name": "Lagarostrobos franklinii", "collection_method": "desktop", "created_at": null, "created_by": "jayne.balmer", "coord_wgs84": "145.97674080757994, -43.055596049830115", "modified_at": "2026-02-05T02:07:20.243Z", "modified_by": "peter.jackson" }, "geometry": { "type": "Point", "coordinates": [ 416670.758242788026109, 5232503.297250780276954 ] } },
{ "type": "Feature", "properties": { "fid": 688, "common_name": null, "scientific_name": "Lagarostrobos franklinii", "collection_method": "desktop", "created_at": null, "created_by": "jayne.balmer", "coord_wgs84": "145.976879108956, -43.055609367846166", "modified_at": "2026-02-05T02:07:20.243Z", "modified_by": "peter.jackson" }, "geometry": { "type": "Point", "coordinates": [ 416682.038948313391302, 5232501.955604048445821 ] } },
{ "type": "Feature", "properties": { "fid": 689, "common_name": null, "scientific_name": "Lagarostrobos franklinii", "collection_method": "desktop", "created_at": null, "created_by": "jayne.balmer", "coord_wgs84": "145.97708329924157, -43.05554592493742", "modified_at": "2026-02-05T02:07:20.252Z", "modified_by": "peter.jackson" }, "geometry": { "type": "Point", "coordinates": [ 416698.581447371398099, 5232509.203696035780013 ] } },
{ "type": "Feature", "properties": { "fid": 690, "common_name": null, "scientific_name": "Lagarostrobos franklinii", "collection_method": "desktop", "created_at": null, "created_by": "jayne.balmer", "coord_wgs84": "145.97665842087275, -43.05548116031871", "modified_at": "2026-02-05T02:07:20.252Z", "modified_by": "peter.jackson" }, "geometry": { "type": "Point", "coordinates": [ 416663.893431738077197, 5232515.973986475728452 ] } },
{ "type": "Feature", "properties": { "fid": 691, "common_name": null, "scientific_name": "Lagarostrobos franklinii", "collection_method": "desktop", "created_at": null, "created_by": "jayne.balmer", "coord_wgs84": "145.9766949918421, -43.055454265469876", "modified_at": "2026-02-05T02:07:20.254Z", "modified_by": "peter.jackson" }, "geometry": { "type": "Point", "coordinates": [ 416666.835199798282702, 5232518.996994012035429 ] } },
{ "type": "Feature", "properties": { "fid": 692, "common_name": null, "scientific_name": "Lagarostrobos franklinii", "collection_method": "desktop", "created_at": null, "created_by": "jayne.balmer", "coord_wgs84": "145.9766105571933, -43.05540754334025", "modified_at": "2026-02-05T02:07:20.254Z", "modified_by": "peter.jackson" }, "geometry": { "type": "Point", "coordinates": [ 416659.895910313178319, 5232524.10166241787374 ] } },
{ "type": "Feature", "properties": { "fid": 696, "common_name": null, "scientific_name": "Eucalyptus nitida", "collection_method": "desktop", "created_at": null, "created_by": "jayne.balmer", "coord_wgs84": "145.97517911721553, -43.055486064556625", "modified_at": "2026-02-05T02:07:20.254Z", "modified_by": "peter.jackson" }, "geometry": { "type": "Point", "coordinates": [ 416543.431683309143409, 5232513.959205467253923 ] } },
{ "type": "Feature", "properties": { "fid": 698, "common_name": null, "scientific_name": "Eucalyptus nitida", "collection_method": "desktop", "created_at": null, "created_by": "jayne.balmer", "coord_wgs84": "145.9752725510315, -43.055526834461894", "modified_at": "2026-02-05T02:07:20.254Z", "modified_by": "peter.jackson" }, "geometry": { "type": "Point", "coordinates": [ 416551.095835642598104, 5232509.524601601995528 ] } },
{ "type": "Feature", "properties": { "fid": 699, "common_name": null, "scientific_name": "Acacia melanoxylon", "collection_method": "desktop", "created_at": null, "created_by": "jayne.balmer", "coord_wgs84": "145.97592378033443, -43.05548318189159", "modified_at": "2026-02-05T02:07:20.254Z", "modified_by": "peter.jackson" }, "geometry": { "type": "Point", "coordinates": [ 416604.070070953806862, 5232515.019654217176139 ] } },
{ "type": "Feature", "properties": { "fid": 700, "common_name": null, "scientific_name": "Acacia melanoxylon", "collection_method": "desktop", "created_at": null, "created_by": "jayne.balmer", "coord_wgs84": "145.9757698885793, -43.05534073628896", "modified_at": "2026-02-05T02:07:20.254Z", "modified_by": "peter.jackson" }, "geometry": { "type": "Point", "coordinates": [ 416591.344685947347898, 5232530.685374394990504 ] } },
{ "type": "Feature", "properties": { "fid": 701, "common_name": null, "scientific_name": "Acacia melanoxylon", "collection_method": "desktop", "created_at": null, "created_by": "jayne.balmer", "coord_wgs84": "145.97594952190593, -43.055376851440265", "modified_at": "2026-02-05T02:07:20.254Z", "modified_by": "peter.jackson" }, "geometry": { "type": "Point", "coordinates": [ 416606.022260699188337, 5232526.853298228234053 ] } },
{ "type": "Feature", "properties": { "fid": 702, "common_name": null, "scientific_name": "Nothofagus cunninghamii", "collection_method": "desktop", "created_at": null, "created_by": "jayne.balmer", "coord_wgs84": "145.9758230798949, -43.05520437666583", "modified_at": "2026-02-05T02:07:20.264Z", "modified_by": "peter.jackson" }, "geometry": { "type": "Point", "coordinates": [ 416595.491562351991888, 5232545.881062888540328 ] } },
{ "type": "Feature", "properties": { "fid": 703, "common_name": null, "scientific_name": "Eucalyptus nitida", "collection_method": "desktop", "created_at": null, "created_by": "jayne.balmer", "coord_wgs84": "145.97771665541921, -43.04966636141267", "modified_at": "2026-02-05T02:07:20.264Z", "modified_by": "peter.jackson" }, "geometry": { "type": "Point", "coordinates": [ 416742.205571265076287, 5233162.761031926609576 ] } },
{ "type": "Feature", "properties": { "fid": 704, "common_name": null, "scientific_name": "Eucalyptus nitida", "collection_method": "desktop", "created_at": null, "created_by": "jayne.balmer", "coord_wgs84": "145.97737992454256, -43.0493082943555", "modified_at": "2026-02-05T02:07:20.264Z", "modified_by": "peter.jackson" }, "geometry": { "type": "Point", "coordinates": [ 416714.296488239429891, 5233202.190444559790194 ] } },
{ "type": "Feature", "properties": { "fid": 705, "common_name": null, "scientific_name": "Eucalyptus nitida", "collection_method": "desktop", "created_at": null, "created_by": "jayne.balmer", "coord_wgs84": "145.9778843900491, -43.04997256754192", "modified_at": "2026-02-05T02:07:20.268Z", "modified_by": "peter.jackson" }, "geometry": { "type": "Point", "coordinates": [ 416756.280618317774497, 5233128.923076339997351 ] } },
{ "type": "Feature", "properties": { "fid": 706, "common_name": null, "scientific_name": "Eucalyptus nitida", "collection_method": "desktop", "created_at": null, "created_by": "jayne.balmer", "coord_wgs84": "145.97707581061383, -43.049943639646784", "modified_at": "2026-02-05T02:07:20.268Z", "modified_by": "peter.jackson" }, "geometry": { "type": "Point", "coordinates": [ 416690.38818913634168, 5233131.33318713773042 ] } },
{ "type": "Feature", "properties": { "fid": 707, "common_name": null, "scientific_name": "Eucalyptus nitida", "collection_method": "desktop", "created_at": null, "created_by": "jayne.balmer", "coord_wgs84": "145.97768784993679, -43.049832781853716", "modified_at": "2026-02-05T02:07:20.268Z", "modified_by": "peter.jackson" }, "geometry": { "type": "Point", "coordinates": [ 416740.084673764009494, 5233144.251381007954478 ] } },
{ "type": "Feature", "properties": { "fid": 708, "common_name": null, "scientific_name": "Eucalyptus nitida", "collection_method": "desktop", "created_at": null, "created_by": "jayne.balmer", "coord_wgs84": "145.97748079538437, -43.05011220064278", "modified_at": "2026-02-05T02:07:20.274Z", "modified_by": "peter.jackson" }, "geometry": { "type": "Point", "coordinates": [ 416723.599515914742369, 5233113.016345080919564 ] } },
{ "type": "Feature", "properties": { "fid": 709, "common_name": null, "scientific_name": "Eucalyptus nitida", "collection_method": "desktop", "created_at": null, "created_by": "jayne.balmer", "coord_wgs84": "145.97752758756266, -43.04942824507995", "modified_at": "2026-02-05T02:07:20.274Z", "modified_by": "peter.jackson" }, "geometry": { "type": "Point", "coordinates": [ 416726.485049457231071, 5233189.016385401599109 ] } },
{ "type": "Feature", "properties": { "fid": 710, "common_name": null, "scientific_name": "Eucalyptus nitida", "collection_method": "desktop", "created_at": null, "created_by": "jayne.balmer", "coord_wgs84": "145.97793374005232, -43.04945995328806", "modified_at": "2026-02-05T02:07:20.276Z", "modified_by": "peter.jackson" }, "geometry": { "type": "Point", "coordinates": [ 416759.606571217009332, 5233185.898095573298633 ] } },
{ "type": "Feature", "properties": { "fid": 711, "common_name": null, "scientific_name": "Eucalyptus nitida", "collection_method": "desktop", "created_at": null, "created_by": "jayne.balmer", "coord_wgs84": "145.97794665372612, -43.04928818215741", "modified_at": "2026-02-05T02:07:20.278Z", "modified_by": "peter.jackson" }, "geometry": { "type": "Point", "coordinates": [ 416760.426008887938224, 5233204.986173082143068 ] } },
{ "type": "Feature", "properties": { "fid": 712, "common_name": null, "scientific_name": "Eucalyptus nitida", "collection_method": "desktop", "created_at": null, "created_by": "jayne.balmer", "coord_wgs84": "145.97739975067148, -43.0494686384617", "modified_at": "2026-02-05T02:07:20.278Z", "modified_by": "peter.jackson" }, "geometry": { "type": "Point", "coordinates": [ 416716.128172444703523, 5233184.40382687933743 ] } },
{ "type": "Feature", "properties": { "fid": 713, "common_name": null, "scientific_name": "Eucalyptus nitida", "collection_method": "desktop", "created_at": null, "created_by": "jayne.balmer", "coord_wgs84": "145.97777988291784, -43.04945857900597", "modified_at": "2026-02-05T02:07:20.280Z", "modified_by": "peter.jackson" }, "geometry": { "type": "Point", "coordinates": [ 416747.073995074199047, 5233185.898095573298633 ] } },
{ "type": "Feature", "properties": { "fid": 714, "common_name": null, "scientific_name": "Eucalyptus nitida", "collection_method": "desktop", "created_at": null, "created_by": "jayne.balmer", "coord_wgs84": "145.97784225287648, -43.04903876547248", "modified_at": "2026-02-05T02:07:20.282Z", "modified_by": "peter.jackson" }, "geometry": { "type": "Point", "coordinates": [ 416751.585836239508353, 5233232.580464649945498 ] } },
{ "type": "Feature", "properties": { "fid": 715, "common_name": null, "scientific_name": "Eucalyptus nitida", "collection_method": "desktop", "created_at": null, "created_by": "jayne.balmer", "coord_wgs84": "145.977838617476, -43.04907350167082", "modified_at": "2026-02-05T02:07:20.284Z", "modified_by": "peter.jackson" }, "geometry": { "type": "Point", "coordinates": [ 416751.336734793556388, 5233228.719386716373265 ] } },
{ "type": "Feature", "properties": { "fid": 716, "common_name": null, "scientific_name": "Eucalyptus nitida", "collection_method": "desktop", "created_at": null, "created_by": "jayne.balmer", "coord_wgs84": "145.97788781190386, -43.04903434736981", "modified_at": "2026-02-05T02:07:20.285Z", "modified_by": "peter.jackson" }, "geometry": { "type": "Point", "coordinates": [ 416755.290388887748122, 5233233.116287833079696 ] } },
{ "type": "Feature", "properties": { "fid": 717, "common_name": null, "scientific_name": "Eucalyptus nitida", "collection_method": "desktop", "created_at": null, "created_by": "jayne.balmer", "coord_wgs84": "145.97806077009153, -43.048760086122456", "modified_at": "2026-02-05T02:07:20.287Z", "modified_by": "peter.jackson" }, "geometry": { "type": "Point", "coordinates": [ 416769.006003324117046, 5233263.744674305431545 ] } },
{ "type": "Feature", "properties": { "fid": 718, "common_name": null, "scientific_name": "Eucalyptus nitida", "collection_method": "desktop", "created_at": null, "created_by": "jayne.balmer", "coord_wgs84": "145.97809326061173, -43.04883503403783", "modified_at": "2026-02-05T02:07:20.287Z", "modified_by": "peter.jackson" }, "geometry": { "type": "Point", "coordinates": [ 416771.753529632347636, 5233255.453893165104091 ] } },
{ "type": "Feature", "properties": { "fid": 719, "common_name": null, "scientific_name": "Eucalyptus nitida", "collection_method": "desktop", "created_at": null, "created_by": "jayne.balmer", "coord_wgs84": "145.97773368046802, -43.04844529480738", "modified_at": "2026-02-05T02:07:20.289Z", "modified_by": "peter.jackson" }, "geometry": { "type": "Point", "coordinates": [ 416741.940459077188279, 5233298.377966455183923 ] } },
{ "type": "Feature", "properties": { "fid": 720, "common_name": null, "scientific_name": "Eucalyptus nitida", "collection_method": "desktop", "created_at": null, "created_by": "jayne.balmer", "coord_wgs84": "145.97793408803201, -43.048200432137136", "modified_at": "2026-02-05T02:07:20.291Z", "modified_by": "peter.jackson" }, "geometry": { "type": "Point", "coordinates": [ 416757.931544213264715, 5233325.76887565664947 ] } },
{ "type": "Feature", "properties": { "fid": 721, "common_name": null, "scientific_name": "Eucalyptus nitida", "collection_method": "desktop", "created_at": null, "created_by": "jayne.balmer", "coord_wgs84": "145.9779794109299, -43.04866093714696", "modified_at": "2026-02-05T02:07:20.291Z", "modified_by": "peter.jackson" }, "geometry": { "type": "Point", "coordinates": [ 416762.245642539404798, 5233274.674526768736541 ] } },
{ "type": "Feature", "properties": { "fid": 722, "common_name": null, "scientific_name": "Eucalyptus nitida", "collection_method": "desktop", "created_at": null, "created_by": "jayne.balmer", "coord_wgs84": "145.97790385426183, -43.0488895528128", "modified_at": "2026-02-05T02:07:20.293Z", "modified_by": "peter.jackson" }, "geometry": { "type": "Point", "coordinates": [ 416756.401123857300263, 5233249.211706203408539 ] } },
{ "type": "Feature", "properties": { "fid": 723, "common_name": null, "scientific_name": "Eucalyptus nitida", "collection_method": "desktop", "created_at": null, "created_by": "jayne.balmer", "coord_wgs84": "145.97764247536094, -43.048330954241", "modified_at": "2026-02-05T02:07:20.295Z", "modified_by": "peter.jackson" }, "geometry": { "type": "Point", "coordinates": [ 416734.357565334590618, 5233310.985057635232806 ] } },
{ "type": "Feature", "properties": { "fid": 724, "common_name": null, "scientific_name": "Eucalyptus nitida", "collection_method": "desktop", "created_at": null, "created_by": "jayne.balmer", "coord_wgs84": "145.9765592239898, -43.04809569018291", "modified_at": "2026-02-05T02:07:20.297Z", "modified_by": "peter.jackson" }, "geometry": { "type": "Point", "coordinates": [ 416645.813189951237291, 5233336.035947649739683 ] } },
{ "type": "Feature", "properties": { "fid": 725, "common_name": null, "scientific_name": "Eucalyptus nitida", "collection_method": "desktop", "created_at": null, "created_by": "jayne.balmer", "coord_wgs84": "145.97648937827063, -43.04810946659215", "modified_at": "2026-02-05T02:07:20.297Z", "modified_by": "peter.jackson" }, "geometry": { "type": "Point", "coordinates": [ 416640.143216658849269, 5233334.436699049547315 ] } },
{ "type": "Feature", "properties": { "fid": 726, "common_name": null, "scientific_name": "Eucalyptus nitida", "collection_method": "desktop", "created_at": null, "created_by": "jayne.balmer", "coord_wgs84": "145.97632912532308, -43.04814159534003", "modified_at": "2026-02-05T02:07:20.299Z", "modified_by": "peter.jackson" }, "geometry": { "type": "Point", "coordinates": [ 416627.134831276896875, 5233330.709602789022028 ] } },
{ "type": "Feature", "properties": { "fid": 727, "common_name": null, "scientific_name": "Eucalyptus nitida", "collection_method": "desktop", "created_at": null, "created_by": "jayne.balmer", "coord_wgs84": "145.9764854683975, -43.048139329824494", "modified_at": "2026-02-05T02:07:20.301Z", "modified_by": "peter.jackson" }, "geometry": { "type": "Point", "coordinates": [ 416639.865218091930728, 5233331.116489415988326 ] } },
{ "type": "Feature", "properties": { "fid": 728, "common_name": null, "scientific_name": "Eucalyptus nitida", "collection_method": "desktop", "created_at": null, "created_by": "jayne.balmer", "coord_wgs84": "145.97646617211691, -43.04808595976991", "modified_at": "2026-02-05T02:07:20.303Z", "modified_by": "peter.jackson" }, "geometry": { "type": "Point", "coordinates": [ 416638.221340941672679, 5233337.024093076586723 ] } },
{ "type": "Feature", "properties": { "fid": 729, "common_name": null, "scientific_name": "Eucalyptus nitida", "collection_method": "desktop", "created_at": null, "created_by": "jayne.balmer", "coord_wgs84": "145.97574372036928, -43.04779084785879", "modified_at": "2026-02-05T02:07:20.303Z", "modified_by": "peter.jackson" }, "geometry": { "type": "Point", "coordinates": [ 416578.980817558884155, 5233369.078566671349108 ] } },
{ "type": "Feature", "properties": { "fid": 730, "common_name": null, "scientific_name": "Eucalyptus nitida", "collection_method": "desktop", "created_at": null, "created_by": "jayne.balmer", "coord_wgs84": "145.97554561744397, -43.04774566885744", "modified_at": "2026-02-05T02:07:20.305Z", "modified_by": "peter.jackson" }, "geometry": { "type": "Point", "coordinates": [ 416562.784873005119152, 5233373.8987882649526 ] } },
{ "type": "Feature", "properties": { "fid": 731, "common_name": null, "scientific_name": "Eucalyptus nitida", "collection_method": "desktop", "created_at": null, "created_by": "jayne.balmer", "coord_wgs84": "145.97563395549204, -43.047558513044", "modified_at": "2026-02-05T02:07:20.305Z", "modified_by": "peter.jackson" }, "geometry": { "type": "Point", "coordinates": [ 416569.725992099673022, 5233394.77034776378423 ] } },
{ "type": "Feature", "properties": { "fid": 732, "common_name": null, "scientific_name": "Eucalyptus nitida", "collection_method": "desktop", "created_at": null, "created_by": "jayne.balmer", "coord_wgs84": "145.9755408279263, -43.04760672779053", "modified_at": "2026-02-05T02:07:20.305Z", "modified_by": "peter.jackson" }, "geometry": { "type": "Point", "coordinates": [ 416562.206446413998492, 5233389.323497363366187 ] } },
{ "type": "Feature", "properties": { "fid": 733, "common_name": null, "scientific_name": "Eucalyptus nitida", "collection_method": "desktop", "created_at": null, "created_by": "jayne.balmer", "coord_wgs84": "145.97521202460072, -43.04768039477112", "modified_at": "2026-02-05T02:07:20.310Z", "modified_by": "peter.jackson" }, "geometry": { "type": "Point", "coordinates": [ 416535.526519894599915, 5233380.815806251019239 ] } },
{ "type": "Feature", "properties": { "fid": 734, "common_name": null, "scientific_name": "Eucalyptus nitida", "collection_method": "desktop", "created_at": null, "created_by": "jayne.balmer", "coord_wgs84": "145.9757190795469, -43.047546687358945", "modified_at": "2026-02-05T02:07:20.310Z", "modified_by": "peter.jackson" }, "geometry": { "type": "Point", "coordinates": [ 416576.643010086147115, 5233396.168212027288973 ] } },
{ "type": "Feature", "properties": { "fid": 735, "common_name": null, "scientific_name": "Acacia melanoxylon", "collection_method": "desktop", "created_at": null, "created_by": "jayne.balmer", "coord_wgs84": "145.97432867069728, -43.051019440768336", "modified_at": "2026-02-05T02:07:20.314Z", "modified_by": "peter.jackson" }, "geometry": { "type": "Point", "coordinates": [ 416468.112373065028805, 5233009.134202983230352 ] } },
{ "type": "Feature", "properties": { "fid": 736, "common_name": null, "scientific_name": "Acacia melanoxylon", "collection_method": "desktop", "created_at": null, "created_by": "jayne.balmer", "coord_wgs84": "145.97444156669815, -43.050880575745964", "modified_at": "2026-02-05T02:07:20.315Z", "modified_by": "peter.jackson" }, "geometry": { "type": "Point", "coordinates": [ 416477.118376087979414, 5233024.667603032663465 ] } },
{ "type": "Feature", "properties": { "fid": 737, "common_name": null, "scientific_name": "Acacia melanoxylon", "collection_method": "desktop", "created_at": null, "created_by": "jayne.balmer", "coord_wgs84": "145.97445320554135, -43.05100483352081", "modified_at": "2026-02-05T02:07:20.315Z", "modified_by": "peter.jackson" }, "geometry": { "type": "Point", "coordinates": [ 416478.234891002473887, 5233010.88029426522553 ] } },
{ "type": "Feature", "properties": { "fid": 738, "common_name": null, "scientific_name": "Acacia melanoxylon", "collection_method": "desktop", "created_at": null, "created_by": "jayne.balmer", "coord_wgs84": "145.97473858643158, -43.05104979511333", "modified_at": "2026-02-05T02:07:20.315Z", "modified_by": "peter.jackson" }, "geometry": { "type": "Point", "coordinates": [ 416501.537825769686606, 5233006.171266146935523 ] } },
{ "type": "Feature", "properties": { "fid": 739, "common_name": null, "scientific_name": "Eucalyptus nitida", "collection_method": "desktop", "created_at": null, "created_by": "jayne.balmer", "coord_wgs84": "145.97403559771948, -43.05057532066894", "modified_at": "2026-02-05T02:07:20.315Z", "modified_by": "peter.jackson" }, "geometry": { "type": "Point", "coordinates": [ 416443.64104577107355, 5233058.162223350256681 ] } },
{ "type": "Feature", "properties": { "fid": 740, "common_name": null, "scientific_name": "Eucalyptus nitida", "collection_method": "desktop", "created_at": null, "created_by": "jayne.balmer", "coord_wgs84": "145.97459549775868, -43.05078825226562", "modified_at": "2026-02-05T02:07:20.315Z", "modified_by": "peter.jackson" }, "geometry": { "type": "Point", "coordinates": [ 416489.52955534006469, 5233035.073361915536225 ] } },
{ "type": "Feature", "properties": { "fid": 741, "common_name": null, "scientific_name": "Eucalyptus nitida", "collection_method": "desktop", "created_at": null, "created_by": "jayne.balmer", "coord_wgs84": "145.9743626078295, -43.05077010507084", "modified_at": "2026-02-05T02:07:20.315Z", "modified_by": "peter.jackson" }, "geometry": { "type": "Point", "coordinates": [ 416470.537882262142375, 5233036.856843905523419 ] } },
{ "type": "Feature", "properties": { "fid": 742, "common_name": null, "scientific_name": "Eucalyptus nitida", "collection_method": "desktop", "created_at": null, "created_by": "jayne.balmer", "coord_wgs84": "145.97422157712649, -43.05081571907176", "modified_at": "2026-02-05T02:07:20.315Z", "modified_by": "peter.jackson" }, "geometry": { "type": "Point", "coordinates": [ 416459.113957085821312, 5233031.651004584506154 ] } },
{ "type": "Feature", "properties": { "fid": 743, "common_name": null, "scientific_name": "Eucalyptus nitida", "collection_method": "desktop", "created_at": null, "created_by": "jayne.balmer", "coord_wgs84": "145.97377772015187, -43.050174544363756", "modified_at": "2026-02-05T02:07:20.325Z", "modified_by": "peter.jackson" }, "geometry": { "type": "Point", "coordinates": [ 416422.094655248627532, 5233102.411857574246824 ] } },
{ "type": "Feature", "properties": { "fid": 744, "common_name": null, "scientific_name": "Eucalyptus nitida", "collection_method": "desktop", "created_at": null, "created_by": "jayne.balmer", "coord_wgs84": "145.97367741828188, -43.05090112370979", "modified_at": "2026-02-05T02:07:20.325Z", "modified_by": "peter.jackson" }, "geometry": { "type": "Point", "coordinates": [ 416414.912525074498262, 5233021.624943669885397 ] } },
{ "type": "Feature", "properties": { "fid": 745, "common_name": null, "scientific_name": "Eucalyptus nitida", "collection_method": "desktop", "created_at": null, "created_by": "jayne.balmer", "coord_wgs84": "145.97386188402277, -43.05009630079367", "modified_at": "2026-02-05T02:07:20.325Z", "modified_by": "peter.jackson" }, "geometry": { "type": "Point", "coordinates": [ 416428.842965479416307, 5233111.184660874307156 ] } },
{ "type": "Feature", "properties": { "fid": 746, "common_name": null, "scientific_name": "Eucalyptus nitida", "collection_method": "desktop", "created_at": null, "created_by": "jayne.balmer", "coord_wgs84": "145.97325046126016, -43.05038250251057", "modified_at": "2026-02-05T02:07:20.325Z", "modified_by": "peter.jackson" }, "geometry": { "type": "Point", "coordinates": [ 416379.435694147250615, 5233078.792771769687533 ] } },
{ "type": "Feature", "properties": { "fid": 747, "common_name": null, "scientific_name": "Eucalyptus nitida", "collection_method": "desktop", "created_at": null, "created_by": "jayne.balmer", "coord_wgs84": "145.97388807245153, -43.049945483910335", "modified_at": "2026-02-05T02:07:20.331Z", "modified_by": "peter.jackson" }, "geometry": { "type": "Point", "coordinates": [ 416430.771054116776213, 5233127.959032019600272 ] } },
{ "type": "Feature", "properties": { "fid": 748, "common_name": null, "scientific_name": "Eucalyptus nitida", "collection_method": "desktop", "created_at": null, "created_by": "jayne.balmer", "coord_wgs84": "145.97433818486266, -43.0508150280574", "modified_at": "2026-02-05T02:07:20.331Z", "modified_by": "peter.jackson" }, "geometry": { "type": "Point", "coordinates": [ 416468.609793624782469, 5233031.843813448213041 ] } },
{ "type": "Feature", "properties": { "fid": 749, "common_name": null, "scientific_name": "Eucalyptus nitida", "collection_method": "desktop", "created_at": null, "created_by": "jayne.balmer", "coord_wgs84": "145.97420951566525, -43.05068713019791", "modified_at": "2026-02-05T02:07:20.331Z", "modified_by": "peter.jackson" }, "geometry": { "type": "Point", "coordinates": [ 416457.957103903405368, 5233045.91886050067842 ] } },
{ "type": "Feature", "properties": { "fid": 750, "common_name": null, "scientific_name": "Eucalyptus nitida", "collection_method": "desktop", "created_at": null, "created_by": "jayne.balmer", "coord_wgs84": "145.97395913213455, -43.050688791970266", "modified_at": "2026-02-05T02:07:20.336Z", "modified_by": "peter.jackson" }, "geometry": { "type": "Point", "coordinates": [ 416437.567566563433502, 5233045.485040557570755 ] } },
{ "type": "Feature", "properties": { "fid": 751, "common_name": null, "scientific_name": "Eucalyptus nitida", "collection_method": "desktop", "created_at": null, "created_by": "jayne.balmer", "coord_wgs84": "145.97378752796456, -43.05097069214401", "modified_at": "2026-02-05T02:07:20.336Z", "modified_by": "peter.jackson" }, "geometry": { "type": "Point", "coordinates": [ 416423.974541670060717, 5233014.008993552997708 ] } },
{ "type": "Feature", "properties": { "fid": 752, "common_name": null, "scientific_name": "Eucalyptus nitida", "collection_method": "desktop", "created_at": null, "created_by": "jayne.balmer", "coord_wgs84": "145.97395374450505, -43.050996431530336", "modified_at": "2026-02-05T02:07:20.336Z", "modified_by": "peter.jackson" }, "geometry": { "type": "Point", "coordinates": [ 416437.546472144837026, 5233011.316138971596956 ] } },
{ "type": "Feature", "properties": { "fid": 753, "common_name": null, "scientific_name": "Eucalyptus nitida", "collection_method": "desktop", "created_at": null, "created_by": "jayne.balmer", "coord_wgs84": "145.9737102067709, -43.051171301897604", "modified_at": "2026-02-05T02:07:20.336Z", "modified_by": "peter.jackson" }, "geometry": { "type": "Point", "coordinates": [ 416417.949796318716835, 5232991.654167146421969 ] } },
{ "type": "Feature", "properties": { "fid": 754, "common_name": null, "scientific_name": "Eucalyptus nitida", "collection_method": "desktop", "created_at": null, "created_by": "jayne.balmer", "coord_wgs84": "145.97364573298734, -43.05108392163783", "modified_at": "2026-02-05T02:07:20.336Z", "modified_by": "peter.jackson" }, "geometry": { "type": "Point", "coordinates": [ 416412.580275219283067, 5233001.293577148579061 ] } },
{ "type": "Feature", "properties": { "fid": 755, "common_name": null, "scientific_name": "Lagarostrobos franklinii", "collection_method": "desktop", "created_at": null, "created_by": "jayne.balmer", "coord_wgs84": "145.97488324315844, -43.05045948579561", "modified_at": "2026-02-05T02:07:20.336Z", "modified_by": "peter.jackson" }, "geometry": { "type": "Point", "coordinates": [ 416512.518179910781328, 5233071.869344916194677 ] } },
{ "type": "Feature", "properties": { "fid": 756, "common_name": null, "scientific_name": "Lagarostrobos franklinii", "collection_method": "desktop", "created_at": null, "created_by": "jayne.balmer", "coord_wgs84": "145.9748712768219, -43.05048879210095", "modified_at": "2026-02-05T02:07:20.336Z", "modified_by": "peter.jackson" }, "geometry": { "type": "Point", "coordinates": [ 416511.58336484368192, 5233068.602960019372404 ] } },
{ "type": "Feature", "properties": { "fid": 757, "common_name": null, "scientific_name": "Acacia melanoxylon", "collection_method": "desktop", "created_at": null, "created_by": "jayne.balmer", "coord_wgs84": "145.97476330649323, -43.050591826015975", "modified_at": "2026-02-05T02:07:20.336Z", "modified_by": "peter.jackson" }, "geometry": { "type": "Point", "coordinates": [ 416502.929771369497757, 5233057.053572382777929 ] } },
{ "type": "Feature", "properties": { "fid": 758, "common_name": null, "scientific_name": "Acacia melanoxylon", "collection_method": "desktop", "created_at": null, "created_by": "jayne.balmer", "coord_wgs84": "145.9750440513886, -43.050543990369114", "modified_at": "2026-02-05T02:07:20.347Z", "modified_by": "peter.jackson" }, "geometry": { "type": "Point", "coordinates": [ 416525.729419506213162, 5233062.645029431208968 ] } },
{ "type": "Feature", "properties": { "fid": 759, "common_name": null, "scientific_name": "Acacia melanoxylon", "collection_method": "desktop", "created_at": null, "created_by": "jayne.balmer", "coord_wgs84": "145.97470845177318, -43.050561245034984", "modified_at": "2026-02-05T02:07:20.347Z", "modified_by": "peter.jackson" }, "geometry": { "type": "Point", "coordinates": [ 416498.420784261194058, 5233060.395028322003782 ] } },
{ "type": "Feature", "properties": { "fid": 760, "common_name": null, "scientific_name": "Acacia melanoxylon", "collection_method": "desktop", "created_at": null, "created_by": "jayne.balmer", "coord_wgs84": "145.9746593310414, -43.05053323047605", "modified_at": "2026-02-05T02:07:20.347Z", "modified_by": "peter.jackson" }, "geometry": { "type": "Point", "coordinates": [ 416494.382264760439284, 5233063.457184325903654 ] } },
{ "type": "Feature", "properties": { "fid": 761, "common_name": null, "scientific_name": "Lagarostrobos franklinii", "collection_method": "desktop", "created_at": null, "created_by": "jayne.balmer", "coord_wgs84": "145.98173847241586, -43.06027773127121", "modified_at": "2026-02-05T02:07:20.347Z", "modified_by": "peter.jackson" }, "geometry": { "type": "Point", "coordinates": [ 417084.055686671170406, 5231988.344167133793235 ] } },
{ "type": "Feature", "properties": { "fid": 762, "common_name": null, "scientific_name": "Lagarostrobos franklinii", "collection_method": "desktop", "created_at": null, "created_by": "jayne.balmer", "coord_wgs84": "145.98224789498025, -43.06022106133353", "modified_at": "2026-02-05T02:07:20.347Z", "modified_by": "peter.jackson" }, "geometry": { "type": "Point", "coordinates": [ 417125.461390158394352, 5231995.140679579228163 ] } },
{ "type": "Feature", "properties": { "fid": 763, "common_name": null, "scientific_name": "Lagarostrobos franklinii", "collection_method": "desktop", "created_at": null, "created_by": "jayne.balmer", "coord_wgs84": "145.98223527521907, -43.06026826119386", "modified_at": "2026-02-05T02:07:20.354Z", "modified_by": "peter.jackson" }, "geometry": { "type": "Point", "coordinates": [ 417124.497345839627087, 5231989.886638043448329 ] } },
{ "type": "Feature", "properties": { "fid": 764, "common_name": null, "scientific_name": "Lagarostrobos franklinii", "collection_method": "desktop", "created_at": null, "created_by": "jayne.balmer", "coord_wgs84": "145.9819148368428, -43.06049459226996", "modified_at": "2026-02-05T02:07:20.357Z", "modified_by": "peter.jackson" }, "geometry": { "type": "Point", "coordinates": [ 417098.709160315047484, 5231964.435868030413985 ] } },
{ "type": "Feature", "properties": { "fid": 765, "common_name": null, "scientific_name": "Lagarostrobos franklinii", "collection_method": "desktop", "created_at": null, "created_by": "jayne.balmer", "coord_wgs84": "145.98237869736943, -43.06025113498722", "modified_at": "2026-02-05T02:07:20.357Z", "modified_by": "peter.jackson" }, "geometry": { "type": "Point", "coordinates": [ 417136.153079256298952, 5231991.930163285695016 ] } },
{ "type": "Feature", "properties": { "fid": 766, "common_name": null, "scientific_name": "Phyllocladus aspleniifolius", "collection_method": "desktop", "created_at": null, "created_by": "jayne.balmer", "coord_wgs84": "145.9823998183551, -43.060287303812764", "modified_at": "2026-02-05T02:07:20.359Z", "modified_by": "peter.jackson" }, "geometry": { "type": "Point", "coordinates": [ 417137.921662977314554, 5231987.934448298066854 ] } },
{ "type": "Feature", "properties": { "fid": 767, "common_name": null, "scientific_name": "Lagarostrobos franklinii", "collection_method": "desktop", "created_at": null, "created_by": "jayne.balmer", "coord_wgs84": "145.98206143294524, -43.06042666450827", "modified_at": "2026-02-05T02:07:20.361Z", "modified_by": "peter.jackson" }, "geometry": { "type": "Point", "coordinates": [ 417110.554854880901985, 5231972.124121473170817 ] } },
{ "type": "Feature", "properties": { "fid": 768, "common_name": null, "scientific_name": "Lagarostrobos franklinii", "collection_method": "desktop", "created_at": null, "created_by": "jayne.balmer", "coord_wgs84": "145.98247754045042, -43.060167375810316", "modified_at": "2026-02-05T02:07:20.363Z", "modified_by": "peter.jackson" }, "geometry": { "type": "Point", "coordinates": [ 417144.089031731011346, 5232001.329286459833384 ] } },
{ "type": "Feature", "properties": { "fid": 769, "common_name": null, "scientific_name": "Lagarostrobos franklinii", "collection_method": "desktop", "created_at": null, "created_by": "jayne.balmer", "coord_wgs84": "145.98254999577532, -43.06011013367415", "modified_at": "2026-02-05T02:07:20.363Z", "modified_by": "peter.jackson" }, "geometry": { "type": "Point", "coordinates": [ 417149.911964190832805, 5232007.757609602995217 ] } },
{ "type": "Feature", "properties": { "fid": 770, "common_name": null, "scientific_name": "Nothofagus cunninghamii", "collection_method": "desktop", "created_at": null, "created_by": "jayne.balmer", "coord_wgs84": "145.98230632480832, -43.06017784985513", "modified_at": "2026-02-05T02:07:20.365Z", "modified_by": "peter.jackson" }, "geometry": { "type": "Point", "coordinates": [ 417130.161106211948209, 5231999.997052838094532 ] } },
{ "type": "Feature", "properties": { "fid": 771, "common_name": null, "scientific_name": "Nothofagus cunninghamii", "collection_method": "desktop", "created_at": null, "created_by": "jayne.balmer", "coord_wgs84": "145.98240924248717, -43.060076553352914", "modified_at": "2026-02-05T02:07:20.368Z", "modified_by": "peter.jackson" }, "geometry": { "type": "Point", "coordinates": [ 417138.40523546555778, 5232011.347738659009337 ] } },
{ "type": "Feature", "properties": { "fid": 772, "common_name": null, "scientific_name": "Nothofagus cunninghamii", "collection_method": "desktop", "created_at": null, "created_by": "jayne.balmer", "coord_wgs84": "145.98232762118658, -43.06015930071943", "modified_at": "2026-02-05T02:07:20.368Z", "modified_by": "peter.jackson" }, "geometry": { "type": "Point", "coordinates": [ 417131.870279734081123, 5232002.077979884110391 ] } },
{ "type": "Feature", "properties": { "fid": 773, "common_name": null, "scientific_name": "Nothofagus cunninghamii", "collection_method": "desktop", "created_at": null, "created_by": "jayne.balmer", "coord_wgs84": "145.98235835603532, -43.06015777338142", "modified_at": "2026-02-05T02:07:20.370Z", "modified_by": "peter.jackson" }, "geometry": { "type": "Point", "coordinates": [ 417134.370951548567973, 5232002.27794543094933 ] } },
{ "type": "Feature", "properties": { "fid": 774, "common_name": null, "scientific_name": "Nothofagus cunninghamii", "collection_method": "desktop", "created_at": null, "created_by": "jayne.balmer", "coord_wgs84": "145.98227970395507, -43.06014104388224", "modified_at": "2026-02-05T02:07:20.372Z", "modified_by": "peter.jackson" }, "geometry": { "type": "Point", "coordinates": [ 417127.943804278969765, 5232004.058089530095458 ] } },
{ "type": "Feature", "properties": { "fid": 775, "common_name": null, "scientific_name": "Nothofagus cunninghamii", "collection_method": "desktop", "created_at": null, "created_by": "jayne.balmer", "coord_wgs84": "145.9821803882561, -43.060134985854695", "modified_at": "2026-02-05T02:07:20.372Z", "modified_by": "peter.jackson" }, "geometry": { "type": "Point", "coordinates": [ 417119.848395829263609, 5232004.632742999121547 ] } },
{ "type": "Feature", "properties": { "fid": 776, "common_name": null, "scientific_name": "Nothofagus cunninghamii", "collection_method": "desktop", "created_at": null, "created_by": "jayne.balmer", "coord_wgs84": "145.98225321016457, -43.06013234415825", "modified_at": "2026-02-05T02:07:20.372Z", "modified_by": "peter.jackson" }, "geometry": { "type": "Point", "coordinates": [ 417125.77470456197625, 5232004.998032740317285 ] } },
{ "type": "Feature", "properties": { "fid": 777, "common_name": null, "scientific_name": "Nothofagus cunninghamii", "collection_method": "desktop", "created_at": null, "created_by": "jayne.balmer", "coord_wgs84": "145.9822262690788, -43.06016456248924", "modified_at": "2026-02-05T02:07:20.372Z", "modified_by": "peter.jackson" }, "geometry": { "type": "Point", "coordinates": [ 417123.624297712987754, 5232001.393555300310254 ] } },
{ "type": "Feature", "properties": { "fid": 778, "common_name": null, "scientific_name": "Lagarostrobos franklinii", "collection_method": "desktop", "created_at": null, "created_by": "jayne.balmer", "coord_wgs84": "145.98215031722177, -43.06009909181286", "modified_at": "2026-02-05T02:07:20.378Z", "modified_by": "peter.jackson" }, "geometry": { "type": "Point", "coordinates": [ 417117.351367327501066, 5232008.589097826741636 ] } },
{ "type": "Feature", "properties": { "fid": 779, "common_name": null, "scientific_name": "Lagarostrobos franklinii", "collection_method": "desktop", "created_at": null, "created_by": "jayne.balmer", "coord_wgs84": "145.9825903503971, -43.06003236239674", "modified_at": "2026-02-05T02:07:20.378Z", "modified_by": "peter.jackson" }, "geometry": { "type": "Point", "coordinates": [ 417153.093310442578513, 5232016.434008470736444 ] } },
{ "type": "Feature", "properties": { "fid": 780, "common_name": null, "scientific_name": "Lagarostrobos franklinii", "collection_method": "desktop", "created_at": null, "created_by": "jayne.balmer", "coord_wgs84": "145.98265088149395, -43.06005894392459", "modified_at": "2026-02-05T02:07:20.378Z", "modified_by": "peter.jackson" }, "geometry": { "type": "Point", "coordinates": [ 417158.058138683729339, 5232013.541875515133142 ] } },
{ "type": "Feature", "properties": { "fid": 781, "common_name": null, "scientific_name": "Lagarostrobos franklinii", "collection_method": "desktop", "created_at": null, "created_by": "jayne.balmer", "coord_wgs84": "145.98279241400022, -43.05995442917356", "modified_at": "2026-02-05T02:07:20.378Z", "modified_by": "peter.jackson" }, "geometry": { "type": "Point", "coordinates": [ 417169.442401316424366, 5232025.28803500905633 ] } },
{ "type": "Feature", "properties": { "fid": 782, "common_name": null, "scientific_name": "Lagarostrobos franklinii", "collection_method": "desktop", "created_at": null, "created_by": "jayne.balmer", "coord_wgs84": "145.98316288683475, -43.05997152224585", "modified_at": "2026-02-05T02:07:20.378Z", "modified_by": "peter.jackson" }, "geometry": { "type": "Point", "coordinates": [ 417199.632988512283191, 5232023.755486695095897 ] } },
{ "type": "Feature", "properties": { "fid": 783, "common_name": null, "scientific_name": "Lagarostrobos franklinii", "collection_method": "desktop", "created_at": null, "created_by": "jayne.balmer", "coord_wgs84": "145.98170904737663, -43.06048190978778", "modified_at": "2026-02-05T02:07:20.378Z", "modified_by": "peter.jackson" }, "geometry": { "type": "Point", "coordinates": [ 417081.934789170045406, 5231965.640923427417874 ] } },
{ "type": "Feature", "properties": { "fid": 784, "common_name": null, "scientific_name": "Lagarostrobos franklinii", "collection_method": "desktop", "created_at": null, "created_by": "jayne.balmer", "coord_wgs84": "145.98295715390884, -43.060092836573524", "modified_at": "2026-02-05T02:07:20.378Z", "modified_by": "peter.jackson" }, "geometry": { "type": "Point", "coordinates": [ 417183.04346413013991, 5232010.080409866757691 ] } },
{ "type": "Feature", "properties": { "fid": 785, "common_name": null, "scientific_name": "Lagarostrobos franklinii", "collection_method": "desktop", "created_at": null, "created_by": "jayne.balmer", "coord_wgs84": "145.9829661972217, -43.0599900190523", "modified_at": "2026-02-05T02:07:20.389Z", "modified_by": "peter.jackson" }, "geometry": { "type": "Point", "coordinates": [ 417183.641464790329337, 5232021.507291695103049 ] } },
{ "type": "Feature", "properties": { "fid": 786, "common_name": null, "scientific_name": "Lagarostrobos franklinii", "collection_method": "desktop", "created_at": null, "created_by": "jayne.balmer", "coord_wgs84": "145.98327631184145, -43.05999497667443", "modified_at": "2026-02-05T02:07:20.389Z", "modified_by": "peter.jackson" }, "geometry": { "type": "Point", "coordinates": [ 417208.900738845870364, 5232021.262777891010046 ] } },
{ "type": "Feature", "properties": { "fid": 787, "common_name": null, "scientific_name": "Lagarostrobos franklinii", "collection_method": "desktop", "created_at": null, "created_by": "jayne.balmer", "coord_wgs84": "145.98336177861174, -43.05994568688703", "modified_at": "2026-02-05T02:07:20.389Z", "modified_by": "peter.jackson" }, "geometry": { "type": "Point", "coordinates": [ 417215.79396995092975, 5232026.820768035016954 ] } },
{ "type": "Feature", "properties": { "fid": 788, "common_name": null, "scientific_name": "Lagarostrobos franklinii", "collection_method": "desktop", "created_at": null, "created_by": "jayne.balmer", "coord_wgs84": "145.98342788039986, -43.059839353202264", "modified_at": "2026-02-05T02:07:20.389Z", "modified_by": "peter.jackson" }, "geometry": { "type": "Point", "coordinates": [ 417221.033574298489839, 5232038.694410440512002 ] } },
{ "type": "Feature", "properties": { "fid": 789, "common_name": null, "scientific_name": "Lagarostrobos franklinii", "collection_method": "desktop", "created_at": null, "created_by": "jayne.balmer", "coord_wgs84": "145.9834429188519, -43.05972687653419", "modified_at": "2026-02-05T02:07:20.394Z", "modified_by": "peter.jackson" }, "geometry": { "type": "Point", "coordinates": [ 417222.106833105499391, 5232051.199856710620224 ] } },
{ "type": "Feature", "properties": { "fid": 790, "common_name": null, "scientific_name": "Nothofagus cunninghamii", "collection_method": "desktop", "created_at": null, "created_by": "jayne.balmer", "coord_wgs84": "145.98347855025375, -43.05989907924741", "modified_at": "2026-02-05T02:07:20.394Z", "modified_by": "peter.jackson" }, "geometry": { "type": "Point", "coordinates": [ 417225.239977141201962, 5232032.111779199913144 ] } },
{ "type": "Feature", "properties": { "fid": 791, "common_name": null, "scientific_name": "Nothofagus cunninghamii", "collection_method": "desktop", "created_at": null, "created_by": "jayne.balmer", "coord_wgs84": "145.98355305606032, -43.059760566243455", "modified_at": "2026-02-05T02:07:20.394Z", "modified_by": "peter.jackson" }, "geometry": { "type": "Point", "coordinates": [ 417231.120653985009994, 5232047.567239129915833 ] } },
{ "type": "Feature", "properties": { "fid": 792, "common_name": null, "scientific_name": "Nothofagus cunninghamii", "collection_method": "desktop", "created_at": null, "created_by": "jayne.balmer", "coord_wgs84": "145.98361404943776, -43.059774156156095", "modified_at": "2026-02-05T02:07:20.399Z", "modified_by": "peter.jackson" }, "geometry": { "type": "Point", "coordinates": [ 417236.105637714790646, 5232046.118233421817422 ] } },
{ "type": "Feature", "properties": { "fid": 793, "common_name": null, "scientific_name": "Nothofagus cunninghamii", "collection_method": "desktop", "created_at": null, "created_by": "jayne.balmer", "coord_wgs84": "145.98349220398933, -43.05982618901931", "modified_at": "2026-02-05T02:07:20.399Z", "modified_by": "peter.jackson" }, "geometry": { "type": "Point", "coordinates": [ 417226.253740679007024, 5232040.219757817685604 ] } },
{ "type": "Feature", "properties": { "fid": 794, "common_name": null, "scientific_name": "Nothofagus cunninghamii", "collection_method": "desktop", "created_at": null, "created_by": "jayne.balmer", "coord_wgs84": "145.98324372500676, -43.059818791697296", "modified_at": "2026-02-05T02:07:20.399Z", "modified_by": "peter.jackson" }, "geometry": { "type": "Point", "coordinates": [ 417206.010113567695953, 5232040.796086052432656 ] } },
{ "type": "Feature", "properties": { "fid": 795, "common_name": null, "scientific_name": "Nothofagus cunninghamii", "collection_method": "desktop", "created_at": null, "created_by": "jayne.balmer", "coord_wgs84": "145.9832224615877, -43.05984661591885", "modified_at": "2026-02-05T02:07:20.399Z", "modified_by": "peter.jackson" }, "geometry": { "type": "Point", "coordinates": [ 417204.316072928719223, 5232037.685206050984561 ] } },
{ "type": "Feature", "properties": { "fid": 796, "common_name": null, "scientific_name": "Nothofagus cunninghamii", "collection_method": "desktop", "created_at": null, "created_by": "jayne.balmer", "coord_wgs84": "145.98325728232942, -43.059859188544564", "modified_at": "2026-02-05T02:07:20.405Z", "modified_by": "peter.jackson" }, "geometry": { "type": "Point", "coordinates": [ 417207.168447183619719, 5232036.323365893214941 ] } },
{ "type": "Feature", "properties": { "fid": 798, "common_name": null, "scientific_name": "Nothofagus cunninghamii", "collection_method": "desktop", "created_at": null, "created_by": "jayne.balmer", "coord_wgs84": "145.9838021012005, -43.05952607338755", "modified_at": "2026-02-05T02:07:20.405Z", "modified_by": "peter.jackson" }, "geometry": { "type": "Point", "coordinates": [ 417251.085081047727726, 5232073.853462173603475 ] } },
{ "type": "Feature", "properties": { "fid": 799, "common_name": null, "scientific_name": "Nothofagus cunninghamii", "collection_method": "desktop", "created_at": null, "created_by": "jayne.balmer", "coord_wgs84": "145.983583067257, -43.05956320849743", "modified_at": "2026-02-05T02:07:20.405Z", "modified_by": "peter.jackson" }, "geometry": { "type": "Point", "coordinates": [ 417233.298987942456733, 5232069.513553453609347 ] } },
{ "type": "Feature", "properties": { "fid": 800, "common_name": null, "scientific_name": "Nothofagus cunninghamii", "collection_method": "desktop", "created_at": null, "created_by": "jayne.balmer", "coord_wgs84": "145.9833120771231, -43.0595182924916", "modified_at": "2026-02-05T02:07:20.409Z", "modified_by": "peter.jackson" }, "geometry": { "type": "Point", "coordinates": [ 417211.171698380028829, 5232074.234168390743434 ] } },
{ "type": "Feature", "properties": { "fid": 801, "common_name": null, "scientific_name": "Nothofagus cunninghamii", "collection_method": "desktop", "created_at": null, "created_by": "jayne.balmer", "coord_wgs84": "145.98332858198046, -43.05954622457736", "modified_at": "2026-02-05T02:07:20.411Z", "modified_by": "peter.jackson" }, "geometry": { "type": "Point", "coordinates": [ 417212.553280914376955, 5232071.148575882427394 ] } },
{ "type": "Feature", "properties": { "fid": 802, "common_name": null, "scientific_name": "Nothofagus cunninghamii", "collection_method": "desktop", "created_at": null, "created_by": "jayne.balmer", "coord_wgs84": "145.98334418593865, -43.059467434030765", "modified_at": "2026-02-05T02:07:20.411Z", "modified_by": "peter.jackson" }, "geometry": { "type": "Point", "coordinates": [ 417213.717905892466661, 5232079.913714492693543 ] } },
{ "type": "Feature", "properties": { "fid": 803, "common_name": null, "scientific_name": "Lagarostrobos franklinii", "collection_method": "desktop", "created_at": null, "created_by": "jayne.balmer", "coord_wgs84": "145.98348673653294, -43.05958272512451", "modified_at": "2026-02-05T02:07:20.411Z", "modified_by": "peter.jackson" }, "geometry": { "type": "Point", "coordinates": [ 417225.480988220951986, 5232067.251194615848362 ] } },
{ "type": "Feature", "properties": { "fid": 804, "common_name": null, "scientific_name": "Lagarostrobos franklinii", "collection_method": "desktop", "created_at": null, "created_by": "jayne.balmer", "coord_wgs84": "145.98374479075576, -43.05948028773194", "modified_at": "2026-02-05T02:07:20.411Z", "modified_by": "peter.jackson" }, "geometry": { "type": "Point", "coordinates": [ 417246.356681543460581, 5232078.881470128893852 ] } },
{ "type": "Feature", "properties": { "fid": 805, "common_name": null, "scientific_name": "Lagarostrobos franklinii", "collection_method": "desktop", "created_at": null, "created_by": "jayne.balmer", "coord_wgs84": "145.98353276942194, -43.05930447005061", "modified_at": "2026-02-05T02:07:20.411Z", "modified_by": "peter.jackson" }, "geometry": { "type": "Point", "coordinates": [ 417228.855143336288165, 5232098.197017244063318 ] } },
{ "type": "Feature", "properties": { "fid": 806, "common_name": null, "scientific_name": "Lagarostrobos franklinii", "collection_method": "desktop", "created_at": null, "created_by": "jayne.balmer", "coord_wgs84": "145.98350655646365, -43.05938627379822", "modified_at": "2026-02-05T02:07:20.411Z", "modified_by": "peter.jackson" }, "geometry": { "type": "Point", "coordinates": [ 417226.830650267191231, 5232089.086798432283103 ] } },
{ "type": "Feature", "properties": { "fid": 807, "common_name": null, "scientific_name": "Lagarostrobos franklinii", "collection_method": "desktop", "created_at": null, "created_by": "jayne.balmer", "coord_wgs84": "145.98352920861737, -43.05941251837851", "modified_at": "2026-02-05T02:07:20.411Z", "modified_by": "peter.jackson" }, "geometry": { "type": "Point", "coordinates": [ 417228.710536688624416, 5232086.194665476679802 ] } },
{ "type": "Feature", "properties": { "fid": 808, "common_name": null, "scientific_name": "Lagarostrobos franklinii", "collection_method": "desktop", "created_at": null, "created_by": "jayne.balmer", "coord_wgs84": "145.98377520008677, -43.059571397444195", "modified_at": "2026-02-05T02:07:20.420Z", "modified_by": "peter.jackson" }, "geometry": { "type": "Point", "coordinates": [ 417248.955467380816117, 5232068.793665524572134 ] } },
{ "type": "Feature", "properties": { "fid": 809, "common_name": null, "scientific_name": "Lagarostrobos franklinii", "collection_method": "desktop", "created_at": null, "created_by": "jayne.balmer", "coord_wgs84": "145.9841227404527, -43.05909213850756", "modified_at": "2026-02-05T02:07:20.421Z", "modified_by": "peter.jackson" }, "geometry": { "type": "Point", "coordinates": [ 417276.611488772032317, 5232122.358377969823778 ] } },
{ "type": "Feature", "properties": { "fid": 810, "common_name": null, "scientific_name": "Lagarostrobos franklinii", "collection_method": "desktop", "created_at": null, "created_by": "jayne.balmer", "coord_wgs84": "145.98389483258205, -43.05920036524364", "modified_at": "2026-02-05T02:07:20.421Z", "modified_by": "peter.jackson" }, "geometry": { "type": "Point", "coordinates": [ 417258.198242285579909, 5232110.115015126764774 ] } },
{ "type": "Feature", "properties": { "fid": 811, "common_name": null, "scientific_name": "Lagarostrobos franklinii", "collection_method": "desktop", "created_at": null, "created_by": "jayne.balmer", "coord_wgs84": "145.98399595403293, -43.05916053198502", "modified_at": "2026-02-05T02:07:20.421Z", "modified_by": "peter.jackson" }, "geometry": { "type": "Point", "coordinates": [ 417266.379096570424736, 5232114.638234632089734 ] } },
{ "type": "Feature", "properties": { "fid": 812, "common_name": null, "scientific_name": "Lagarostrobos franklinii", "collection_method": "desktop", "created_at": null, "created_by": "jayne.balmer", "coord_wgs84": "145.98407986208323, -43.059154664536564", "modified_at": "2026-02-05T02:07:20.427Z", "modified_by": "peter.jackson" }, "geometry": { "type": "Point", "coordinates": [ 417273.203923963650595, 5232115.372547682374716 ] } },
{ "type": "Feature", "properties": { "fid": 814, "common_name": null, "scientific_name": "Nothofagus cunninghamii", "collection_method": "desktop", "created_at": null, "created_by": "jayne.balmer", "coord_wgs84": "145.9837208380915, -43.05916235939723", "modified_at": "2026-02-05T02:07:20.427Z", "modified_by": "peter.jackson" }, "geometry": { "type": "Point", "coordinates": [ 417243.978588585159741, 5232114.164001264609396 ] } },
{ "type": "Feature", "properties": { "fid": 815, "common_name": null, "scientific_name": "Nothofagus cunninghamii", "collection_method": "desktop", "created_at": null, "created_by": "jayne.balmer", "coord_wgs84": "145.98432495877682, -43.059265346706", "modified_at": "2026-02-05T02:07:20.427Z", "modified_by": "peter.jackson" }, "geometry": { "type": "Point", "coordinates": [ 417293.311172966845334, 5232103.322832607664168 ] } },
{ "type": "Feature", "properties": { "fid": 816, "common_name": null, "scientific_name": "Nothofagus cunninghamii", "collection_method": "desktop", "created_at": null, "created_by": "jayne.balmer", "coord_wgs84": "145.98477005411877, -43.05924226543369", "modified_at": "2026-02-05T02:07:20.430Z", "modified_by": "peter.jackson" }, "geometry": { "type": "Point", "coordinates": [ 417329.524656625988428, 5232106.324644179083407 ] } },
{ "type": "Feature", "properties": { "fid": 817, "common_name": null, "scientific_name": "Lagarostrobos franklinii", "collection_method": "desktop", "created_at": null, "created_by": "jayne.balmer", "coord_wgs84": "145.98386258693625, -43.05928906040391", "modified_at": "2026-02-05T02:07:20.430Z", "modified_by": "peter.jackson" }, "geometry": { "type": "Point", "coordinates": [ 417255.691727056750096, 5232100.2335608555004 ] } },
{ "type": "Feature", "properties": { "fid": 818, "common_name": null, "scientific_name": "Lagarostrobos franklinii", "collection_method": "desktop", "created_at": null, "created_by": "jayne.balmer", "coord_wgs84": "145.9843531847395, -43.059188808297854", "modified_at": "2026-02-05T02:07:20.430Z", "modified_by": "peter.jackson" }, "geometry": { "type": "Point", "coordinates": [ 417295.506757418101188, 5232111.850294896401465 ] } },
{ "type": "Feature", "properties": { "fid": 819, "common_name": null, "scientific_name": "Lagarostrobos franklinii", "collection_method": "desktop", "created_at": null, "created_by": "jayne.balmer", "coord_wgs84": "145.98426903536443, -43.05908692632363", "modified_at": "2026-02-05T02:07:20.430Z", "modified_by": "peter.jackson" }, "geometry": { "type": "Point", "coordinates": [ 417288.517436107678805, 5232123.081411208957434 ] } },
{ "type": "Feature", "properties": { "fid": 820, "common_name": null, "scientific_name": "Lagarostrobos franklinii", "collection_method": "desktop", "created_at": null, "created_by": "jayne.balmer", "coord_wgs84": "145.98438375833175, -43.059037473493504", "modified_at": "2026-02-05T02:07:20.430Z", "modified_by": "peter.jackson" }, "geometry": { "type": "Point", "coordinates": [ 417297.792982631537598, 5232128.686259535141289 ] } },
{ "type": "Feature", "properties": { "fid": 821, "common_name": null, "scientific_name": "Lagarostrobos franklinii", "collection_method": "desktop", "created_at": null, "created_by": "jayne.balmer", "coord_wgs84": "145.9841823555513, -43.05906662436737", "modified_at": "2026-02-05T02:07:20.430Z", "modified_by": "peter.jackson" }, "geometry": { "type": "Point", "coordinates": [ 417281.431710365402978, 5232125.250510926358402 ] } },
{ "type": "Feature", "properties": { "fid": 822, "common_name": null, "scientific_name": "Lagarostrobos franklinii", "collection_method": "desktop", "created_at": null, "created_by": "jayne.balmer", "coord_wgs84": "145.98478719948469, -43.0590737282529", "modified_at": "2026-02-05T02:07:20.430Z", "modified_by": "peter.jackson" }, "geometry": { "type": "Point", "coordinates": [ 417330.694375050079543, 5232125.057702065445483 ] } },
{ "type": "Feature", "properties": { "fid": 823, "common_name": null, "scientific_name": "Lagarostrobos franklinii", "collection_method": "desktop", "created_at": null, "created_by": "jayne.balmer", "coord_wgs84": "145.98459290039028, -43.058996066070875", "modified_at": "2026-02-05T02:07:20.440Z", "modified_by": "peter.jackson" }, "geometry": { "type": "Point", "coordinates": [ 417314.768018272821791, 5232133.490692952647805 ] } },
{ "type": "Feature", "properties": { "fid": 825, "common_name": null, "scientific_name": "Nothofagus cunninghamii", "collection_method": "desktop", "created_at": null, "created_by": "jayne.balmer", "coord_wgs84": "145.98460489893162, -43.058956537474835", "modified_at": "2026-02-05T02:07:20.442Z", "modified_by": "peter.jackson" }, "geometry": { "type": "Point", "coordinates": [ 417315.69195470266277, 5232137.892193057574332 ] } },
{ "type": "Feature", "properties": { "fid": 826, "common_name": null, "scientific_name": "Nothofagus cunninghamii", "collection_method": "desktop", "created_at": null, "created_by": "jayne.balmer", "coord_wgs84": "145.9846220925583, -43.058930092554434", "modified_at": "2026-02-05T02:07:20.442Z", "modified_by": "peter.jackson" }, "geometry": { "type": "Point", "coordinates": [ 417317.056516888609622, 5232140.845861331559718 ] } },
{ "type": "Feature", "properties": { "fid": 827, "common_name": null, "scientific_name": "Nothofagus cunninghamii", "collection_method": "desktop", "created_at": null, "created_by": "jayne.balmer", "coord_wgs84": "145.98466548476512, -43.05892781168642", "modified_at": "2026-02-05T02:07:20.442Z", "modified_by": "peter.jackson" }, "geometry": { "type": "Point", "coordinates": [ 417320.586935905332211, 5232141.141910157166421 ] } },
{ "type": "Feature", "properties": { "fid": 828, "common_name": null, "scientific_name": "Nothofagus cunninghamii", "collection_method": "desktop", "created_at": null, "created_by": "jayne.balmer", "coord_wgs84": "145.9845705609007, -43.05886682308042", "modified_at": "2026-02-05T02:07:20.442Z", "modified_by": "peter.jackson" }, "geometry": { "type": "Point", "coordinates": [ 417312.775201276817825, 5232147.821198541671038 ] } },
{ "type": "Feature", "properties": { "fid": 829, "common_name": null, "scientific_name": "Nothofagus cunninghamii", "collection_method": "desktop", "created_at": null, "created_by": "jayne.balmer", "coord_wgs84": "145.98429326565136, -43.058757452128454", "modified_at": "2026-02-05T02:07:20.442Z", "modified_by": "peter.jackson" }, "geometry": { "type": "Point", "coordinates": [ 417290.047644996375311, 5232159.693622226826847 ] } },
{ "type": "Feature", "properties": { "fid": 831, "common_name": null, "scientific_name": "Nothofagus cunninghamii", "collection_method": "desktop", "created_at": null, "created_by": "jayne.balmer", "coord_wgs84": "145.9849669601611, -43.05882868803884", "modified_at": "2026-02-05T02:07:20.442Z", "modified_by": "peter.jackson" }, "geometry": { "type": "Point", "coordinates": [ 417345.003314110101201, 5232152.446667646057904 ] } },
{ "type": "Feature", "properties": { "fid": 832, "common_name": null, "scientific_name": "Nothofagus cunninghamii", "collection_method": "desktop", "created_at": null, "created_by": "jayne.balmer", "coord_wgs84": "145.9849932568809, -43.05889971530934", "modified_at": "2026-02-05T02:07:20.451Z", "modified_by": "peter.jackson" }, "geometry": { "type": "Point", "coordinates": [ 417347.240105009172112, 5232144.584945686161518 ] } },
{ "type": "Feature", "properties": { "fid": 834, "common_name": null, "scientific_name": "Eucalyptus nitida", "collection_method": "desktop", "created_at": null, "created_by": "jayne.balmer", "coord_wgs84": "145.983974724445, -43.0596048552711", "modified_at": "2026-02-05T02:07:20.451Z", "modified_by": "peter.jackson" }, "geometry": { "type": "Point", "coordinates": [ 417265.247816365968902, 5232065.274903758428991 ] } },
{ "type": "Feature", "properties": { "fid": 835, "common_name": null, "scientific_name": "Eucalyptus nitida", "collection_method": "desktop", "created_at": null, "created_by": "jayne.balmer", "coord_wgs84": "145.9852166379827, -43.059020675996834", "modified_at": "2026-02-05T02:07:20.454Z", "modified_by": "peter.jackson" }, "geometry": { "type": "Point", "coordinates": [ 417365.592779385857284, 5232131.372192349284887 ] } },
{ "type": "Feature", "properties": { "fid": 836, "common_name": null, "scientific_name": "Eucalyptus nitida", "collection_method": "desktop", "created_at": null, "created_by": "jayne.balmer", "coord_wgs84": "145.9854590922055, -43.0589903801447", "modified_at": "2026-02-05T02:07:20.454Z", "modified_by": "peter.jackson" }, "geometry": { "type": "Point", "coordinates": [ 417385.295435149106197, 5232134.975307996384799 ] } },
{ "type": "Feature", "properties": { "fid": 837, "common_name": null, "scientific_name": "Eucalyptus nitida", "collection_method": "desktop", "created_at": null, "created_by": "jayne.balmer", "coord_wgs84": "145.98600589319733, -43.05925088578257", "modified_at": "2026-02-05T02:07:20.454Z", "modified_by": "peter.jackson" }, "geometry": { "type": "Point", "coordinates": [ 417430.171698183519766, 5232106.584202812984586 ] } },
{ "type": "Feature", "properties": { "fid": 838, "common_name": null, "scientific_name": "Eucalyptus nitida", "collection_method": "desktop", "created_at": null, "created_by": "jayne.balmer", "coord_wgs84": "145.9856351949933, -43.058631240693806", "modified_at": "2026-02-05T02:07:20.458Z", "modified_by": "peter.jackson" }, "geometry": { "type": "Point", "coordinates": [ 417399.153572230075952, 5232175.031349440105259 ] } },
{ "type": "Feature", "properties": { "fid": 839, "common_name": null, "scientific_name": "Eucalyptus nitida", "collection_method": "desktop", "created_at": null, "created_by": "jayne.balmer", "coord_wgs84": "145.98625648109174, -43.05913113624655", "modified_at": "2026-02-05T02:07:20.458Z", "modified_by": "peter.jackson" }, "geometry": { "type": "Point", "coordinates": [ 417450.416628875711467, 5232120.129025490954518 ] } },
{ "type": "Feature", "properties": { "fid": 840, "common_name": null, "scientific_name": "Eucalyptus nitida", "collection_method": "desktop", "created_at": null, "created_by": "jayne.balmer", "coord_wgs84": "145.98572638362344, -43.058342099487646", "modified_at": "2026-02-05T02:07:20.461Z", "modified_by": "peter.jackson" }, "geometry": { "type": "Point", "coordinates": [ 417406.191095756425057, 5232207.230429683811963 ] } },
{ "type": "Feature", "properties": { "fid": 841, "common_name": null, "scientific_name": "Lagarostrobos franklinii", "collection_method": "desktop", "created_at": null, "created_by": "jayne.balmer", "coord_wgs84": "145.9845714936232, -43.05873856777775", "modified_at": "2026-02-05T02:07:20.461Z", "modified_by": "peter.jackson" }, "geometry": { "type": "Point", "coordinates": [ 417312.678796844847966, 5232162.064953350462019 ] } },
{ "type": "Feature", "properties": { "fid": 842, "common_name": null, "scientific_name": "Lagarostrobos franklinii", "collection_method": "desktop", "created_at": null, "created_by": "jayne.balmer", "coord_wgs84": "145.98533212753878, -43.05907975510934", "modified_at": "2026-02-05T02:07:20.461Z", "modified_by": "peter.jackson" }, "geometry": { "type": "Point", "coordinates": [ 417375.076565371127799, 5232124.925145973451436 ] } },
{ "type": "Feature", "properties": { "fid": 843, "common_name": null, "scientific_name": "Lagarostrobos franklinii", "collection_method": "desktop", "created_at": null, "created_by": "jayne.balmer", "coord_wgs84": "145.98483828665792, -43.05908969898247", "modified_at": "2026-02-05T02:07:20.461Z", "modified_by": "peter.jackson" }, "geometry": { "type": "Point", "coordinates": [ 417334.875917282304727, 5232123.334472849033773 ] } },
{ "type": "Feature", "properties": { "fid": 844, "common_name": null, "scientific_name": "Lagarostrobos franklinii", "collection_method": "desktop", "created_at": null, "created_by": "jayne.balmer", "coord_wgs84": "145.98535224843155, -43.05875699577854", "modified_at": "2026-02-05T02:07:20.461Z", "modified_by": "peter.jackson" }, "geometry": { "type": "Point", "coordinates": [ 417376.281620769470464, 5232160.787594627588987 ] } },
{ "type": "Feature", "properties": { "fid": 845, "common_name": null, "scientific_name": "Lagarostrobos franklinii", "collection_method": "desktop", "created_at": null, "created_by": "jayne.balmer", "coord_wgs84": "145.98518864881132, -43.05909367474944", "modified_at": "2026-02-05T02:07:20.461Z", "modified_by": "peter.jackson" }, "geometry": { "type": "Point", "coordinates": [ 417363.41162911511492, 5232123.238068417645991 ] } },
{ "type": "Feature", "properties": { "fid": 846, "common_name": null, "scientific_name": "Eucalyptus nitida", "collection_method": "desktop", "created_at": null, "created_by": "jayne.balmer", "coord_wgs84": "145.98469329275417, -43.05859456526374", "modified_at": "2026-02-05T02:07:20.471Z", "modified_by": "peter.jackson" }, "geometry": { "type": "Point", "coordinates": [ 417322.403593909170013, 5232178.176544022746384 ] } },
{ "type": "Feature", "properties": { "fid": 847, "common_name": null, "scientific_name": "Eucalyptus nitida", "collection_method": "desktop", "created_at": null, "created_by": "jayne.balmer", "coord_wgs84": "145.98531495590936, -43.0584429510381", "modified_at": "2026-02-05T02:07:20.471Z", "modified_by": "peter.jackson" }, "geometry": { "type": "Point", "coordinates": [ 417372.823111775913276, 5232195.625746190547943 ] } },
{ "type": "Feature", "properties": { "fid": 848, "common_name": null, "scientific_name": "Eucalyptus nitida", "collection_method": "desktop", "created_at": null, "created_by": "jayne.balmer", "coord_wgs84": "145.9851720162849, -43.05863961307209", "modified_at": "2026-02-05T02:07:20.473Z", "modified_by": "peter.jackson" }, "geometry": { "type": "Point", "coordinates": [ 417361.447388815518934, 5232173.645535724237561 ] } },
{ "type": "Feature", "properties": { "fid": 849, "common_name": null, "scientific_name": "Eucalyptus nitida", "collection_method": "desktop", "created_at": null, "created_by": "jayne.balmer", "coord_wgs84": "145.98384981650383, -43.058771986208676", "modified_at": "2026-02-05T02:07:20.475Z", "modified_by": "peter.jackson" }, "geometry": { "type": "Point", "coordinates": [ 417253.956447283155285, 5232157.642400034703314 ] } },
{ "type": "Feature", "properties": { "fid": 850, "common_name": null, "scientific_name": "Eucalyptus nitida", "collection_method": "desktop", "created_at": null, "created_by": "jayne.balmer", "coord_wgs84": "145.9840303681488, -43.05848450799309", "modified_at": "2026-02-05T02:07:20.477Z", "modified_by": "peter.jackson" }, "geometry": { "type": "Point", "coordinates": [ 417268.272505415487103, 5232189.745075846090913 ] } },
{ "type": "Feature", "properties": { "fid": 851, "common_name": null, "scientific_name": "Eucalyptus nitida", "collection_method": "desktop", "created_at": null, "created_by": "jayne.balmer", "coord_wgs84": "145.98379581484423, -43.05852930335174", "modified_at": "2026-02-05T02:07:20.479Z", "modified_by": "peter.jackson" }, "geometry": { "type": "Point", "coordinates": [ 417249.232630121521652, 5232184.539236525073647 ] } },
{ "type": "Feature", "properties": { "fid": 852, "common_name": null, "scientific_name": "Eucalyptus nitida", "collection_method": "desktop", "created_at": null, "created_by": "jayne.balmer", "coord_wgs84": "145.98418664269036, -43.058412539871156", "modified_at": "2026-02-05T02:07:20.479Z", "modified_by": "peter.jackson" }, "geometry": { "type": "Point", "coordinates": [ 417280.901485990150832, 5232197.891250338405371 ] } },
{ "type": "Feature", "properties": { "fid": 853, "common_name": null, "scientific_name": "Eucalyptus nitida", "collection_method": "desktop", "created_at": null, "created_by": "jayne.balmer", "coord_wgs84": "145.9842866793628, -43.0585918249255", "modified_at": "2026-02-05T02:07:20.481Z", "modified_by": "peter.jackson" }, "geometry": { "type": "Point", "coordinates": [ 417289.288671562622767, 5232178.080139589495957 ] } },
{ "type": "Feature", "properties": { "fid": 854, "common_name": null, "scientific_name": "Eucalyptus nitida", "collection_method": "desktop", "created_at": null, "created_by": "jayne.balmer", "coord_wgs84": "145.98373063171192, -43.058712764267824", "modified_at": "2026-02-05T02:07:20.484Z", "modified_by": "peter.jackson" }, "geometry": { "type": "Point", "coordinates": [ 417244.17139744857559, 5232164.10149696841836 ] } },
{ "type": "Feature", "properties": { "fid": 855, "common_name": null, "scientific_name": "Eucalyptus nitida", "collection_method": "desktop", "created_at": null, "created_by": "jayne.balmer", "coord_wgs84": "145.98408681264246, -43.0586868452116", "modified_at": "2026-02-05T02:07:20.486Z", "modified_by": "peter.jackson" }, "geometry": { "type": "Point", "coordinates": [ 417273.140929224784486, 5232167.331045436672866 ] } },
{ "type": "Feature", "properties": { "fid": 856, "common_name": null, "scientific_name": "Eucalyptus nitida", "collection_method": "desktop", "created_at": null, "created_by": "jayne.balmer", "coord_wgs84": "145.98402845732835, -43.0586165528011", "modified_at": "2026-02-05T02:07:20.486Z", "modified_by": "peter.jackson" }, "geometry": { "type": "Point", "coordinates": [ 417268.294447651365772, 5232175.0795295862481 ] } },
{ "type": "Feature", "properties": { "fid": 857, "common_name": null, "scientific_name": "Eucalyptus nitida", "collection_method": "desktop", "created_at": null, "created_by": "jayne.balmer", "coord_wgs84": "145.98320711964303, -43.05890647737232", "modified_at": "2026-02-05T02:07:20.489Z", "modified_by": "peter.jackson" }, "geometry": { "type": "Point", "coordinates": [ 417201.801649642875418, 5232142.073084289208055 ] } },
{ "type": "Feature", "properties": { "fid": 858, "common_name": null, "scientific_name": "Eucalyptus nitida", "collection_method": "desktop", "created_at": null, "created_by": "jayne.balmer", "coord_wgs84": "145.98310501996062, -43.05885218120902", "modified_at": "2026-02-05T02:07:20.491Z", "modified_by": "peter.jackson" }, "geometry": { "type": "Point", "coordinates": [ 417193.414464070345275, 5232148.001956849358976 ] } },
{ "type": "Feature", "properties": { "fid": 859, "common_name": null, "scientific_name": "Eucalyptus nitida", "collection_method": "desktop", "created_at": null, "created_by": "jayne.balmer", "coord_wgs84": "145.98341086605373, -43.058827553171454", "modified_at": "2026-02-05T02:07:20.492Z", "modified_by": "peter.jackson" }, "geometry": { "type": "Point", "coordinates": [ 417218.286807492200751, 5232151.038696452975273 ] } },
{ "type": "Feature", "properties": { "fid": 860, "common_name": null, "scientific_name": "Eucalyptus nitida", "collection_method": "desktop", "created_at": null, "created_by": "jayne.balmer", "coord_wgs84": "145.9830979003921, -43.05903225121472", "modified_at": "2026-02-05T02:07:20.494Z", "modified_by": "peter.jackson" }, "geometry": { "type": "Point", "coordinates": [ 417193.077048558858223, 5232127.998037236742675 ] } },
{ "type": "Feature", "properties": { "fid": 861, "common_name": null, "scientific_name": "Eucalyptus nitida", "collection_method": "desktop", "created_at": null, "created_by": "jayne.balmer", "coord_wgs84": "145.9834017125418, -43.058879992639845", "modified_at": "2026-02-05T02:07:20.496Z", "modified_by": "peter.jackson" }, "geometry": { "type": "Point", "coordinates": [ 417217.611976469226647, 5232145.206228324212134 ] } },
{ "type": "Feature", "properties": { "fid": 862, "common_name": null, "scientific_name": "Eucalyptus nitida", "collection_method": "desktop", "created_at": null, "created_by": "jayne.balmer", "coord_wgs84": "145.98318421433032, -43.05914630685251", "modified_at": "2026-02-05T02:07:20.498Z", "modified_by": "peter.jackson" }, "geometry": { "type": "Point", "coordinates": [ 417200.259178733045701, 5232115.417258877307177 ] } },
{ "type": "Feature", "properties": { "fid": 863, "common_name": null, "scientific_name": "Eucalyptus nitida", "collection_method": "desktop", "created_at": null, "created_by": "jayne.balmer", "coord_wgs84": "145.98406758723826, -43.05834550641589", "modified_at": "2026-02-05T02:07:20.498Z", "modified_by": "peter.jackson" }, "geometry": { "type": "Point", "coordinates": [ 417271.11643615574576, 5232205.217987162992358 ] } },
{ "type": "Feature", "properties": { "fid": 864, "common_name": null, "scientific_name": "Eucalyptus nitida", "collection_method": "desktop", "created_at": null, "created_by": "jayne.balmer", "coord_wgs84": "145.98355420981176, -43.058965120136605", "modified_at": "2026-02-05T02:07:20.500Z", "modified_by": "peter.jackson" }, "geometry": { "type": "Point", "coordinates": [ 417230.144552611920517, 5232135.903200649656355 ] } },
{ "type": "Feature", "properties": { "fid": 865, "common_name": null, "scientific_name": "Eucalyptus nitida", "collection_method": "desktop", "created_at": null, "created_by": "jayne.balmer", "coord_wgs84": "145.98353052869436, -43.05888161410532", "modified_at": "2026-02-05T02:07:20.502Z", "modified_by": "peter.jackson" }, "geometry": { "type": "Point", "coordinates": [ 417228.103833598550409, 5232145.153240981511772 ] } },
{ "type": "Feature", "properties": { "fid": 866, "common_name": null, "scientific_name": "Eucalyptus nitida", "collection_method": "desktop", "created_at": null, "created_by": "jayne.balmer", "coord_wgs84": "145.9829137405131, -43.05958240827324", "modified_at": "2026-02-05T02:07:20.502Z", "modified_by": "peter.jackson" }, "geometry": { "type": "Point", "coordinates": [ 417178.821243196900468, 5232066.720970240421593 ] } },
{ "type": "Feature", "properties": { "fid": 867, "common_name": null, "scientific_name": "Eucalyptus nitida", "collection_method": "desktop", "created_at": null, "created_by": "jayne.balmer", "coord_wgs84": "145.9831867366702, -43.0595040999685", "modified_at": "2026-02-05T02:07:20.505Z", "modified_by": "peter.jackson" }, "geometry": { "type": "Point", "coordinates": [ 417200.946060310525354, 5232075.686582404188812 ] } },
{ "type": "Feature", "properties": { "fid": 868, "common_name": null, "scientific_name": "Eucalyptus nitida", "collection_method": "desktop", "created_at": null, "created_by": "jayne.balmer", "coord_wgs84": "145.9830634084783, -43.05958807901433", "modified_at": "2026-02-05T02:07:20.507Z", "modified_by": "peter.jackson" }, "geometry": { "type": "Point", "coordinates": [ 417191.016403828165494, 5232066.238948080688715 ] } },
{ "type": "Feature", "properties": { "fid": 869, "common_name": null, "scientific_name": "Eucalyptus nitida", "collection_method": "desktop", "created_at": null, "created_by": "jayne.balmer", "coord_wgs84": "145.98322865157533, -43.05965422174127", "modified_at": "2026-02-05T02:07:20.507Z", "modified_by": "peter.jackson" }, "geometry": { "type": "Point", "coordinates": [ 417204.56122650555335, 5232059.056817906908691 ] } },
{ "type": "Feature", "properties": { "fid": 870, "common_name": null, "scientific_name": "Eucalyptus nitida", "collection_method": "desktop", "created_at": null, "created_by": "jayne.balmer", "coord_wgs84": "145.9825838678837, -43.059402608162166", "modified_at": "2026-02-05T02:07:20.512Z", "modified_by": "peter.jackson" }, "geometry": { "type": "Point", "coordinates": [ 417151.71746653970331, 5232086.362243518233299 ] } },
{ "type": "Feature", "properties": { "fid": 871, "common_name": null, "scientific_name": "Eucalyptus nitida", "collection_method": "desktop", "created_at": null, "created_by": "jayne.balmer", "coord_wgs84": "145.98255738868417, -43.05940059824733", "modified_at": "2026-02-05T02:07:20.513Z", "modified_by": "peter.jackson" }, "geometry": { "type": "Point", "coordinates": [ 417149.558540869969875, 5232086.559301064349711 ] } },
{ "type": "Feature", "properties": { "fid": 872, "common_name": null, "scientific_name": "Eucalyptus nitida", "collection_method": "desktop", "created_at": null, "created_by": "jayne.balmer", "coord_wgs84": "145.98255709415548, -43.059435161435786", "modified_at": "2026-02-05T02:07:20.515Z", "modified_by": "peter.jackson" }, "geometry": { "type": "Point", "coordinates": [ 417149.581098028051201, 5232082.720744883641601 ] } },
{ "type": "Feature", "properties": { "fid": 873, "common_name": null, "scientific_name": "Eucalyptus nitida", "collection_method": "desktop", "created_at": null, "created_by": "jayne.balmer", "coord_wgs84": "145.98261016895262, -43.059404328732235", "modified_at": "2026-02-05T02:07:20.517Z", "modified_by": "peter.jackson" }, "geometry": { "type": "Point", "coordinates": [ 417153.861497176170815, 5232086.197141346521676 ] } },
{ "type": "Feature", "properties": { "fid": 874, "common_name": null, "scientific_name": "Eucalyptus nitida", "collection_method": "desktop", "created_at": null, "created_by": "jayne.balmer", "coord_wgs84": "145.9825944326791, -43.059430824799946", "modified_at": "2026-02-05T02:07:20.518Z", "modified_by": "peter.jackson" }, "geometry": { "type": "Point", "coordinates": [ 417152.61575854732655, 5232083.23919808678329 ] } },
{ "type": "Feature", "properties": { "fid": 875, "common_name": null, "scientific_name": "Eucalyptus nitida", "collection_method": "desktop", "created_at": null, "created_by": "jayne.balmer", "coord_wgs84": "145.9830360530603, -43.05979908052591", "modified_at": "2026-02-05T02:07:20.520Z", "modified_by": "peter.jackson" }, "geometry": { "type": "Point", "coordinates": [ 417189.072830639197491, 5232042.780089889653027 ] } },
{ "type": "Feature", "properties": { "fid": 876, "common_name": null, "scientific_name": "Eucalyptus nitida", "collection_method": "desktop", "created_at": null, "created_by": "jayne.balmer", "coord_wgs84": "145.98312381191272, -43.05977208562849", "modified_at": "2026-02-05T02:07:20.522Z", "modified_by": "peter.jackson" }, "geometry": { "type": "Point", "coordinates": [ 417196.182717766670976, 5232045.86449901945889 ] } },
{ "type": "Feature", "properties": { "fid": 877, "common_name": null, "scientific_name": "Eucalyptus nitida", "collection_method": "desktop", "created_at": null, "created_by": "jayne.balmer", "coord_wgs84": "145.982922664595, -43.05976278619109", "modified_at": "2026-02-05T02:07:20.523Z", "modified_by": "peter.jackson" }, "geometry": { "type": "Point", "coordinates": [ 417179.790735685732216, 5232046.698688603937626 ] } },
{ "type": "Feature", "properties": { "fid": 878, "common_name": null, "scientific_name": "Eucalyptus nitida", "collection_method": "desktop", "created_at": null, "created_by": "jayne.balmer", "coord_wgs84": "145.99387869635774, -43.055784825903196", "modified_at": "2026-02-05T02:07:20.524Z", "modified_by": "peter.jackson" }, "geometry": { "type": "Point", "coordinates": [ 418066.645807926543057, 5232499.20932740252465 ] } },
{ "type": "Feature", "properties": { "fid": 879, "common_name": null, "scientific_name": "Eucalyptus nitida", "collection_method": "desktop", "created_at": null, "created_by": "jayne.balmer", "coord_wgs84": "145.99378029508924, -43.055576481719434", "modified_at": "2026-02-05T02:07:20.526Z", "modified_by": "peter.jackson" }, "geometry": { "type": "Point", "coordinates": [ 418058.355026785924565, 5232522.249986617825925 ] } },
{ "type": "Feature", "properties": { "fid": 880, "common_name": null, "scientific_name": "Eucalyptus nitida", "collection_method": "desktop", "created_at": null, "created_by": "jayne.balmer", "coord_wgs84": "145.9934365971611, -43.05527482819072", "modified_at": "2026-02-05T02:07:20.528Z", "modified_by": "peter.jackson" }, "geometry": { "type": "Point", "coordinates": [ 418029.963921600428876, 5232555.41311117541045 ] } },
{ "type": "Feature", "properties": { "fid": 881, "common_name": null, "scientific_name": "Eucalyptus nitida", "collection_method": "desktop", "created_at": null, "created_by": "jayne.balmer", "coord_wgs84": "145.99365613291627, -43.05520165799753", "modified_at": "2026-02-05T02:07:20.530Z", "modified_by": "peter.jackson" }, "geometry": { "type": "Point", "coordinates": [ 418047.744618749944493, 5232563.753125361166894 ] } },
{ "type": "Feature", "properties": { "fid": 882, "common_name": null, "scientific_name": "Eucalyptus nitida", "collection_method": "desktop", "created_at": null, "created_by": "jayne.balmer", "coord_wgs84": "145.99351941702747, -43.05519251325155", "modified_at": "2026-02-05T02:07:20.531Z", "modified_by": "peter.jackson" }, "geometry": { "type": "Point", "coordinates": [ 418036.598813150834758, 5232564.635128423571587 ] } },
{ "type": "Feature", "properties": { "fid": 883, "common_name": null, "scientific_name": "Eucalyptus nitida", "collection_method": "desktop", "created_at": null, "created_by": "jayne.balmer", "coord_wgs84": "145.99347545666348, -43.05507029535003", "modified_at": "2026-02-05T02:07:20.532Z", "modified_by": "peter.jackson" }, "geometry": { "type": "Point", "coordinates": [ 418032.856054556381423, 5232578.164557097479701 ] } },
{ "type": "Feature", "properties": { "fid": 884, "common_name": null, "scientific_name": "Eucalyptus nitida", "collection_method": "desktop", "created_at": null, "created_by": "jayne.balmer", "coord_wgs84": "145.99334423505323, -43.05513164520706", "modified_at": "2026-02-05T02:07:20.534Z", "modified_by": "peter.jackson" }, "geometry": { "type": "Point", "coordinates": [ 418022.251567050931044, 5232571.223438003100455 ] } },
{ "type": "Feature", "properties": { "fid": 885, "common_name": null, "scientific_name": "Eucalyptus nitida", "collection_method": "desktop", "created_at": null, "created_by": "jayne.balmer", "coord_wgs84": "145.9935914939953, -43.055105813265484", "modified_at": "2026-02-05T02:07:20.536Z", "modified_by": "peter.jackson" }, "geometry": { "type": "Point", "coordinates": [ 418042.353020405804273, 5232574.333608636632562 ] } },
{ "type": "Feature", "properties": { "fid": 886, "common_name": null, "scientific_name": "Eucalyptus nitida", "collection_method": "desktop", "created_at": null, "created_by": "jayne.balmer", "coord_wgs84": "145.99399422133374, -43.05498196903532", "modified_at": "2026-02-05T02:07:20.537Z", "modified_by": "peter.jackson" }, "geometry": { "type": "Point", "coordinates": [ 418074.984791282506194, 5232588.479831307195127 ] } },
{ "type": "Feature", "properties": { "fid": 887, "common_name": null, "scientific_name": "Eucalyptus nitida", "collection_method": "desktop", "created_at": null, "created_by": "jayne.balmer", "coord_wgs84": "145.99331488455456, -43.05489960085544", "modified_at": "2026-02-05T02:07:20.538Z", "modified_by": "peter.jackson" }, "geometry": { "type": "Point", "coordinates": [ 418019.552242958627176, 5232596.963421311229467 ] } },
{ "type": "Feature", "properties": { "fid": 888, "common_name": null, "scientific_name": "Eucalyptus nitida", "collection_method": "desktop", "created_at": null, "created_by": "jayne.balmer", "coord_wgs84": "145.99441046568785, -43.05457501014544", "modified_at": "2026-02-05T02:07:20.540Z", "modified_by": "peter.jackson" }, "geometry": { "type": "Point", "coordinates": [ 418108.340724708861671, 5232634.079127578064799 ] } },
{ "type": "Feature", "properties": { "fid": 889, "common_name": null, "scientific_name": "Eucalyptus nitida", "collection_method": "desktop", "created_at": null, "created_by": "jayne.balmer", "coord_wgs84": "145.994230183398, -43.05455997000115", "modified_at": "2026-02-05T02:07:20.541Z", "modified_by": "peter.jackson" }, "geometry": { "type": "Point", "coordinates": [ 418093.639048848766834, 5232635.573396272957325 ] } },
{ "type": "Feature", "properties": { "fid": 890, "common_name": null, "scientific_name": "Eucalyptus nitida", "collection_method": "desktop", "created_at": null, "created_by": "jayne.balmer", "coord_wgs84": "145.9948161220272, -43.054453565899", "modified_at": "2026-02-05T02:07:20.543Z", "modified_by": "peter.jackson" }, "geometry": { "type": "Point", "coordinates": [ 418141.214635975658894, 5232647.96136576961726 ] } },
{ "type": "Feature", "properties": { "fid": 892, "common_name": null, "scientific_name": "Nothofagus cunninghamii", "collection_method": "desktop", "created_at": null, "created_by": "jayne.balmer", "coord_wgs84": "145.99438304358026, -43.05556490623844", "modified_at": "2026-02-05T02:07:20.545Z", "modified_by": "peter.jackson" }, "geometry": { "type": "Point", "coordinates": [ 418107.424882606777828, 5232524.123847771435976 ] } },
{ "type": "Feature", "properties": { "fid": 893, "common_name": null, "scientific_name": "Nothofagus cunninghamii", "collection_method": "desktop", "created_at": null, "created_by": "jayne.balmer", "coord_wgs84": "145.99433849790645, -43.05553803732556", "modified_at": "2026-02-05T02:07:20.547Z", "modified_by": "peter.jackson" }, "geometry": { "type": "Point", "coordinates": [ 418103.761514195823111, 5232527.064182942733169 ] } },
{ "type": "Feature", "properties": { "fid": 894, "common_name": null, "scientific_name": "Nothofagus cunninghamii", "collection_method": "desktop", "created_at": null, "created_by": "jayne.balmer", "coord_wgs84": "145.99445480607625, -43.05559969692996", "modified_at": "2026-02-05T02:07:20.548Z", "modified_by": "peter.jackson" }, "geometry": { "type": "Point", "coordinates": [ 418113.315210438857321, 5232520.330351910553873 ] } },
{ "type": "Feature", "properties": { "fid": 896, "common_name": null, "scientific_name": "Phyllocladus aspleniifolius", "collection_method": "desktop", "created_at": null, "created_by": "jayne.balmer", "coord_wgs84": "145.9942213070021, -43.05548782538097", "modified_at": "2026-02-05T02:07:20.550Z", "modified_by": "peter.jackson" }, "geometry": { "type": "Point", "coordinates": [ 418094.151149674959015, 5232532.525870040990412 ] } },
{ "type": "Feature", "properties": { "fid": 897, "common_name": null, "scientific_name": "Phyllocladus aspleniifolius", "collection_method": "desktop", "created_at": null, "created_by": "jayne.balmer", "coord_wgs84": "145.99432041150493, -43.05547253335098", "modified_at": "2026-02-05T02:07:20.552Z", "modified_by": "peter.jackson" }, "geometry": { "type": "Point", "coordinates": [ 418102.201456569251604, 5232534.320785365998745 ] } },
{ "type": "Feature", "properties": { "fid": 898, "common_name": null, "scientific_name": "Lagarostrobos franklinii", "collection_method": "desktop", "created_at": null, "created_by": "jayne.balmer", "coord_wgs84": "145.99500722766356, -43.05552741819618", "modified_at": "2026-02-05T02:07:20.553Z", "modified_by": "peter.jackson" }, "geometry": { "type": "Point", "coordinates": [ 418158.205917093146127, 5232528.895867149345577 ] } },
{ "type": "Feature", "properties": { "fid": 899, "common_name": null, "scientific_name": "Lagarostrobos franklinii", "collection_method": "desktop", "created_at": null, "created_by": "jayne.balmer", "coord_wgs84": "145.99394397961427, -43.05566560030143", "modified_at": "2026-02-05T02:07:20.554Z", "modified_by": "peter.jackson" }, "geometry": { "type": "Point", "coordinates": [ 418071.803445031226147, 5232512.513138997368515 ] } },
{ "type": "Feature", "properties": { "fid": 900, "common_name": null, "scientific_name": "Lagarostrobos franklinii", "collection_method": "desktop", "created_at": null, "created_by": "jayne.balmer", "coord_wgs84": "145.9939727916628, -43.05560741792244", "modified_at": "2026-02-05T02:07:20.556Z", "modified_by": "peter.jackson" }, "geometry": { "type": "Point", "coordinates": [ 418074.072311358409934, 5232519.002455159090459 ] } },
{ "type": "Feature", "properties": { "fid": 901, "common_name": null, "scientific_name": "Lagarostrobos franklinii", "collection_method": "desktop", "created_at": null, "created_by": "jayne.balmer", "coord_wgs84": "145.9952847632149, -43.05605723385092", "modified_at": "2026-02-05T02:07:20.557Z", "modified_by": "peter.jackson" }, "geometry": { "type": "Point", "coordinates": [ 418181.511688497150317, 5232470.330174791626632 ] } },
{ "type": "Feature", "properties": { "fid": 902, "common_name": null, "scientific_name": "Lagarostrobos franklinii", "collection_method": "desktop", "created_at": null, "created_by": "jayne.balmer", "coord_wgs84": "145.994311895534, -43.05568100077825", "modified_at": "2026-02-05T02:07:20.557Z", "modified_by": "peter.jackson" }, "geometry": { "type": "Point", "coordinates": [ 418101.78539759805426, 5232511.162046770565212 ] } },
{ "type": "Feature", "properties": { "fid": 903, "common_name": null, "scientific_name": "Lagarostrobos franklinii", "collection_method": "desktop", "created_at": null, "created_by": "jayne.balmer", "coord_wgs84": "145.9949082617876, -43.05551651143902", "modified_at": "2026-02-05T02:07:20.557Z", "modified_by": "peter.jackson" }, "geometry": { "type": "Point", "coordinates": [ 418150.132045923790429, 5232530.010543379932642 ] } },
{ "type": "Feature", "properties": { "fid": 905, "common_name": null, "scientific_name": "Phyllocladus aspleniifolius", "collection_method": "desktop", "created_at": null, "created_by": "jayne.balmer", "coord_wgs84": "145.99414499371514, -43.055320052796354", "modified_at": "2026-02-05T02:07:20.557Z", "modified_by": "peter.jackson" }, "geometry": { "type": "Point", "coordinates": [ 418087.713190288748592, 5232551.082622503861785 ] } },
{ "type": "Feature", "properties": { "fid": 909, "common_name": null, "scientific_name": "Acacia melanoxylon", "collection_method": "desktop", "created_at": null, "created_by": "jayne.balmer", "coord_wgs84": "145.99461670065068, -43.055477636165456", "modified_at": "2026-02-05T02:07:20.564Z", "modified_by": "peter.jackson" }, "geometry": { "type": "Point", "coordinates": [ 418126.336807735962793, 5232534.043238216079772 ] } },
{ "type": "Feature", "properties": { "fid": 910, "common_name": null, "scientific_name": "Acacia melanoxylon", "collection_method": "desktop", "created_at": null, "created_by": "jayne.balmer", "coord_wgs84": "145.9955889321013, -43.05559025499355", "modified_at": "2026-02-05T02:07:20.564Z", "modified_by": "peter.jackson" }, "geometry": { "type": "Point", "coordinates": [ 418205.660998679872137, 5232522.4849724303931 ] } },
{ "type": "Feature", "properties": { "fid": 912, "common_name": null, "scientific_name": "Acacia melanoxylon", "collection_method": "desktop", "created_at": null, "created_by": "jayne.balmer", "coord_wgs84": "145.99453241238336, -43.055588355652745", "modified_at": "2026-02-05T02:07:20.564Z", "modified_by": "peter.jackson" }, "geometry": { "type": "Point", "coordinates": [ 418119.620043238042854, 5232521.665534758940339 ] } },
{ "type": "Feature", "properties": { "fid": 913, "common_name": null, "scientific_name": "Acacia melanoxylon", "collection_method": "desktop", "created_at": null, "created_by": "jayne.balmer", "coord_wgs84": "145.9943174908191, -43.05593609947587", "modified_at": "2026-02-05T02:07:20.568Z", "modified_by": "peter.jackson" }, "geometry": { "type": "Point", "coordinates": [ 418102.580559905443806, 5232482.83864982239902 ] } },
{ "type": "Feature", "properties": { "fid": 914, "common_name": null, "scientific_name": "Acacia melanoxylon", "collection_method": "desktop", "created_at": null, "created_by": "jayne.balmer", "coord_wgs84": "145.99437582958618, -43.054847293253026", "modified_at": "2026-02-05T02:07:20.568Z", "modified_by": "peter.jackson" }, "geometry": { "type": "Point", "coordinates": [ 418105.882411696540657, 5232603.808135976083577 ] } },
{ "type": "Feature", "properties": { "fid": 915, "common_name": null, "scientific_name": "Acacia melanoxylon", "collection_method": "desktop", "created_at": null, "created_by": "jayne.balmer", "coord_wgs84": "145.99452054996414, -43.05530003794186", "modified_at": "2026-02-05T02:07:20.568Z", "modified_by": "peter.jackson" }, "geometry": { "type": "Point", "coordinates": [ 418118.270381191861816, 5232553.671806139871478 ] } },
{ "type": "Feature", "properties": { "fid": 916, "common_name": null, "scientific_name": "Acacia melanoxylon", "collection_method": "desktop", "created_at": null, "created_by": "jayne.balmer", "coord_wgs84": "145.99454993360519, -43.05532655879872", "modified_at": "2026-02-05T02:07:20.568Z", "modified_by": "peter.jackson" }, "geometry": { "type": "Point", "coordinates": [ 418120.69855774944881, 5232550.755321002565324 ] } },
{ "type": "Feature", "properties": { "fid": 917, "common_name": null, "scientific_name": "Acacia melanoxylon", "collection_method": "desktop", "created_at": null, "created_by": "jayne.balmer", "coord_wgs84": "145.9953036650852, -43.054863256250336", "modified_at": "2026-02-05T02:07:20.574Z", "modified_by": "peter.jackson" }, "geometry": { "type": "Point", "coordinates": [ 418181.463486280757934, 5232602.940496089868248 ] } },
{ "type": "Feature", "properties": { "fid": 918, "common_name": null, "scientific_name": "Acacia melanoxylon", "collection_method": "desktop", "created_at": null, "created_by": "jayne.balmer", "coord_wgs84": "145.99456055567683, -43.055187616271304", "modified_at": "2026-02-05T02:07:20.574Z", "modified_by": "peter.jackson" }, "geometry": { "type": "Point", "coordinates": [ 418121.378707481489982, 5232566.195331691764295 ] } },
{ "type": "Feature", "properties": { "fid": 919, "common_name": null, "scientific_name": "Acacia melanoxylon", "collection_method": "desktop", "created_at": null, "created_by": "jayne.balmer", "coord_wgs84": "145.99449288862635, -43.05478321342455", "modified_at": "2026-02-05T02:07:20.574Z", "modified_by": "peter.jackson" }, "geometry": { "type": "Point", "coordinates": [ 418115.330046019575093, 5232611.038468366488814 ] } },
{ "type": "Feature", "properties": { "fid": 920, "common_name": null, "scientific_name": "Acacia melanoxylon", "collection_method": "desktop", "created_at": null, "created_by": "jayne.balmer", "coord_wgs84": "145.99501891109193, -43.05504281865723", "modified_at": "2026-02-05T02:07:20.574Z", "modified_by": "peter.jackson" }, "geometry": { "type": "Point", "coordinates": [ 418158.512876407650765, 5232582.722315009683371 ] } },
{ "type": "Feature", "properties": { "fid": 921, "common_name": null, "scientific_name": "Acacia melanoxylon", "collection_method": "desktop", "created_at": null, "created_by": "jayne.balmer", "coord_wgs84": "145.9952546301531, -43.05522010846484", "modified_at": "2026-02-05T02:07:20.574Z", "modified_by": "peter.jackson" }, "geometry": { "type": "Point", "coordinates": [ 418177.944724517932627, 5232563.264047109521925 ] } },
{ "type": "Feature", "properties": { "fid": 922, "common_name": null, "scientific_name": "Lagarostrobos franklinii", "collection_method": "desktop", "created_at": null, "created_by": "jayne.balmer", "coord_wgs84": "145.9940109457667, -43.05598652266187", "modified_at": "2026-02-05T02:07:20.574Z", "modified_by": "peter.jackson" }, "geometry": { "type": "Point", "coordinates": [ 418077.684115375101101, 5232476.939903636462986 ] } },
{ "type": "Feature", "properties": { "fid": 923, "common_name": null, "scientific_name": "Lagarostrobos franklinii", "collection_method": "desktop", "created_at": null, "created_by": "jayne.balmer", "coord_wgs84": "145.99399341124197, -43.05606341352297", "modified_at": "2026-02-05T02:07:20.585Z", "modified_by": "peter.jackson" }, "geometry": { "type": "Point", "coordinates": [ 418076.358554436883423, 5232468.384010309353471 ] } },
{ "type": "Feature", "properties": { "fid": 924, "common_name": null, "scientific_name": "Lagarostrobos franklinii", "collection_method": "desktop", "created_at": null, "created_by": "jayne.balmer", "coord_wgs84": "145.99407139617244, -43.05614483357332", "modified_at": "2026-02-05T02:07:20.585Z", "modified_by": "peter.jackson" }, "geometry": { "type": "Point", "coordinates": [ 418082.817651371995453, 5232459.418398145586252 ] } },
{ "type": "Feature", "properties": { "fid": 925, "common_name": null, "scientific_name": "Lagarostrobos franklinii", "collection_method": "desktop", "created_at": null, "created_by": "jayne.balmer", "coord_wgs84": "145.99449107687164, -43.05596835819072", "modified_at": "2026-02-05T02:07:20.585Z", "modified_by": "peter.jackson" }, "geometry": { "type": "Point", "coordinates": [ 418116.759508561168332, 5232479.425699672661722 ] } },
{ "type": "Feature", "properties": { "fid": 926, "common_name": null, "scientific_name": "Lagarostrobos franklinii", "collection_method": "desktop", "created_at": null, "created_by": "jayne.balmer", "coord_wgs84": "145.9949879622046, -43.05603655995594", "modified_at": "2026-02-05T02:07:20.585Z", "modified_by": "peter.jackson" }, "geometry": { "type": "Point", "coordinates": [ 418157.314176098268945, 5232472.336592019535601 ] } },
{ "type": "Feature", "properties": { "fid": 927, "common_name": null, "scientific_name": "Lagarostrobos franklinii", "collection_method": "desktop", "created_at": null, "created_by": "jayne.balmer", "coord_wgs84": "145.99492053840856, -43.05608762049257", "modified_at": "2026-02-05T02:07:20.585Z", "modified_by": "peter.jackson" }, "geometry": { "type": "Point", "coordinates": [ 418151.891426805232186, 5232466.600528321228921 ] } },
{ "type": "Feature", "properties": { "fid": 928, "common_name": null, "scientific_name": "Lagarostrobos franklinii", "collection_method": "desktop", "created_at": null, "created_by": "jayne.balmer", "coord_wgs84": "145.9947347701944, -43.05586461993712", "modified_at": "2026-02-05T02:07:20.585Z", "modified_by": "peter.jackson" }, "geometry": { "type": "Point", "coordinates": [ 418136.466717706352938, 5232491.183658446185291 ] } },
{ "type": "Feature", "properties": { "fid": 929, "common_name": null, "scientific_name": "Nothofagus cunninghamii", "collection_method": "desktop", "created_at": null, "created_by": "jayne.balmer", "coord_wgs84": "145.99466655372527, -43.05601854473096", "modified_at": "2026-02-05T02:07:20.585Z", "modified_by": "peter.jackson" }, "geometry": { "type": "Point", "coordinates": [ 418131.116271737730131, 5232474.023669573478401 ] } },
{ "type": "Feature", "properties": { "fid": 930, "common_name": null, "scientific_name": "Nothofagus cunninghamii", "collection_method": "desktop", "created_at": null, "created_by": "jayne.balmer", "coord_wgs84": "145.99412906075472, -43.055984739598536", "modified_at": "2026-02-05T02:07:20.595Z", "modified_by": "peter.jackson" }, "geometry": { "type": "Point", "coordinates": [ 418087.300457453879062, 5232477.25321803893894 ] } },
{ "type": "Feature", "properties": { "fid": 931, "common_name": null, "scientific_name": "Nothofagus cunninghamii", "collection_method": "desktop", "created_at": null, "created_by": "jayne.balmer", "coord_wgs84": "145.99445614493868, -43.056028117619434", "modified_at": "2026-02-05T02:07:20.595Z", "modified_by": "peter.jackson" }, "geometry": { "type": "Point", "coordinates": [ 418113.994341649929993, 5232472.755293431691825 ] } },
{ "type": "Feature", "properties": { "fid": 932, "common_name": null, "scientific_name": "Nothofagus cunninghamii", "collection_method": "desktop", "created_at": null, "created_by": "jayne.balmer", "coord_wgs84": "145.9946494244769, -43.05594206305532", "modified_at": "2026-02-05T02:07:20.595Z", "modified_by": "peter.jackson" }, "geometry": { "type": "Point", "coordinates": [ 418129.61959399288753, 5232482.500292182900012 ] } },
{ "type": "Feature", "properties": { "fid": 933, "common_name": null, "scientific_name": "Nothofagus cunninghamii", "collection_method": "desktop", "created_at": null, "created_by": "jayne.balmer", "coord_wgs84": "145.99450776718083, -43.0560048956103", "modified_at": "2026-02-05T02:07:20.600Z", "modified_by": "peter.jackson" }, "geometry": { "type": "Point", "coordinates": [ 418118.167305380688049, 5232475.384484182111919 ] } },
{ "type": "Feature", "properties": { "fid": 934, "common_name": null, "scientific_name": "Nothofagus cunninghamii", "collection_method": "desktop", "created_at": null, "created_by": "jayne.balmer", "coord_wgs84": "145.99466598736106, -43.05584571342774", "modified_at": "2026-02-05T02:07:20.600Z", "modified_by": "peter.jackson" }, "geometry": { "type": "Point", "coordinates": [ 418130.840210423339158, 5232493.216133347712457 ] } },
{ "type": "Feature", "properties": { "fid": 935, "common_name": null, "scientific_name": "Lagarostrobos franklinii", "collection_method": "desktop", "created_at": null, "created_by": "jayne.balmer", "coord_wgs84": "145.99531755970847, -43.05546237617639", "modified_at": "2026-02-05T02:07:20.600Z", "modified_by": "peter.jackson" }, "geometry": { "type": "Point", "coordinates": [ 418183.391574917710386, 5232536.421438098885119 ] } },
{ "type": "Feature", "properties": { "fid": 936, "common_name": null, "scientific_name": "Lagarostrobos franklinii", "collection_method": "desktop", "created_at": null, "created_by": "jayne.balmer", "coord_wgs84": "145.99563168975857, -43.05536405281457", "modified_at": "2026-02-05T02:07:20.600Z", "modified_by": "peter.jackson" }, "geometry": { "type": "Point", "coordinates": [ 418208.84234493150143, 5232547.646529146470129 ] } },
{ "type": "Feature", "properties": { "fid": 937, "common_name": null, "scientific_name": "Lagarostrobos franklinii", "collection_method": "desktop", "created_at": null, "created_by": "jayne.balmer", "coord_wgs84": "145.995498277077, -43.05545094098416", "modified_at": "2026-02-05T02:07:20.606Z", "modified_by": "peter.jackson" }, "geometry": { "type": "Point", "coordinates": [ 418198.093250777630601, 5232537.867504578083754 ] } },
{ "type": "Feature", "properties": { "fid": 938, "common_name": null, "scientific_name": "Lagarostrobos franklinii", "collection_method": "desktop", "created_at": null, "created_by": "jayne.balmer", "coord_wgs84": "145.9954008098092, -43.055366366724066", "modified_at": "2026-02-05T02:07:20.606Z", "modified_by": "peter.jackson" }, "geometry": { "type": "Point", "coordinates": [ 418190.04348071734421, 5232547.164506987668574 ] } },
{ "type": "Feature", "properties": { "fid": 939, "common_name": null, "scientific_name": "Lagarostrobos franklinii", "collection_method": "desktop", "created_at": null, "created_by": "jayne.balmer", "coord_wgs84": "145.99530635609403, -43.05531475287275", "modified_at": "2026-02-05T02:07:20.606Z", "modified_by": "peter.jackson" }, "geometry": { "type": "Point", "coordinates": [ 418182.282923952094279, 5232552.804166258312762 ] } },
{ "type": "Feature", "properties": { "fid": 940, "common_name": null, "scientific_name": "Acacia melanoxylon", "collection_method": "desktop", "created_at": null, "created_by": "jayne.balmer", "coord_wgs84": "145.97702444952438, -43.05297581723075", "modified_at": "2026-02-05T02:07:20.606Z", "modified_by": "peter.jackson" }, "geometry": { "type": "Point", "coordinates": [ 416690.309727345244028, 5232794.557251552119851 ] } },
{ "type": "Feature", "properties": { "fid": 941, "common_name": null, "scientific_name": "Acacia melanoxylon", "collection_method": "desktop", "created_at": null, "created_by": "jayne.balmer", "coord_wgs84": "145.97705505216743, -43.05289529970001", "modified_at": "2026-02-05T02:07:20.606Z", "modified_by": "peter.jackson" }, "geometry": { "type": "Point", "coordinates": [ 416692.69298855838133, 5232803.529148863628507 ] } },
{ "type": "Feature", "properties": { "fid": 942, "common_name": null, "scientific_name": "Acacia melanoxylon", "collection_method": "desktop", "created_at": null, "created_by": "jayne.balmer", "coord_wgs84": "145.9769921374242, -43.053037063948096", "modified_at": "2026-02-05T02:07:20.613Z", "modified_by": "peter.jackson" }, "geometry": { "type": "Point", "coordinates": [ 416687.761168367695063, 5232787.72369084879756 ] } },
{ "type": "Feature", "properties": { "fid": 943, "common_name": null, "scientific_name": "Acacia melanoxylon", "collection_method": "desktop", "created_at": null, "created_by": "jayne.balmer", "coord_wgs84": "145.9771062032329, -43.05285190279179", "modified_at": "2026-02-05T02:07:20.613Z", "modified_by": "peter.jackson" }, "geometry": { "type": "Point", "coordinates": [ 416696.799954005226027, 5232808.399176948703825 ] } },
{ "type": "Feature", "properties": { "fid": 944, "common_name": null, "scientific_name": "Acacia melanoxylon", "collection_method": "desktop", "created_at": null, "created_by": "jayne.balmer", "coord_wgs84": "145.97679399287688, -43.052858881132934", "modified_at": "2026-02-05T02:07:20.616Z", "modified_by": "peter.jackson" }, "geometry": { "type": "Point", "coordinates": [ 416671.383190694497898, 5232807.314261693507433 ] } },
{ "type": "Feature", "properties": { "fid": 945, "common_name": null, "scientific_name": "Acacia melanoxylon", "collection_method": "desktop", "created_at": null, "created_by": "jayne.balmer", "coord_wgs84": "145.97630629503843, -43.05267239993872", "modified_at": "2026-02-05T02:07:20.616Z", "modified_by": "peter.jackson" }, "geometry": { "type": "Point", "coordinates": [ 416631.412777941150125, 5232827.538721211254597 ] } },
{ "type": "Feature", "properties": { "fid": 946, "common_name": null, "scientific_name": "Acacia melanoxylon", "collection_method": "desktop", "created_at": null, "created_by": "jayne.balmer", "coord_wgs84": "145.97623061806016, -43.05270297498804", "modified_at": "2026-02-05T02:07:20.616Z", "modified_by": "peter.jackson" }, "geometry": { "type": "Point", "coordinates": [ 416625.291096517525148, 5232824.068161663599312 ] } },
{ "type": "Feature", "properties": { "fid": 947, "common_name": null, "scientific_name": "Acacia melanoxylon", "collection_method": "desktop", "created_at": null, "created_by": "jayne.balmer", "coord_wgs84": "145.97605863819624, -43.052723139068895", "modified_at": "2026-02-05T02:07:20.616Z", "modified_by": "peter.jackson" }, "geometry": { "type": "Point", "coordinates": [ 416611.312453896738589, 5232821.658050867728889 ] } },
{ "type": "Feature", "properties": { "fid": 948, "common_name": null, "scientific_name": "Acacia melanoxylon", "collection_method": "desktop", "created_at": null, "created_by": "jayne.balmer", "coord_wgs84": "145.97635246124096, -43.052814749391224", "modified_at": "2026-02-05T02:07:20.616Z", "modified_by": "peter.jackson" }, "geometry": { "type": "Point", "coordinates": [ 416635.36535964772338, 5232811.776596600189805 ] } },
{ "type": "Feature", "properties": { "fid": 949, "common_name": null, "scientific_name": "Acacia melanoxylon", "collection_method": "desktop", "created_at": null, "created_by": "jayne.balmer", "coord_wgs84": "145.97632191106828, -43.05249606216322", "modified_at": "2026-02-05T02:07:20.616Z", "modified_by": "peter.jackson" }, "geometry": { "type": "Point", "coordinates": [ 416632.445669999928214, 5232847.136643346399069 ] } },
{ "type": "Feature", "properties": { "fid": 950, "common_name": null, "scientific_name": "Acacia melanoxylon", "collection_method": "desktop", "created_at": null, "created_by": "jayne.balmer", "coord_wgs84": "145.97640886248428, -43.05255525407784", "modified_at": "2026-02-05T02:07:20.616Z", "modified_by": "peter.jackson" }, "geometry": { "type": "Point", "coordinates": [ 416639.607154649856966, 5232840.649723945185542 ] } },
{ "type": "Feature", "properties": { "fid": 951, "common_name": null, "scientific_name": "Acacia melanoxylon", "collection_method": "desktop", "created_at": null, "created_by": "jayne.balmer", "coord_wgs84": "145.97679262478226, -43.052292822926546", "modified_at": "2026-02-05T02:07:20.626Z", "modified_by": "peter.jackson" }, "geometry": { "type": "Point", "coordinates": [ 416670.505331414111424, 5232870.173983246088028 ] } },
{ "type": "Feature", "properties": { "fid": 952, "common_name": null, "scientific_name": "Acacia melanoxylon", "collection_method": "desktop", "created_at": null, "created_by": "jayne.balmer", "coord_wgs84": "145.9767649037412, -43.05223666566302", "modified_at": "2026-02-05T02:07:20.628Z", "modified_by": "peter.jackson" }, "geometry": { "type": "Point", "coordinates": [ 416668.171688488917425, 5232876.382752018980682 ] } },
{ "type": "Feature", "properties": { "fid": 953, "common_name": null, "scientific_name": "Acacia melanoxylon", "collection_method": "desktop", "created_at": null, "created_by": "jayne.balmer", "coord_wgs84": "145.97661960568993, -43.052221694982485", "modified_at": "2026-02-05T02:07:20.630Z", "modified_by": "peter.jackson" }, "geometry": { "type": "Point", "coordinates": [ 416656.318316002027132, 5232877.90096440166235 ] } },
{ "type": "Feature", "properties": { "fid": 954, "common_name": null, "scientific_name": "Lagarostrobos franklinii", "collection_method": "desktop", "created_at": null, "created_by": "jayne.balmer", "coord_wgs84": "145.9766749124045, -43.052287192499186", "modified_at": "2026-02-05T02:07:20.632Z", "modified_by": "peter.jackson" }, "geometry": { "type": "Point", "coordinates": [ 416660.911198954214342, 5232870.682354368269444 ] } },
{ "type": "Feature", "properties": { "fid": 955, "common_name": null, "scientific_name": "Acacia melanoxylon", "collection_method": "desktop", "created_at": null, "created_by": "jayne.balmer", "coord_wgs84": "145.97650120227277, -43.0520237773603", "modified_at": "2026-02-05T02:07:20.632Z", "modified_by": "peter.jackson" }, "geometry": { "type": "Point", "coordinates": [ 416646.407464055810124, 5232899.762228278443217 ] } },
{ "type": "Feature", "properties": { "fid": 956, "common_name": null, "scientific_name": "Eucalyptus nitida", "collection_method": "desktop", "created_at": null, "created_by": "jayne.balmer", "coord_wgs84": "145.9746918965879, -43.052160517709865", "modified_at": "2026-02-05T02:07:20.634Z", "modified_by": "peter.jackson" }, "geometry": { "type": "Point", "coordinates": [ 416499.242301850521471, 5232882.77846067212522 ] } },
{ "type": "Feature", "properties": { "fid": 957, "common_name": null, "scientific_name": "Eucalyptus nitida", "collection_method": "desktop", "created_at": null, "created_by": "jayne.balmer", "coord_wgs84": "145.97510276731614, -43.05214970201793", "modified_at": "2026-02-05T02:07:20.637Z", "modified_by": "peter.jackson" }, "geometry": { "type": "Point", "coordinates": [ 416532.689060550648719, 5232884.388285109773278 ] } },
{ "type": "Feature", "properties": { "fid": 958, "common_name": null, "scientific_name": "Eucalyptus nitida", "collection_method": "desktop", "created_at": null, "created_by": "jayne.balmer", "coord_wgs84": "145.9746292154131, -43.05201498120115", "modified_at": "2026-02-05T02:07:20.639Z", "modified_by": "peter.jackson" }, "geometry": { "type": "Point", "coordinates": [ 416493.940058097825386, 5232898.878000793978572 ] } },
{ "type": "Feature", "properties": { "fid": 959, "common_name": null, "scientific_name": "Eucalyptus nitida", "collection_method": "desktop", "created_at": null, "created_by": "jayne.balmer", "coord_wgs84": "145.97509444298603, -43.05201394022957", "modified_at": "2026-02-05T02:07:20.639Z", "modified_by": "peter.jackson" }, "geometry": { "type": "Point", "coordinates": [ 416531.826999821874779, 5232899.456427386030555 ] } },
{ "type": "Feature", "properties": { "fid": 960, "common_name": null, "scientific_name": "Eucalyptus nitida", "collection_method": "desktop", "created_at": null, "created_by": "jayne.balmer", "coord_wgs84": "145.97426479924675, -43.052039928957804", "modified_at": "2026-02-05T02:07:20.641Z", "modified_by": "peter.jackson" }, "geometry": { "type": "Point", "coordinates": [ 416464.295695298642386, 5232895.74485675804317 ] } },
{ "type": "Feature", "properties": { "fid": 961, "common_name": null, "scientific_name": "Eucalyptus nitida", "collection_method": "desktop", "created_at": null, "created_by": "jayne.balmer", "coord_wgs84": "145.97451492190962, -43.05201873164346", "modified_at": "2026-02-05T02:07:20.643Z", "modified_by": "peter.jackson" }, "geometry": { "type": "Point", "coordinates": [ 416484.637030422687531, 5232898.347776418551803 ] } },
{ "type": "Feature", "properties": { "fid": 962, "common_name": null, "scientific_name": "Eucalyptus nitida", "collection_method": "desktop", "created_at": null, "created_by": "jayne.balmer", "coord_wgs84": "145.9744549831252, -43.052099363055916", "modified_at": "2026-02-05T02:07:20.643Z", "modified_by": "peter.jackson" }, "geometry": { "type": "Point", "coordinates": [ 416479.865011045243591, 5232889.333962039090693 ] } },
{ "type": "Feature", "properties": { "fid": 963, "common_name": null, "scientific_name": "Eucalyptus nitida", "collection_method": "desktop", "created_at": null, "created_by": "jayne.balmer", "coord_wgs84": "145.97540671753825, -43.051956836856725", "modified_at": "2026-02-05T02:07:20.643Z", "modified_by": "peter.jackson" }, "geometry": { "type": "Point", "coordinates": [ 416557.181365403055679, 5232906.10833318438381 ] } },
{ "type": "Feature", "properties": { "fid": 964, "common_name": null, "scientific_name": "Acacia melanoxylon", "collection_method": "desktop", "created_at": null, "created_by": "jayne.balmer", "coord_wgs84": "145.97671169071995, -43.05201512383873", "modified_at": "2026-02-05T02:07:20.648Z", "modified_by": "peter.jackson" }, "geometry": { "type": "Point", "coordinates": [ 416663.53802195325261, 5232900.932252077385783 ] } },
{ "type": "Feature", "properties": { "fid": 965, "common_name": null, "scientific_name": "Acacia melanoxylon", "collection_method": "desktop", "created_at": null, "created_by": "jayne.balmer", "coord_wgs84": "145.97620190704703, -43.05186450068473", "modified_at": "2026-02-05T02:07:20.648Z", "modified_by": "peter.jackson" }, "geometry": { "type": "Point", "coordinates": [ 416621.816941112687346, 5232917.152672887779772 ] } },
{ "type": "Feature", "properties": { "fid": 966, "common_name": null, "scientific_name": "Lagarostrobos franklinii", "collection_method": "desktop", "created_at": null, "created_by": "jayne.balmer", "coord_wgs84": "145.97640641040573, -43.051955366044226", "modified_at": "2026-02-05T02:07:20.648Z", "modified_by": "peter.jackson" }, "geometry": { "type": "Point", "coordinates": [ 416638.594908115454018, 5232907.26518636662513 ] } },
{ "type": "Feature", "properties": { "fid": 967, "common_name": null, "scientific_name": "Lagarostrobos franklinii", "collection_method": "desktop", "created_at": null, "created_by": "jayne.balmer", "coord_wgs84": "145.97638793900785, -43.05190940785294", "modified_at": "2026-02-05T02:07:20.648Z", "modified_by": "peter.jackson" }, "geometry": { "type": "Point", "coordinates": [ 416637.028336097602732, 5232912.350520147942007 ] } },
{ "type": "Feature", "properties": { "fid": 968, "common_name": null, "scientific_name": "Lagarostrobos franklinii", "collection_method": "desktop", "created_at": null, "created_by": "jayne.balmer", "coord_wgs84": "145.97585110344335, -43.051690399907535", "modified_at": "2026-02-05T02:07:20.654Z", "modified_by": "peter.jackson" }, "geometry": { "type": "Point", "coordinates": [ 416593.011314822011627, 5232936.138063143007457 ] } },
{ "type": "Feature", "properties": { "fid": 969, "common_name": null, "scientific_name": "Lagarostrobos franklinii", "collection_method": "desktop", "created_at": null, "created_by": "jayne.balmer", "coord_wgs84": "145.97586837301822, -43.05157389812558", "modified_at": "2026-02-05T02:07:20.654Z", "modified_by": "peter.jackson" }, "geometry": { "type": "Point", "coordinates": [ 416594.259881486359518, 5232949.092812984250486 ] } },
{ "type": "Feature", "properties": { "fid": 970, "common_name": null, "scientific_name": "Lagarostrobos franklinii", "collection_method": "desktop", "created_at": null, "created_by": "jayne.balmer", "coord_wgs84": "145.97593879529262, -43.051455215069886", "modified_at": "2026-02-05T02:07:20.657Z", "modified_by": "peter.jackson" }, "geometry": { "type": "Point", "coordinates": [ 416599.834318085282575, 5232962.342617961578071 ] } },
{ "type": "Feature", "properties": { "fid": 971, "common_name": null, "scientific_name": "Lagarostrobos franklinii", "collection_method": "desktop", "created_at": null, "created_by": "jayne.balmer", "coord_wgs84": "145.97582876328198, -43.051389403756666", "modified_at": "2026-02-05T02:07:20.657Z", "modified_by": "peter.jackson" }, "geometry": { "type": "Point", "coordinates": [ 416590.783987278875429, 5232969.541645038872957 ] } },
{ "type": "Feature", "properties": { "fid": 972, "common_name": null, "scientific_name": "Lagarostrobos franklinii", "collection_method": "desktop", "created_at": null, "created_by": "jayne.balmer", "coord_wgs84": "145.97691797347042, -43.05071571759312", "modified_at": "2026-02-05T02:07:20.657Z", "modified_by": "peter.jackson" }, "geometry": { "type": "Point", "coordinates": [ 416678.578646232374012, 5233045.436838340014219 ] } },
{ "type": "Feature", "properties": { "fid": 973, "common_name": null, "scientific_name": "Lagarostrobos franklinii", "collection_method": "desktop", "created_at": null, "created_by": "jayne.balmer", "coord_wgs84": "145.97691341307987, -43.05081203739239", "modified_at": "2026-02-05T02:07:20.657Z", "modified_by": "peter.jackson" }, "geometry": { "type": "Point", "coordinates": [ 416678.337635152682196, 5233034.735946401953697 ] } },
{ "type": "Feature", "properties": { "fid": 974, "common_name": null, "scientific_name": "Lagarostrobos franklinii", "collection_method": "desktop", "created_at": null, "created_by": "jayne.balmer", "coord_wgs84": "145.97673941835725, -43.050825070263485", "modified_at": "2026-02-05T02:07:20.664Z", "modified_by": "peter.jackson" }, "geometry": { "type": "Point", "coordinates": [ 416664.184793077525683, 5233033.115874941460788 ] } },
{ "type": "Feature", "properties": { "fid": 975, "common_name": null, "scientific_name": "Lagarostrobos franklinii", "collection_method": "desktop", "created_at": null, "created_by": "jayne.balmer", "coord_wgs84": "145.9767245428983, -43.05085142493092", "modified_at": "2026-02-05T02:07:20.664Z", "modified_by": "peter.jackson" }, "geometry": { "type": "Point", "coordinates": [ 416663.008990701287985, 5233030.174403632059693 ] } },
{ "type": "Feature", "properties": { "fid": 976, "common_name": null, "scientific_name": "Lagarostrobos franklinii", "collection_method": "desktop", "created_at": null, "created_by": "jayne.balmer", "coord_wgs84": "145.97630021694383, -43.050603463584395", "modified_at": "2026-02-05T02:07:20.664Z", "modified_by": "peter.jackson" }, "geometry": { "type": "Point", "coordinates": [ 416628.115142633439973, 5233057.289186716079712 ] } },
{ "type": "Feature", "properties": { "fid": 977, "common_name": null, "scientific_name": "Lagarostrobos franklinii", "collection_method": "desktop", "created_at": null, "created_by": "jayne.balmer", "coord_wgs84": "145.97787475449502, -43.05159659446057", "modified_at": "2026-02-05T02:07:20.668Z", "modified_by": "peter.jackson" }, "geometry": { "type": "Point", "coordinates": [ 416757.692399628460407, 5232948.56448139436543 ] } },
{ "type": "Feature", "properties": { "fid": 978, "common_name": null, "scientific_name": "Lagarostrobos franklinii", "collection_method": "desktop", "created_at": null, "created_by": "jayne.balmer", "coord_wgs84": "145.97768609752544, -43.051622766889544", "modified_at": "2026-02-05T02:07:20.668Z", "modified_by": "peter.jackson" }, "geometry": { "type": "Point", "coordinates": [ 416742.363389180973172, 5232945.470870579592884 ] } },
{ "type": "Feature", "properties": { "fid": 979, "common_name": null, "scientific_name": "Lagarostrobos franklinii", "collection_method": "desktop", "created_at": null, "created_by": "jayne.balmer", "coord_wgs84": "145.97768290945103, -43.051555508518646", "modified_at": "2026-02-05T02:07:20.668Z", "modified_by": "peter.jackson" }, "geometry": { "type": "Point", "coordinates": [ 416742.012762401544023, 5232952.936785963363945 ] } },
{ "type": "Feature", "properties": { "fid": 980, "common_name": null, "scientific_name": "Lagarostrobos franklinii", "collection_method": "desktop", "created_at": null, "created_by": "jayne.balmer", "coord_wgs84": "145.97761600184572, -43.051521488406316", "modified_at": "2026-02-05T02:07:20.668Z", "modified_by": "peter.jackson" }, "geometry": { "type": "Point", "coordinates": [ 416736.517709785082843, 5232956.648356588557363 ] } },
{ "type": "Feature", "properties": { "fid": 981, "common_name": null, "scientific_name": "Lagarostrobos franklinii", "collection_method": "desktop", "created_at": null, "created_by": "jayne.balmer", "coord_wgs84": "145.97773012061492, -43.051492558021565", "modified_at": "2026-02-05T02:07:20.668Z", "modified_by": "peter.jackson" }, "geometry": { "type": "Point", "coordinates": [ 416745.772535244352184, 5232959.974309488199651 ] } },
{ "type": "Feature", "properties": { "fid": 982, "common_name": null, "scientific_name": "Acacia melanoxylon", "collection_method": "desktop", "created_at": null, "created_by": "jayne.balmer", "coord_wgs84": "145.97754837567857, -43.05145859263552", "modified_at": "2026-02-05T02:07:20.668Z", "modified_by": "peter.jackson" }, "geometry": { "type": "Point", "coordinates": [ 416730.925062724738382, 5232963.565867231227458 ] } },
{ "type": "Feature", "properties": { "fid": 983, "common_name": null, "scientific_name": "Lagarostrobos franklinii", "collection_method": "desktop", "created_at": null, "created_by": "jayne.balmer", "coord_wgs84": "145.98869051366938, -43.09820261953215", "modified_at": "2026-02-05T02:07:20.668Z", "modified_by": "peter.jackson" }, "geometry": { "type": "Point", "coordinates": [ 417700.935595639341045, 5227783.592567907646298 ] } },
{ "type": "Feature", "properties": { "fid": 984, "common_name": null, "scientific_name": "Lagarostrobos franklinii", "collection_method": "desktop", "created_at": null, "created_by": "jayne.balmer", "coord_wgs84": "145.98857200848408, -43.09813320868157", "modified_at": "2026-02-05T02:07:20.679Z", "modified_by": "peter.jackson" }, "geometry": { "type": "Point", "coordinates": [ 417691.198748020571657, 5227791.18441691622138 ] } },
{ "type": "Feature", "properties": { "fid": 985, "common_name": null, "scientific_name": "Lagarostrobos franklinii", "collection_method": "desktop", "created_at": null, "created_by": "jayne.balmer", "coord_wgs84": "145.98891331706173, -43.098269157009774", "modified_at": "2026-02-05T02:07:20.679Z", "modified_by": "peter.jackson" }, "geometry": { "type": "Point", "coordinates": [ 417719.156278116279282, 5227776.422151207923889 ] } },
{ "type": "Feature", "properties": { "fid": 986, "common_name": null, "scientific_name": "Lagarostrobos franklinii", "collection_method": "desktop", "created_at": null, "created_by": "jayne.balmer", "coord_wgs84": "145.9886213421808, -43.09792486514295", "modified_at": "2026-02-05T02:07:20.679Z", "modified_by": "peter.jackson" }, "geometry": { "type": "Point", "coordinates": [ 417694.934419755474664, 5227814.369682782329619 ] } },
{ "type": "Feature", "properties": { "fid": 987, "common_name": null, "scientific_name": "Lagarostrobos franklinii", "collection_method": "desktop", "created_at": null, "created_by": "jayne.balmer", "coord_wgs84": "145.98820838119136, -43.09780619009504", "modified_at": "2026-02-05T02:07:20.679Z", "modified_by": "peter.jackson" }, "geometry": { "type": "Point", "coordinates": [ 417661.168767493858468, 5227827.143270004540682 ] } },
{ "type": "Feature", "properties": { "fid": 988, "common_name": null, "scientific_name": "Lagarostrobos franklinii", "collection_method": "desktop", "created_at": null, "created_by": "jayne.balmer", "coord_wgs84": "145.98894472059956, -43.09783635483683", "modified_at": "2026-02-05T02:07:20.679Z", "modified_by": "peter.jackson" }, "geometry": { "type": "Point", "coordinates": [ 417721.132324115431402, 5227824.51624923478812 ] } },
{ "type": "Feature", "properties": { "fid": 989, "common_name": null, "scientific_name": "Lagarostrobos franklinii", "collection_method": "desktop", "created_at": null, "created_by": "jayne.balmer", "coord_wgs84": "145.98841884588145, -43.097650489634766", "modified_at": "2026-02-05T02:07:20.679Z", "modified_by": "peter.jackson" }, "geometry": { "type": "Point", "coordinates": [ 417678.087745286582503, 5227844.640674387104809 ] } },
{ "type": "Feature", "properties": { "fid": 990, "common_name": null, "scientific_name": "Lagarostrobos franklinii", "collection_method": "desktop", "created_at": null, "created_by": "jayne.balmer", "coord_wgs84": "145.98825410394016, -43.097732065785536", "modified_at": "2026-02-05T02:07:20.679Z", "modified_by": "peter.jackson" }, "geometry": { "type": "Point", "coordinates": [ 417664.790352024137974, 5227835.419775486923754 ] } },
{ "type": "Feature", "properties": { "fid": 991, "common_name": null, "scientific_name": "Lagarostrobos franklinii", "collection_method": "desktop", "created_at": null, "created_by": "jayne.balmer", "coord_wgs84": "145.9889404172414, -43.09762992447918", "modified_at": "2026-02-05T02:07:20.689Z", "modified_by": "peter.jackson" }, "geometry": { "type": "Point", "coordinates": [ 417720.505695308325812, 5227847.436402911320329 ] } },
{ "type": "Feature", "properties": { "fid": 992, "common_name": null, "scientific_name": "Lagarostrobos franklinii", "collection_method": "desktop", "created_at": null, "created_by": "jayne.balmer", "coord_wgs84": "145.98884058937344, -43.097793331494316", "modified_at": "2026-02-05T02:07:20.689Z", "modified_by": "peter.jackson" }, "geometry": { "type": "Point", "coordinates": [ 417712.600531895237509, 5227829.191864179447293 ] } },
{ "type": "Feature", "properties": { "fid": 993, "common_name": null, "scientific_name": "Lagarostrobos franklinii", "collection_method": "desktop", "created_at": null, "created_by": "jayne.balmer", "coord_wgs84": "145.98867864191314, -43.097520399900965", "modified_at": "2026-02-05T02:07:20.689Z", "modified_by": "peter.jackson" }, "geometry": { "type": "Point", "coordinates": [ 417699.055709217733238, 5227859.342350247316062 ] } },
{ "type": "Feature", "properties": { "fid": 994, "common_name": null, "scientific_name": "Lagarostrobos franklinii", "collection_method": "desktop", "created_at": null, "created_by": "jayne.balmer", "coord_wgs84": "145.98921485704176, -43.09750972912008", "modified_at": "2026-02-05T02:07:20.694Z", "modified_by": "peter.jackson" }, "geometry": { "type": "Point", "coordinates": [ 417742.67871463787742, 5227861.053528911434114 ] } },
{ "type": "Feature", "properties": { "fid": 995, "common_name": null, "scientific_name": "Lagarostrobos franklinii", "collection_method": "desktop", "created_at": null, "created_by": "jayne.balmer", "coord_wgs84": "145.98893602234844, -43.0972833252024", "modified_at": "2026-02-05T02:07:20.695Z", "modified_by": "peter.jackson" }, "geometry": { "type": "Point", "coordinates": [ 417719.683922120661009, 5227885.922417100518942 ] } },
{ "type": "Feature", "properties": { "fid": 996, "common_name": null, "scientific_name": "Lagarostrobos franklinii", "collection_method": "desktop", "created_at": null, "created_by": "jayne.balmer", "coord_wgs84": "145.98911573450633, -43.09718027508983", "modified_at": "2026-02-05T02:07:20.697Z", "modified_by": "peter.jackson" }, "geometry": { "type": "Point", "coordinates": [ 417734.171023525530472, 5227897.542606374248862 ] } },
{ "type": "Feature", "properties": { "fid": 997, "common_name": null, "scientific_name": "Nothofagus cunninghamii", "collection_method": "desktop", "created_at": null, "created_by": "jayne.balmer", "coord_wgs84": "145.98875315750394, -43.09736545038095", "modified_at": "2026-02-05T02:07:20.698Z", "modified_by": "peter.jackson" }, "geometry": { "type": "Point", "coordinates": [ 417704.912278453761246, 5227876.622844657860696 ] } },
{ "type": "Feature", "properties": { "fid": 998, "common_name": null, "scientific_name": "Nothofagus cunninghamii", "collection_method": "desktop", "created_at": null, "created_by": "jayne.balmer", "coord_wgs84": "145.98871587686853, -43.09731741130214", "modified_at": "2026-02-05T02:07:20.700Z", "modified_by": "peter.jackson" }, "geometry": { "type": "Point", "coordinates": [ 417701.814024517429061, 5227881.921060240827501 ] } },
{ "type": "Feature", "properties": { "fid": 999, "common_name": null, "scientific_name": "Nothofagus cunninghamii", "collection_method": "desktop", "created_at": null, "created_by": "jayne.balmer", "coord_wgs84": "145.98877171035724, -43.09728184206019", "modified_at": "2026-02-05T02:07:20.702Z", "modified_by": "peter.jackson" }, "geometry": { "type": "Point", "coordinates": [ 417706.310142715810798, 5227885.925872336141765 ] } },
{ "type": "Feature", "properties": { "fid": 1000, "common_name": null, "scientific_name": "Nothofagus cunninghamii", "collection_method": "desktop", "created_at": null, "created_by": "jayne.balmer", "coord_wgs84": "145.9888596618196, -43.09706624374079", "modified_at": "2026-02-05T02:07:20.703Z", "modified_by": "peter.jackson" }, "geometry": { "type": "Point", "coordinates": [ 417713.178958486241754, 5227909.954676979221404 ] } },
{ "type": "Feature", "properties": { "fid": 1001, "common_name": null, "scientific_name": "Nothofagus cunninghamii", "collection_method": "desktop", "created_at": null, "created_by": "jayne.balmer", "coord_wgs84": "145.98891620156357, -43.09701378886085", "modified_at": "2026-02-05T02:07:20.705Z", "modified_by": "peter.jackson" }, "geometry": { "type": "Point", "coordinates": [ 417717.709966784052085, 5227915.835347322747111 ] } },
{ "type": "Feature", "properties": { "fid": 1002, "common_name": null, "scientific_name": "Nothofagus cunninghamii", "collection_method": "desktop", "created_at": null, "created_by": "jayne.balmer", "coord_wgs84": "145.98930199911248, -43.09741816847749", "modified_at": "2026-02-05T02:07:20.707Z", "modified_by": "peter.jackson" }, "geometry": { "type": "Point", "coordinates": [ 417749.647793646086939, 5227871.306948094628751 ] } },
{ "type": "Feature", "properties": { "fid": 1003, "common_name": null, "scientific_name": "Nothofagus cunninghamii", "collection_method": "desktop", "created_at": null, "created_by": "jayne.balmer", "coord_wgs84": "145.98913194602983, -43.09743740475866", "modified_at": "2026-02-05T02:07:20.708Z", "modified_by": "peter.jackson" }, "geometry": { "type": "Point", "coordinates": [ 417735.834571617422625, 5227869.003908657468855 ] } },
{ "type": "Feature", "properties": { "fid": 1004, "common_name": null, "scientific_name": "Nothofagus cunninghamii", "collection_method": "desktop", "created_at": null, "created_by": "jayne.balmer", "coord_wgs84": "145.98923341735596, -43.097446414011685", "modified_at": "2026-02-05T02:07:20.710Z", "modified_by": "peter.jackson" }, "geometry": { "type": "Point", "coordinates": [ 417744.104399130388629, 5227868.102966587990522 ] } },
{ "type": "Feature", "properties": { "fid": 1005, "common_name": null, "scientific_name": "Lagarostrobos franklinii", "collection_method": "desktop", "created_at": null, "created_by": "jayne.balmer", "coord_wgs84": "145.98925059535222, -43.09731754218302", "modified_at": "2026-02-05T02:07:20.711Z", "modified_by": "peter.jackson" }, "geometry": { "type": "Point", "coordinates": [ 417745.329836514254566, 5227882.431211679242551 ] } },
{ "type": "Feature", "properties": { "fid": 1006, "common_name": null, "scientific_name": "Lagarostrobos franklinii", "collection_method": "desktop", "created_at": null, "created_by": "jayne.balmer", "coord_wgs84": "145.98930306388047, -43.097332546440335", "modified_at": "2026-02-05T02:07:20.713Z", "modified_by": "peter.jackson" }, "geometry": { "type": "Point", "coordinates": [ 417749.619833732373081, 5227880.816437444649637 ] } },
{ "type": "Feature", "properties": { "fid": 1007, "common_name": null, "scientific_name": "Lagarostrobos franklinii", "collection_method": "desktop", "created_at": null, "created_by": "jayne.balmer", "coord_wgs84": "145.98888983819586, -43.09719412208009", "modified_at": "2026-02-05T02:07:20.715Z", "modified_by": "peter.jackson" }, "geometry": { "type": "Point", "coordinates": [ 417715.80597925465554, 5227895.783225493505597 ] } },
{ "type": "Feature", "properties": { "fid": 1008, "common_name": null, "scientific_name": "Lagarostrobos franklinii", "collection_method": "desktop", "created_at": null, "created_by": "jayne.balmer", "coord_wgs84": "145.98905663085438, -43.09744257218709", "modified_at": "2026-02-05T02:07:20.716Z", "modified_by": "peter.jackson" }, "geometry": { "type": "Point", "coordinates": [ 417729.712318551726639, 5227868.356164626777172 ] } },
{ "type": "Feature", "properties": { "fid": 1009, "common_name": null, "scientific_name": "Lagarostrobos franklinii", "collection_method": "desktop", "created_at": null, "created_by": "jayne.balmer", "coord_wgs84": "145.98905524849945, -43.097059353707365", "modified_at": "2026-02-05T02:07:20.718Z", "modified_by": "peter.jackson" }, "geometry": { "type": "Point", "coordinates": [ 417729.086732774507254, 5227910.911746428348124 ] } },
{ "type": "Feature", "properties": { "fid": 1010, "common_name": null, "scientific_name": "Lagarostrobos franklinii", "collection_method": "desktop", "created_at": null, "created_by": "jayne.balmer", "coord_wgs84": "145.98869560845674, -43.09695736569121", "modified_at": "2026-02-05T02:07:20.719Z", "modified_by": "peter.jackson" }, "geometry": { "type": "Point", "coordinates": [ 417699.68233802478062, 5227921.884725422598422 ] } },
{ "type": "Feature", "properties": { "fid": 1011, "common_name": null, "scientific_name": "Lagarostrobos franklinii", "collection_method": "desktop", "created_at": null, "created_by": "jayne.balmer", "coord_wgs84": "145.98891893657355, -43.09684757060187", "modified_at": "2026-02-05T02:07:20.720Z", "modified_by": "peter.jackson" }, "geometry": { "type": "Point", "coordinates": [ 417717.70996678393567, 5227934.296796025708318 ] } },
{ "type": "Feature", "properties": { "fid": 1012, "common_name": null, "scientific_name": "Lagarostrobos franklinii", "collection_method": "desktop", "created_at": null, "created_by": "jayne.balmer", "coord_wgs84": "145.9889411494376, -43.096757483787016", "modified_at": "2026-02-05T02:07:20.721Z", "modified_by": "peter.jackson" }, "geometry": { "type": "Point", "coordinates": [ 417719.397044341720175, 5227944.322856939397752 ] } },
{ "type": "Feature", "properties": { "fid": 1013, "common_name": null, "scientific_name": "Lagarostrobos franklinii", "collection_method": "desktop", "created_at": null, "created_by": "jayne.balmer", "coord_wgs84": "145.98862000563258, -43.09673376465707", "modified_at": "2026-02-05T02:07:20.723Z", "modified_by": "peter.jackson" }, "geometry": { "type": "Point", "coordinates": [ 417693.230204277322628, 5227946.641717498190701 ] } },
{ "type": "Feature", "properties": { "fid": 1014, "common_name": null, "scientific_name": "Lagarostrobos franklinii", "collection_method": "desktop", "created_at": null, "created_by": "jayne.balmer", "coord_wgs84": "145.98869722942612, -43.09665630610776", "modified_at": "2026-02-05T02:07:20.725Z", "modified_by": "peter.jackson" }, "geometry": { "type": "Point", "coordinates": [ 417699.411027437832672, 5227955.319394088350236 ] } },
{ "type": "Feature", "properties": { "fid": 1015, "common_name": null, "scientific_name": "Lagarostrobos franklinii", "collection_method": "desktop", "created_at": null, "created_by": "jayne.balmer", "coord_wgs84": "145.9890286612438, -43.09661064461783", "modified_at": "2026-02-05T02:07:20.727Z", "modified_by": "peter.jackson" }, "geometry": { "type": "Point", "coordinates": [ 417726.322255087143276, 5227960.715416273102164 ] } },
{ "type": "Feature", "properties": { "fid": 1016, "common_name": null, "scientific_name": "Lagarostrobos franklinii", "collection_method": "desktop", "created_at": null, "created_by": "jayne.balmer", "coord_wgs84": "145.98895945558175, -43.096400853681295", "modified_at": "2026-02-05T02:07:20.728Z", "modified_by": "peter.jackson" }, "geometry": { "type": "Point", "coordinates": [ 417720.409290876414161, 5227983.945078435353935 ] } },
{ "type": "Feature", "properties": { "fid": 1017, "common_name": null, "scientific_name": "Lagarostrobos franklinii", "collection_method": "desktop", "created_at": null, "created_by": "jayne.balmer", "coord_wgs84": "145.98918468892694, -43.09639112419827", "modified_at": "2026-02-05T02:07:20.730Z", "modified_by": "peter.jackson" }, "geometry": { "type": "Point", "coordinates": [ 417738.726132931245957, 5227985.246538265608251 ] } },
{ "type": "Feature", "properties": { "fid": 1018, "common_name": null, "scientific_name": "Lagarostrobos franklinii", "collection_method": "desktop", "created_at": null, "created_by": "jayne.balmer", "coord_wgs84": "145.98909511096986, -43.096208558186476", "modified_at": "2026-02-05T02:07:20.731Z", "modified_by": "peter.jackson" }, "geometry": { "type": "Point", "coordinates": [ 417731.191704869677778, 5228005.432857692241669 ] } },
{ "type": "Feature", "properties": { "fid": 1019, "common_name": null, "scientific_name": "Lagarostrobos franklinii", "collection_method": "desktop", "created_at": null, "created_by": "jayne.balmer", "coord_wgs84": "145.98914934907137, -43.096207263611284", "modified_at": "2026-02-05T02:07:20.732Z", "modified_by": "peter.jackson" }, "geometry": { "type": "Point", "coordinates": [ 417735.603973135701381, 5228005.629835030063987 ] } },
{ "type": "Feature", "properties": { "fid": 1020, "common_name": null, "scientific_name": "Lagarostrobos franklinii", "collection_method": "desktop", "created_at": null, "created_by": "jayne.balmer", "coord_wgs84": "145.9890754305132, -43.095615807673305", "modified_at": "2026-02-05T02:07:20.734Z", "modified_by": "peter.jackson" }, "geometry": { "type": "Point", "coordinates": [ 417728.796476449002512, 5228071.239291490055621 ] } },
{ "type": "Feature", "properties": { "fid": 1022, "common_name": null, "scientific_name": "Nothofagus cunninghamii", "collection_method": "desktop", "created_at": null, "created_by": "jayne.balmer", "coord_wgs84": "145.98766310105177, -43.01376853496423", "modified_at": "2026-02-05T02:07:20.735Z", "modified_by": "peter.jackson" }, "geometry": { "type": "Point", "coordinates": [ 417504.20936425216496, 5237159.039114305749536 ] } },
{ "type": "Feature", "properties": { "fid": 1023, "common_name": null, "scientific_name": "Nothofagus cunninghamii", "collection_method": "desktop", "created_at": null, "created_by": "jayne.balmer", "coord_wgs84": "145.98664339578497, -43.013120656370205", "modified_at": "2026-02-05T02:07:20.737Z", "modified_by": "peter.jackson" }, "geometry": { "type": "Point", "coordinates": [ 417420.244367271952797, 5237229.983718734234571 ] } },
{ "type": "Feature", "properties": { "fid": 1024, "common_name": null, "scientific_name": "Nothofagus cunninghamii", "collection_method": "desktop", "created_at": null, "created_by": "jayne.balmer", "coord_wgs84": "145.98648938669604, -43.01306665849277", "modified_at": "2026-02-05T02:07:20.738Z", "modified_by": "peter.jackson" }, "geometry": { "type": "Point", "coordinates": [ 417407.621505844115745, 5237235.82872177939862 ] } },
{ "type": "Feature", "properties": { "fid": 1025, "common_name": null, "scientific_name": "Nothofagus cunninghamii", "collection_method": "desktop", "created_at": null, "created_by": "jayne.balmer", "coord_wgs84": "145.98651679911745, -43.01317864057806", "modified_at": "2026-02-05T02:07:20.740Z", "modified_by": "peter.jackson" }, "geometry": { "type": "Point", "coordinates": [ 417410.005469115742017, 5237223.420093226246536 ] } },
{ "type": "Feature", "properties": { "fid": 1026, "common_name": null, "scientific_name": "Nothofagus cunninghamii", "collection_method": "desktop", "created_at": null, "created_by": "jayne.balmer", "coord_wgs84": "145.9860472011102, -43.013125829704975", "modified_at": "2026-02-05T02:07:20.740Z", "modified_by": "peter.jackson" }, "geometry": { "type": "Point", "coordinates": [ 417371.666258589189965, 5237228.822805339470506 ] } },
{ "type": "Feature", "properties": { "fid": 1027, "common_name": null, "scientific_name": "Nothofagus cunninghamii", "collection_method": "desktop", "created_at": null, "created_by": "jayne.balmer", "coord_wgs84": "145.98597375474873, -43.01304053858704", "modified_at": "2026-02-05T02:07:20.740Z", "modified_by": "peter.jackson" }, "geometry": { "type": "Point", "coordinates": [ 417365.566612081602216, 5237238.222100659273565 ] } },
{ "type": "Feature", "properties": { "fid": 1028, "common_name": null, "scientific_name": "Nothofagus cunninghamii", "collection_method": "desktop", "created_at": null, "created_by": "jayne.balmer", "coord_wgs84": "145.98593141578306, -43.01306135771938", "modified_at": "2026-02-05T02:07:20.740Z", "modified_by": "peter.jackson" }, "geometry": { "type": "Point", "coordinates": [ 417362.144240683759563, 5237235.868479733355343 ] } },
{ "type": "Feature", "properties": { "fid": 1029, "common_name": null, "scientific_name": "Nothofagus cunninghamii", "collection_method": "desktop", "created_at": null, "created_by": "jayne.balmer", "coord_wgs84": "145.9862999174332, -43.01293708228098", "modified_at": "2026-02-05T02:07:20.740Z", "modified_by": "peter.jackson" }, "geometry": { "type": "Point", "coordinates": [ 417392.007593713293318, 5237250.031780351884663 ] } },
{ "type": "Feature", "properties": { "fid": 1030, "common_name": null, "scientific_name": "Nothofagus cunninghamii", "collection_method": "desktop", "created_at": null, "created_by": "jayne.balmer", "coord_wgs84": "145.98593401664766, -43.01279720728475", "modified_at": "2026-02-05T02:07:20.740Z", "modified_by": "peter.jackson" }, "geometry": { "type": "Point", "coordinates": [ 417362.001991868542973, 5237265.204888888634741 ] } },
{ "type": "Feature", "properties": { "fid": 1031, "common_name": null, "scientific_name": "Nothofagus cunninghamii", "collection_method": "desktop", "created_at": null, "created_by": "jayne.balmer", "coord_wgs84": "145.98583043221166, -43.012775632389854", "modified_at": "2026-02-05T02:07:20.740Z", "modified_by": "peter.jackson" }, "geometry": { "type": "Point", "coordinates": [ 417353.531720991129987, 5237267.498844475485384 ] } },
{ "type": "Feature", "properties": { "fid": 1032, "common_name": null, "scientific_name": "Nothofagus cunninghamii", "collection_method": "desktop", "created_at": null, "created_by": "jayne.balmer", "coord_wgs84": "145.98659225398856, -43.01249470521041", "modified_at": "2026-02-05T02:07:20.751Z", "modified_by": "peter.jackson" }, "geometry": { "type": "Point", "coordinates": [ 417415.237935454817489, 5237299.445170807652175 ] } },
{ "type": "Feature", "properties": { "fid": 1033, "common_name": null, "scientific_name": "Nothofagus cunninghamii", "collection_method": "desktop", "created_at": null, "created_by": "jayne.balmer", "coord_wgs84": "145.98674292068827, -43.012561427379126", "modified_at": "2026-02-05T02:07:20.751Z", "modified_by": "peter.jackson" }, "geometry": { "type": "Point", "coordinates": [ 417427.605573234322947, 5237292.183836759999394 ] } },
{ "type": "Feature", "properties": { "fid": 1034, "common_name": null, "scientific_name": "Nothofagus cunninghamii", "collection_method": "desktop", "created_at": null, "created_by": "jayne.balmer", "coord_wgs84": "145.985406547558, -43.012621203902675", "modified_at": "2026-02-05T02:07:20.754Z", "modified_by": "peter.jackson" }, "geometry": { "type": "Point", "coordinates": [ 417318.78117600933183, 5237284.230864265933633 ] } },
{ "type": "Feature", "properties": { "fid": 1035, "common_name": null, "scientific_name": "Nothofagus cunninghamii", "collection_method": "desktop", "created_at": null, "created_by": "jayne.balmer", "coord_wgs84": "145.98548974227342, -43.01259718806776", "modified_at": "2026-02-05T02:07:20.754Z", "modified_by": "peter.jackson" }, "geometry": { "type": "Point", "coordinates": [ 417325.528710975369904, 5237286.979719997383654 ] } },
{ "type": "Feature", "properties": { "fid": 1036, "common_name": null, "scientific_name": "Nothofagus cunninghamii", "collection_method": "desktop", "created_at": null, "created_by": "jayne.balmer", "coord_wgs84": "145.98543069880023, -43.01258042562839", "modified_at": "2026-02-05T02:07:20.754Z", "modified_by": "peter.jackson" }, "geometry": { "type": "Point", "coordinates": [ 417320.694616684108041, 5237288.783059596084058 ] } },
{ "type": "Feature", "properties": { "fid": 1037, "common_name": null, "scientific_name": "Nothofagus cunninghamii", "collection_method": "desktop", "created_at": null, "created_by": "jayne.balmer", "coord_wgs84": "145.98547224736762, -43.0125101982593", "modified_at": "2026-02-05T02:07:20.754Z", "modified_by": "peter.jackson" }, "geometry": { "type": "Point", "coordinates": [ 417323.986308838939294, 5237296.622696713544428 ] } },
{ "type": "Feature", "properties": { "fid": 1038, "common_name": null, "scientific_name": "Acacia melanoxylon", "collection_method": "desktop", "created_at": null, "created_by": "jayne.balmer", "coord_wgs84": "145.98523462165582, -43.01229556286365", "modified_at": "2026-02-05T02:07:20.754Z", "modified_by": "peter.jackson" }, "geometry": { "type": "Point", "coordinates": [ 417304.333543035376351, 5237320.223953769542277 ] } },
{ "type": "Feature", "properties": { "fid": 1039, "common_name": null, "scientific_name": "Acacia melanoxylon", "collection_method": "desktop", "created_at": null, "created_by": "jayne.balmer", "coord_wgs84": "145.9851881878706, -43.0122503299734", "modified_at": "2026-02-05T02:07:20.761Z", "modified_by": "peter.jackson" }, "geometry": { "type": "Point", "coordinates": [ 417300.488817760022357, 5237325.201333021745086 ] } },
{ "type": "Feature", "properties": { "fid": 1040, "common_name": null, "scientific_name": "Leptospermum sp.", "collection_method": "desktop", "created_at": null, "created_by": "jayne.balmer", "coord_wgs84": "145.984668983953, -43.012128095725025", "modified_at": "2026-02-05T02:07:20.761Z", "modified_by": "peter.jackson" }, "geometry": { "type": "Point", "coordinates": [ 417258.013192345562857, 5237338.264018592424691 ] } },
{ "type": "Feature", "properties": { "fid": 1041, "common_name": null, "scientific_name": "Leptospermum sp.", "collection_method": "desktop", "created_at": null, "created_by": "jayne.balmer", "coord_wgs84": "145.98474523068836, -43.012169842791266", "modified_at": "2026-02-05T02:07:20.761Z", "modified_by": "peter.jackson" }, "geometry": { "type": "Point", "coordinates": [ 417264.28282834100537, 5237333.70313335955143 ] } },
{ "type": "Feature", "properties": { "fid": 1042, "common_name": null, "scientific_name": "Leptospermum sp.", "collection_method": "desktop", "created_at": null, "created_by": "jayne.balmer", "coord_wgs84": "145.9845342349035, -43.01218743420092", "modified_at": "2026-02-05T02:07:20.761Z", "modified_by": "peter.jackson" }, "geometry": { "type": "Point", "coordinates": [ 417247.11173261643853, 5237331.541727495379746 ] } },
{ "type": "Feature", "properties": { "fid": 1043, "common_name": null, "scientific_name": "Leptospermum sp.", "collection_method": "desktop", "created_at": null, "created_by": "jayne.balmer", "coord_wgs84": "145.9844773066121, -43.01219626133788", "modified_at": "2026-02-05T02:07:20.761Z", "modified_by": "peter.jackson" }, "geometry": { "type": "Point", "coordinates": [ 417242.484319886774756, 5237330.505379852838814 ] } },
{ "type": "Feature", "properties": { "fid": 1044, "common_name": null, "scientific_name": "Leptospermum sp.", "collection_method": "desktop", "created_at": null, "created_by": "jayne.balmer", "coord_wgs84": "145.98442871189033, -43.012149046545396", "modified_at": "2026-02-05T02:07:20.761Z", "modified_by": "peter.jackson" }, "geometry": { "type": "Point", "coordinates": [ 417238.460780193796381, 5237335.70068528316915 ] } },
{ "type": "Feature", "properties": { "fid": 1045, "common_name": null, "scientific_name": "Leptospermum sp.", "collection_method": "desktop", "created_at": null, "created_by": "jayne.balmer", "coord_wgs84": "145.98442151213658, -43.012190123453856", "modified_at": "2026-02-05T02:07:20.771Z", "modified_by": "peter.jackson" }, "geometry": { "type": "Point", "coordinates": [ 417237.929210481001064, 5237331.132008659653366 ] } },
{ "type": "Feature", "properties": { "fid": 1046, "common_name": null, "scientific_name": "Leptospermum sp.", "collection_method": "desktop", "created_at": null, "created_by": "jayne.balmer", "coord_wgs84": "145.98479015497952, -43.012058416964685", "modified_at": "2026-02-05T02:07:20.772Z", "modified_by": "peter.jackson" }, "geometry": { "type": "Point", "coordinates": [ 417267.794274609710556, 5237346.121202544309199 ] } },
{ "type": "Feature", "properties": { "fid": 1047, "common_name": null, "scientific_name": "Leptospermum sp.", "collection_method": "desktop", "created_at": null, "created_by": "jayne.balmer", "coord_wgs84": "145.9850707198471, -43.01199213767303", "modified_at": "2026-02-05T02:07:20.772Z", "modified_by": "peter.jackson" }, "geometry": { "type": "Point", "coordinates": [ 417290.56948955275584, 5237353.757850354537368 ] } },
{ "type": "Feature", "properties": { "fid": 1048, "common_name": null, "scientific_name": "Leptospermum sp.", "collection_method": "desktop", "created_at": null, "created_by": "jayne.balmer", "coord_wgs84": "145.98512213170514, -43.011866480887626", "modified_at": "2026-02-05T02:07:20.772Z", "modified_by": "peter.jackson" }, "geometry": { "type": "Point", "coordinates": [ 417294.590592569496948, 5237367.762638437561691 ] } },
{ "type": "Feature", "properties": { "fid": 1049, "common_name": null, "scientific_name": "Leptospermum sp.", "collection_method": "desktop", "created_at": null, "created_by": "jayne.balmer", "coord_wgs84": "145.98508483110672, -43.01187510349532", "modified_at": "2026-02-05T02:07:20.772Z", "modified_by": "peter.jackson" }, "geometry": { "type": "Point", "coordinates": [ 417291.562404955911916, 5237366.768366207368672 ] } },
{ "type": "Feature", "properties": { "fid": 1052, "common_name": null, "scientific_name": "Leptospermum sp.", "collection_method": "desktop", "created_at": null, "created_by": "jayne.balmer", "coord_wgs84": "145.98419103807382, -43.01246958160174", "modified_at": "2026-02-05T02:07:20.772Z", "modified_by": "peter.jackson" }, "geometry": { "type": "Point", "coordinates": [ 417219.522518109588418, 5237299.871093081310391 ] } },
{ "type": "Feature", "properties": { "fid": 1053, "common_name": null, "scientific_name": "Leptospermum sp.", "collection_method": "desktop", "created_at": null, "created_by": "jayne.balmer", "coord_wgs84": "145.984322963973, -43.01249916739342", "modified_at": "2026-02-05T02:07:20.772Z", "modified_by": "peter.jackson" }, "geometry": { "type": "Point", "coordinates": [ 417230.313260363414884, 5237296.715626482851803 ] } },
{ "type": "Feature", "properties": { "fid": 1054, "common_name": null, "scientific_name": "Leptospermum sp.", "collection_method": "desktop", "created_at": null, "created_by": "jayne.balmer", "coord_wgs84": "145.98436485798945, -43.01243356214489", "modified_at": "2026-02-05T02:07:20.782Z", "modified_by": "peter.jackson" }, "geometry": { "type": "Point", "coordinates": [ 417233.639213262824342, 5237304.042363305576146 ] } },
{ "type": "Feature", "properties": { "fid": 1055, "common_name": null, "scientific_name": "Leptospermum sp.", "collection_method": "desktop", "created_at": null, "created_by": "jayne.balmer", "coord_wgs84": "145.9842548116878, -43.01247121677676", "modified_at": "2026-02-05T02:07:20.782Z", "modified_by": "peter.jackson" }, "geometry": { "type": "Point", "coordinates": [ 417224.72180331510026, 5237299.752366087399423 ] } },
{ "type": "Feature", "properties": { "fid": 1056, "common_name": null, "scientific_name": "Leptospermum sp.", "collection_method": "desktop", "created_at": null, "created_by": "jayne.balmer", "coord_wgs84": "145.98418697231034, -43.01244193852529", "modified_at": "2026-02-05T02:07:20.782Z", "modified_by": "peter.jackson" }, "geometry": { "type": "Point", "coordinates": [ 417219.154057694540825, 5237302.936843167990446 ] } },
{ "type": "Feature", "properties": { "fid": 1058, "common_name": null, "scientific_name": "Leptospermum sp.", "collection_method": "desktop", "created_at": null, "created_by": "jayne.balmer", "coord_wgs84": "145.98736821688334, -43.01370744620635", "modified_at": "2026-02-05T02:07:20.787Z", "modified_by": "peter.jackson" }, "geometry": { "type": "Point", "coordinates": [ 417480.097143332299311, 5237165.533295814879239 ] } },
{ "type": "Feature", "properties": { "fid": 1059, "common_name": null, "scientific_name": "Acacia melanoxylon", "collection_method": "desktop", "created_at": null, "created_by": "jayne.balmer", "coord_wgs84": "145.9753828405105, -43.02676897101546", "modified_at": "2026-02-05T02:07:20.787Z", "modified_by": "peter.jackson" }, "geometry": { "type": "Point", "coordinates": [ 416521.093956230208278, 5235703.204973422922194 ] } },
{ "type": "Feature", "properties": { "fid": 1060, "common_name": null, "scientific_name": "Acacia melanoxylon", "collection_method": "desktop", "created_at": null, "created_by": "jayne.balmer", "coord_wgs84": "145.97596854469205, -43.02680205093478", "modified_at": "2026-02-05T02:07:20.787Z", "modified_by": "peter.jackson" }, "geometry": { "type": "Point", "coordinates": [ 416568.858352212584578, 5235700.113628124818206 ] } },
{ "type": "Feature", "properties": { "fid": 1061, "common_name": null, "scientific_name": "Acacia melanoxylon", "collection_method": "desktop", "created_at": null, "created_by": "jayne.balmer", "coord_wgs84": "145.97560063560158, -43.02679702197135", "modified_at": "2026-02-05T02:07:20.787Z", "modified_by": "peter.jackson" }, "geometry": { "type": "Point", "coordinates": [ 416538.876573901739903, 5235700.306436988525093 ] } },
{ "type": "Feature", "properties": { "fid": 1062, "common_name": null, "scientific_name": "Lagarostrobos franklinii", "collection_method": "desktop", "created_at": null, "created_by": "jayne.balmer", "coord_wgs84": "145.9753902813542, -43.02683442108476", "modified_at": "2026-02-05T02:07:20.792Z", "modified_by": "peter.jackson" }, "geometry": { "type": "Point", "coordinates": [ 416521.788888353330549, 5235695.94413644541055 ] } },
{ "type": "Feature", "properties": { "fid": 1063, "common_name": null, "scientific_name": "Lagarostrobos franklinii", "collection_method": "desktop", "created_at": null, "created_by": "jayne.balmer", "coord_wgs84": "145.97530809383204, -43.02685209803446", "modified_at": "2026-02-05T02:07:20.792Z", "modified_by": "peter.jackson" }, "geometry": { "type": "Point", "coordinates": [ 416515.116716887743678, 5235693.899390451610088 ] } },
{ "type": "Feature", "properties": { "fid": 1064, "common_name": null, "scientific_name": "Lagarostrobos franklinii", "collection_method": "desktop", "created_at": null, "created_by": "jayne.balmer", "coord_wgs84": "145.9756582082589, -43.0269643005368", "modified_at": "2026-02-05T02:07:20.792Z", "modified_by": "peter.jackson" }, "geometry": { "type": "Point", "coordinates": [ 416543.793875884439331, 5235681.787368496879935 ] } },
{ "type": "Feature", "properties": { "fid": 1065, "common_name": null, "scientific_name": "Lagarostrobos franklinii", "collection_method": "desktop", "created_at": null, "created_by": "jayne.balmer", "coord_wgs84": "145.9752492494992, -43.02729563503412", "modified_at": "2026-02-05T02:07:20.792Z", "modified_by": "peter.jackson" }, "geometry": { "type": "Point", "coordinates": [ 416510.923613013699651, 5235644.586057341657579 ] } },
{ "type": "Feature", "properties": { "fid": 1066, "common_name": null, "scientific_name": "Lagarostrobos franklinii", "collection_method": "desktop", "created_at": null, "created_by": "jayne.balmer", "coord_wgs84": "145.97518699568852, -43.02732319182751", "modified_at": "2026-02-05T02:07:20.792Z", "modified_by": "peter.jackson" }, "geometry": { "type": "Point", "coordinates": [ 416505.888949558197055, 5235641.463965872302651 ] } },
{ "type": "Feature", "properties": { "fid": 1067, "common_name": null, "scientific_name": "Lagarostrobos franklinii", "collection_method": "desktop", "created_at": null, "created_by": "jayne.balmer", "coord_wgs84": "145.97625931739617, -43.02722384594376", "modified_at": "2026-02-05T02:07:20.792Z", "modified_by": "peter.jackson" }, "geometry": { "type": "Point", "coordinates": [ 416593.119851871975698, 5235653.562160109169781 ] } },
{ "type": "Feature", "properties": { "fid": 1068, "common_name": null, "scientific_name": "Lagarostrobos franklinii", "collection_method": "desktop", "created_at": null, "created_by": "jayne.balmer", "coord_wgs84": "145.97645724658085, -43.027209631345556", "modified_at": "2026-02-05T02:07:20.802Z", "modified_by": "peter.jackson" }, "geometry": { "type": "Point", "coordinates": [ 416609.226547259080689, 5235655.337300467304885 ] } },
{ "type": "Feature", "properties": { "fid": 1069, "common_name": null, "scientific_name": "Lagarostrobos franklinii", "collection_method": "desktop", "created_at": null, "created_by": "jayne.balmer", "coord_wgs84": "145.97650690403222, -43.027309690589036", "modified_at": "2026-02-05T02:07:20.803Z", "modified_by": "peter.jackson" }, "geometry": { "type": "Point", "coordinates": [ 416613.407756730972324, 5235644.275033324025571 ] } },
{ "type": "Feature", "properties": { "fid": 1070, "common_name": null, "scientific_name": "Lagarostrobos franklinii", "collection_method": "desktop", "created_at": null, "created_by": "jayne.balmer", "coord_wgs84": "145.97632381554135, -43.02731604099568", "modified_at": "2026-02-05T02:07:20.805Z", "modified_by": "peter.jackson" }, "geometry": { "type": "Point", "coordinates": [ 416598.499556722468697, 5235643.387963805347681 ] } },
{ "type": "Feature", "properties": { "fid": 1071, "common_name": null, "scientific_name": "Nothofagus cunninghamii", "collection_method": "desktop", "created_at": null, "created_by": "jayne.balmer", "coord_wgs84": "145.97709142374325, -43.02751156967833", "modified_at": "2026-02-05T02:07:20.805Z", "modified_by": "peter.jackson" }, "geometry": { "type": "Point", "coordinates": [ 416661.303560193744488, 5235622.436711873859167 ] } },
{ "type": "Feature", "properties": { "fid": 1072, "common_name": null, "scientific_name": "Phyllocladus aspleniifolius", "collection_method": "desktop", "created_at": null, "created_by": "jayne.balmer", "coord_wgs84": "145.97710794603165, -43.02745905257052", "modified_at": "2026-02-05T02:07:20.805Z", "modified_by": "peter.jackson" }, "geometry": { "type": "Point", "coordinates": [ 416662.578626252594404, 5235628.28514127060771 ] } },
{ "type": "Feature", "properties": { "fid": 1073, "common_name": null, "scientific_name": "Acacia melanoxylon", "collection_method": "desktop", "created_at": null, "created_by": "jayne.balmer", "coord_wgs84": "145.97681287565675, -43.027657791999395", "modified_at": "2026-02-05T02:07:20.805Z", "modified_by": "peter.jackson" }, "geometry": { "type": "Point", "coordinates": [ 416638.807329187984578, 5235605.922181852161884 ] } },
{ "type": "Feature", "properties": { "fid": 1074, "common_name": null, "scientific_name": "Lagarostrobos franklinii", "collection_method": "desktop", "created_at": null, "created_by": "jayne.balmer", "coord_wgs84": "145.98958426303608, -43.09926852010447", "modified_at": "2026-02-05T02:07:20.813Z", "modified_by": "peter.jackson" }, "geometry": { "type": "Point", "coordinates": [ 417775.094704853370786, 5227666.099666571244597 ] } },
{ "type": "Feature", "properties": { "fid": 1075, "common_name": null, "scientific_name": "Lagarostrobos franklinii", "collection_method": "desktop", "created_at": null, "created_by": "jayne.balmer", "coord_wgs84": "145.98987937483338, -43.099374701024196", "modified_at": "2026-02-05T02:07:20.813Z", "modified_by": "peter.jackson" }, "geometry": { "type": "Point", "coordinates": [ 417799.25233058584854, 5227654.59748746547848 ] } },
{ "type": "Feature", "properties": { "fid": 1076, "common_name": null, "scientific_name": "Lagarostrobos franklinii", "collection_method": "desktop", "created_at": null, "created_by": "jayne.balmer", "coord_wgs84": "145.9897278761864, -43.09934931466444", "modified_at": "2026-02-05T02:07:20.815Z", "modified_by": "peter.jackson" }, "geometry": { "type": "Point", "coordinates": [ 417786.889745526423212, 5227657.268142276443541 ] } },
{ "type": "Feature", "properties": { "fid": 1077, "common_name": null, "scientific_name": "Acacia melanoxylon", "collection_method": "desktop", "created_at": null, "created_by": "jayne.balmer", "coord_wgs84": "145.98963014214985, -43.099465592455", "modified_at": "2026-02-05T02:07:20.818Z", "modified_by": "peter.jackson" }, "geometry": { "type": "Point", "coordinates": [ 417779.091969269909896, 5227644.259494698606431 ] } },
{ "type": "Feature", "properties": { "fid": 1078, "common_name": null, "scientific_name": "Acacia melanoxylon", "collection_method": "desktop", "created_at": null, "created_by": "jayne.balmer", "coord_wgs84": "145.99040828626983, -43.099542345442686", "modified_at": "2026-02-05T02:07:20.819Z", "modified_by": "peter.jackson" }, "geometry": { "type": "Point", "coordinates": [ 417842.518111790588591, 5227636.498732721433043 ] } },
{ "type": "Feature", "properties": { "fid": 1079, "common_name": null, "scientific_name": "Acacia melanoxylon", "collection_method": "desktop", "created_at": null, "created_by": "jayne.balmer", "coord_wgs84": "145.99024336410864, -43.099483834616215", "modified_at": "2026-02-05T02:07:20.819Z", "modified_by": "peter.jackson" }, "geometry": { "type": "Point", "coordinates": [ 417829.01890563586494, 5227642.834828892722726 ] } },
{ "type": "Feature", "properties": { "fid": 1080, "common_name": null, "scientific_name": "Lagarostrobos franklinii", "collection_method": "desktop", "created_at": null, "created_by": "jayne.balmer", "coord_wgs84": "145.99002532925604, -43.09955038486241", "modified_at": "2026-02-05T02:07:20.824Z", "modified_by": "peter.jackson" }, "geometry": { "type": "Point", "coordinates": [ 417811.364777026115917, 5227635.230628547258675 ] } },
{ "type": "Feature", "properties": { "fid": 1081, "common_name": null, "scientific_name": "Lagarostrobos franklinii", "collection_method": "desktop", "created_at": null, "created_by": "jayne.balmer", "coord_wgs84": "145.99016842009146, -43.09954493169038", "modified_at": "2026-02-05T02:07:20.824Z", "modified_by": "peter.jackson" }, "geometry": { "type": "Point", "coordinates": [ 417823.001858152973, 5227635.976463180966675 ] } },
{ "type": "Feature", "properties": { "fid": 1082, "common_name": null, "scientific_name": "Lagarostrobos franklinii", "collection_method": "desktop", "created_at": null, "created_by": "jayne.balmer", "coord_wgs84": "145.99018981306827, -43.09965203880282", "modified_at": "2026-02-05T02:07:20.824Z", "modified_by": "peter.jackson" }, "geometry": { "type": "Point", "coordinates": [ 417824.886015835858416, 5227624.103033751249313 ] } },
{ "type": "Feature", "properties": { "fid": 1083, "common_name": null, "scientific_name": "Lagarostrobos franklinii", "collection_method": "desktop", "created_at": null, "created_by": "jayne.balmer", "coord_wgs84": "145.99001632330518, -43.099664690358615", "modified_at": "2026-02-05T02:07:20.824Z", "modified_by": "peter.jackson" }, "geometry": { "type": "Point", "coordinates": [ 417810.784799566084985, 5227622.528013531118631 ] } },
{ "type": "Feature", "properties": { "fid": 1084, "common_name": null, "scientific_name": "Lagarostrobos franklinii", "collection_method": "desktop", "created_at": null, "created_by": "jayne.balmer", "coord_wgs84": "145.99008105450093, -43.09972931292127", "modified_at": "2026-02-05T02:07:20.824Z", "modified_by": "peter.jackson" }, "geometry": { "type": "Point", "coordinates": [ 417816.138891721202526, 5227615.415036519058049 ] } },
{ "type": "Feature", "properties": { "fid": 1085, "common_name": null, "scientific_name": "Lagarostrobos franklinii", "collection_method": "desktop", "created_at": null, "created_by": "jayne.balmer", "coord_wgs84": "145.99017322280875, -43.0997643920719", "modified_at": "2026-02-05T02:07:20.824Z", "modified_by": "peter.jackson" }, "geometry": { "type": "Point", "coordinates": [ 417823.686213997891173, 5227611.609784321859479 ] } },
{ "type": "Feature", "properties": { "fid": 1086, "common_name": null, "scientific_name": "Lagarostrobos franklinii", "collection_method": "desktop", "created_at": null, "created_by": "jayne.balmer", "coord_wgs84": "145.98966146735114, -43.09968849718979", "modified_at": "2026-02-05T02:07:20.824Z", "modified_by": "peter.jackson" }, "geometry": { "type": "Point", "coordinates": [ 417781.939419516071212, 5227619.536325977183878 ] } },
{ "type": "Feature", "properties": { "fid": 1087, "common_name": null, "scientific_name": "Lagarostrobos franklinii", "collection_method": "desktop", "created_at": null, "created_by": "jayne.balmer", "coord_wgs84": "145.98984009663337, -43.099631911227355", "modified_at": "2026-02-05T02:07:20.834Z", "modified_by": "peter.jackson" }, "geometry": { "type": "Point", "coordinates": [ 417796.400084296241403, 5227625.995422911830246 ] } },
{ "type": "Feature", "properties": { "fid": 1088, "common_name": null, "scientific_name": "Lagarostrobos franklinii", "collection_method": "desktop", "created_at": null, "created_by": "jayne.balmer", "coord_wgs84": "145.98947847095246, -43.099722473540886", "modified_at": "2026-02-05T02:07:20.834Z", "modified_by": "peter.jackson" }, "geometry": { "type": "Point", "coordinates": [ 417767.093137008487247, 5227615.583744270727038 ] } },
{ "type": "Feature", "properties": { "fid": 1089, "common_name": null, "scientific_name": "Lagarostrobos franklinii", "collection_method": "desktop", "created_at": null, "created_by": "jayne.balmer", "coord_wgs84": "145.98988639183307, -43.09973071233753", "modified_at": "2026-02-05T02:07:20.834Z", "modified_by": "peter.jackson" }, "geometry": { "type": "Point", "coordinates": [ 417800.299648563785013, 5227615.068806980736554 ] } },
{ "type": "Feature", "properties": { "fid": 1090, "common_name": null, "scientific_name": "Acacia melanoxylon", "collection_method": "desktop", "created_at": null, "created_by": "jayne.balmer", "coord_wgs84": "145.98949434065403, -43.09963992657232", "modified_at": "2026-02-05T02:07:20.834Z", "modified_by": "peter.jackson" }, "geometry": { "type": "Point", "coordinates": [ 417768.274091298924759, 5227624.766266410239041 ] } },
{ "type": "Feature", "properties": { "fid": 1091, "common_name": null, "scientific_name": "Acacia melanoxylon", "collection_method": "desktop", "created_at": null, "created_by": "jayne.balmer", "coord_wgs84": "145.9901496063694, -43.099973204741865", "modified_at": "2026-02-05T02:07:20.834Z", "modified_by": "peter.jackson" }, "geometry": { "type": "Point", "coordinates": [ 417822.043663173215464, 5227588.397694485262036 ] } },
{ "type": "Feature", "properties": { "fid": 1092, "common_name": null, "scientific_name": "Acacia melanoxylon", "collection_method": "desktop", "created_at": null, "created_by": "jayne.balmer", "coord_wgs84": "145.99026135555908, -43.09998547633836", "modified_at": "2026-02-05T02:07:20.834Z", "modified_by": "peter.jackson" }, "geometry": { "type": "Point", "coordinates": [ 417831.15388198470464, 5227587.144436871632934 ] } },
{ "type": "Feature", "properties": { "fid": 1093, "common_name": null, "scientific_name": "Acacia melanoxylon", "collection_method": "desktop", "created_at": null, "created_by": "jayne.balmer", "coord_wgs84": "145.99031905088424, -43.09992315064004", "modified_at": "2026-02-05T02:07:20.834Z", "modified_by": "peter.jackson" }, "geometry": { "type": "Point", "coordinates": [ 417835.765602634404786, 5227594.122334191575646 ] } },
{ "type": "Feature", "properties": { "fid": 1094, "common_name": null, "scientific_name": "Acacia melanoxylon", "collection_method": "desktop", "created_at": null, "created_by": "jayne.balmer", "coord_wgs84": "145.99090033489045, -43.100102665051224", "modified_at": "2026-02-05T02:07:20.844Z", "modified_by": "peter.jackson" }, "geometry": { "type": "Point", "coordinates": [ 417883.308679625100922, 5227574.756467376835644 ] } },
{ "type": "Feature", "properties": { "fid": 1095, "common_name": null, "scientific_name": "Leptospermum sp.", "collection_method": "desktop", "created_at": null, "created_by": "jayne.balmer", "coord_wgs84": "145.98944122431092, -43.100397091665975", "modified_at": "2026-02-05T02:07:20.844Z", "modified_by": "peter.jackson" }, "geometry": { "type": "Point", "coordinates": [ 417764.965052507934161, 5227540.629909648559988 ] } },
{ "type": "Feature", "properties": { "fid": 1096, "common_name": null, "scientific_name": "Leptospermum sp.", "collection_method": "desktop", "created_at": null, "created_by": "jayne.balmer", "coord_wgs84": "145.98942489430155, -43.10037587808377", "modified_at": "2026-02-05T02:07:20.844Z", "modified_by": "peter.jackson" }, "geometry": { "type": "Point", "coordinates": [ 417763.607781403814442, 5227542.969691698439419 ] } },
{ "type": "Feature", "properties": { "fid": 1097, "common_name": null, "scientific_name": "Leptospermum sp.", "collection_method": "desktop", "created_at": null, "created_by": "jayne.balmer", "coord_wgs84": "145.98934759610358, -43.100351309960416", "modified_at": "2026-02-05T02:07:20.850Z", "modified_by": "peter.jackson" }, "geometry": { "type": "Point", "coordinates": [ 417757.284645096457098, 5227545.622198726981878 ] } },
{ "type": "Feature", "properties": { "fid": 1098, "common_name": null, "scientific_name": "Leptospermum sp.", "collection_method": "desktop", "created_at": null, "created_by": "jayne.balmer", "coord_wgs84": "145.9892504174949, -43.10032861645443", "modified_at": "2026-02-05T02:07:20.850Z", "modified_by": "peter.jackson" }, "geometry": { "type": "Point", "coordinates": [ 417749.346215611731168, 5227548.047018810175359 ] } },
{ "type": "Feature", "properties": { "fid": 1099, "common_name": null, "scientific_name": "Leptospermum sp.", "collection_method": "desktop", "created_at": null, "created_by": "jayne.balmer", "coord_wgs84": "145.9892316625393, -43.100307459768615", "modified_at": "2026-02-05T02:07:20.852Z", "modified_by": "peter.jackson" }, "geometry": { "type": "Point", "coordinates": [ 417747.791680225753225, 5227550.378100517205894 ] } },
{ "type": "Feature", "properties": { "fid": 1100, "common_name": null, "scientific_name": "Leptospermum sp.", "collection_method": "desktop", "created_at": null, "created_by": "jayne.balmer", "coord_wgs84": "145.9891538993048, -43.10025926171608", "modified_at": "2026-02-05T02:07:20.855Z", "modified_by": "peter.jackson" }, "geometry": { "type": "Point", "coordinates": [ 417741.3990508748102, 5227555.654274207539856 ] } },
{ "type": "Feature", "properties": { "fid": 1101, "common_name": null, "scientific_name": "Leptospermum sp.", "collection_method": "desktop", "created_at": null, "created_by": "jayne.balmer", "coord_wgs84": "145.98911552078033, -43.10027118970704", "modified_at": "2026-02-05T02:07:20.857Z", "modified_by": "peter.jackson" }, "geometry": { "type": "Point", "coordinates": [ 417738.291908713639714, 5227554.292000688612461 ] } },
{ "type": "Feature", "properties": { "fid": 1102, "common_name": null, "scientific_name": "Leptospermum sp.", "collection_method": "desktop", "created_at": null, "created_by": "jayne.balmer", "coord_wgs84": "145.98908650808121, -43.10029592946648", "modified_at": "2026-02-05T02:07:20.857Z", "modified_by": "peter.jackson" }, "geometry": { "type": "Point", "coordinates": [ 417735.964080221368931, 5227551.516149796545506 ] } },
{ "type": "Feature", "properties": { "fid": 1103, "common_name": null, "scientific_name": "Leptospermum sp.", "collection_method": "desktop", "created_at": null, "created_by": "jayne.balmer", "coord_wgs84": "145.98904388849564, -43.100200325004174", "modified_at": "2026-02-05T02:07:20.859Z", "modified_by": "peter.jackson" }, "geometry": { "type": "Point", "coordinates": [ 417732.367833865049761, 5227562.091345111839473 ] } },
{ "type": "Feature", "properties": { "fid": 1104, "common_name": null, "scientific_name": "Leptospermum sp.", "collection_method": "desktop", "created_at": null, "created_by": "jayne.balmer", "coord_wgs84": "145.98868864298856, -43.09998188961785", "modified_at": "2026-02-05T02:07:20.861Z", "modified_by": "peter.jackson" }, "geometry": { "type": "Point", "coordinates": [ 417703.166563549428247, 5227586.000283442437649 ] } },
{ "type": "Feature", "properties": { "fid": 1105, "common_name": null, "scientific_name": "Leptospermum sp.", "collection_method": "desktop", "created_at": null, "created_by": "jayne.balmer", "coord_wgs84": "145.9887189569603, -43.10000742374792", "modified_at": "2026-02-05T02:07:20.863Z", "modified_by": "peter.jackson" }, "geometry": { "type": "Point", "coordinates": [ 417705.667622224311344, 5227583.194435534067452 ] } },
{ "type": "Feature", "properties": { "fid": 1106, "common_name": null, "scientific_name": "Leptospermum sp.", "collection_method": "desktop", "created_at": null, "created_by": "jayne.balmer", "coord_wgs84": "145.9886721381676, -43.10004108254736", "modified_at": "2026-02-05T02:07:20.864Z", "modified_by": "peter.jackson" }, "geometry": { "type": "Point", "coordinates": [ 417701.902739136538003, 5227579.410624135285616 ] } },
{ "type": "Feature", "properties": { "fid": 1107, "common_name": null, "scientific_name": "Leptospermum sp.", "collection_method": "desktop", "created_at": null, "created_by": "jayne.balmer", "coord_wgs84": "145.98876593771863, -43.100005667278424", "modified_at": "2026-02-05T02:07:20.866Z", "modified_by": "peter.jackson" }, "geometry": { "type": "Point", "coordinates": [ 417709.488418077293318, 5227583.43560454249382 ] } },
{ "type": "Feature", "properties": { "fid": 1108, "common_name": null, "scientific_name": "Leptospermum sp.", "collection_method": "desktop", "created_at": null, "created_by": "jayne.balmer", "coord_wgs84": "145.98879194805735, -43.09998872160582", "modified_at": "2026-02-05T02:07:20.866Z", "modified_by": "peter.jackson" }, "geometry": { "type": "Point", "coordinates": [ 417711.582363257999532, 5227585.342973278835416 ] } },
{ "type": "Feature", "properties": { "fid": 1109, "common_name": null, "scientific_name": "Leptospermum sp.", "collection_method": "desktop", "created_at": null, "created_by": "jayne.balmer", "coord_wgs84": "145.9888802935702, -43.099974085102524", "modified_at": "2026-02-05T02:07:20.866Z", "modified_by": "peter.jackson" }, "geometry": { "type": "Point", "coordinates": [ 417718.752048079273663, 5227587.055078932084143 ] } },
{ "type": "Feature", "properties": { "fid": 1110, "common_name": null, "scientific_name": "Leptospermum sp.", "collection_method": "desktop", "created_at": null, "created_by": "jayne.balmer", "coord_wgs84": "145.98840866117192, -43.09984980437648", "modified_at": "2026-02-05T02:07:20.866Z", "modified_by": "peter.jackson" }, "geometry": { "type": "Point", "coordinates": [ 417680.205531963089015, 5227600.393689047545195 ] } },
{ "type": "Feature", "properties": { "fid": 1111, "common_name": null, "scientific_name": "Leptospermum sp.", "collection_method": "desktop", "created_at": null, "created_by": "jayne.balmer", "coord_wgs84": "145.988402478909, -43.099879453084135", "modified_at": "2026-02-05T02:07:20.866Z", "modified_by": "peter.jackson" }, "geometry": { "type": "Point", "coordinates": [ 417679.742161388043314, 5227597.095088089816272 ] } },
{ "type": "Feature", "properties": { "fid": 1112, "common_name": null, "scientific_name": "Leptospermum sp.", "collection_method": "desktop", "created_at": null, "created_by": "jayne.balmer", "coord_wgs84": "145.98841572411388, -43.09989317512326", "modified_at": "2026-02-05T02:07:20.866Z", "modified_by": "peter.jackson" }, "geometry": { "type": "Point", "coordinates": [ 417680.838402235705871, 5227595.584240263327956 ] } },
{ "type": "Feature", "properties": { "fid": 1113, "common_name": null, "scientific_name": "Leptospermum sp.", "collection_method": "desktop", "created_at": null, "created_by": "jayne.balmer", "coord_wgs84": "145.98843361519678, -43.09985989414426", "modified_at": "2026-02-05T02:07:20.876Z", "modified_by": "peter.jackson" }, "geometry": { "type": "Point", "coordinates": [ 417682.249736433383077, 5227599.297705571167171 ] } },
{ "type": "Feature", "properties": { "fid": 1114, "common_name": null, "scientific_name": "Eucalyptus nitida", "collection_method": "desktop", "created_at": null, "created_by": "jayne.balmer", "coord_wgs84": "145.98770960285623, -43.099879557856646", "modified_at": "2026-02-05T02:07:20.876Z", "modified_by": "peter.jackson" }, "geometry": { "type": "Point", "coordinates": [ 417623.358079710160382, 5227596.4029490519315 ] } },
{ "type": "Feature", "properties": { "fid": 1115, "common_name": null, "scientific_name": "Eucalyptus nitida", "collection_method": "desktop", "created_at": null, "created_by": "jayne.balmer", "coord_wgs84": "145.987861991136, -43.09989533551946", "modified_at": "2026-02-05T02:07:20.876Z", "modified_by": "peter.jackson" }, "geometry": { "type": "Point", "coordinates": [ 417635.780141896335408, 5227594.800524292513728 ] } },
{ "type": "Feature", "properties": { "fid": 1116, "common_name": null, "scientific_name": "Eucalyptus nitida", "collection_method": "desktop", "created_at": null, "created_by": "jayne.balmer", "coord_wgs84": "145.98789101883924, -43.099857757043836", "modified_at": "2026-02-05T02:07:20.876Z", "modified_by": "peter.jackson" }, "geometry": { "type": "Point", "coordinates": [ 417638.091956616088282, 5227599.002181987278163 ] } },
{ "type": "Feature", "properties": { "fid": 1117, "common_name": null, "scientific_name": "Eucalyptus nitida", "collection_method": "desktop", "created_at": null, "created_by": "jayne.balmer", "coord_wgs84": "145.9877946544702, -43.099846487338894", "modified_at": "2026-02-05T02:07:20.882Z", "modified_by": "peter.jackson" }, "geometry": { "type": "Point", "coordinates": [ 417630.234995418868493, 5227600.159035170450807 ] } },
{ "type": "Feature", "properties": { "fid": 1118, "common_name": null, "scientific_name": "Eucalyptus nitida", "collection_method": "desktop", "created_at": null, "created_by": "jayne.balmer", "coord_wgs84": "145.98734907453232, -43.09978351350186", "modified_at": "2026-02-05T02:07:20.882Z", "modified_by": "peter.jackson" }, "geometry": { "type": "Point", "coordinates": [ 417593.890524604765233, 5227606.714536536484957 ] } },
{ "type": "Feature", "properties": { "fid": 1119, "common_name": null, "scientific_name": "Eucalyptus nitida", "collection_method": "desktop", "created_at": null, "created_by": "jayne.balmer", "coord_wgs84": "145.98754148244313, -43.09978955672406", "modified_at": "2026-02-05T02:07:20.882Z", "modified_by": "peter.jackson" }, "geometry": { "type": "Point", "coordinates": [ 417609.556244783278089, 5227606.232514376752079 ] } },
{ "type": "Feature", "properties": { "fid": 1120, "common_name": null, "scientific_name": "Eucalyptus nitida", "collection_method": "desktop", "created_at": null, "created_by": "jayne.balmer", "coord_wgs84": "145.98743445070042, -43.09977862637771", "modified_at": "2026-02-05T02:07:20.886Z", "modified_by": "peter.jackson" }, "geometry": { "type": "Point", "coordinates": [ 417600.831643699260894, 5227607.341165343299508 ] } },
{ "type": "Feature", "properties": { "fid": 1121, "common_name": null, "scientific_name": "Eucalyptus nitida", "collection_method": "desktop", "created_at": null, "created_by": "jayne.balmer", "coord_wgs84": "145.98758826421195, -43.099631733498796", "modified_at": "2026-02-05T02:07:20.886Z", "modified_by": "peter.jackson" }, "geometry": { "type": "Point", "coordinates": [ 417613.151588376669679, 5227623.80497673433274 ] } },
{ "type": "Feature", "properties": { "fid": 1122, "common_name": null, "scientific_name": "Leptospermum sp.", "collection_method": "desktop", "created_at": null, "created_by": "jayne.balmer", "coord_wgs84": "145.98800095952103, -43.099590937950396", "modified_at": "2026-02-05T02:07:20.886Z", "modified_by": "peter.jackson" }, "geometry": { "type": "Point", "coordinates": [ 417646.680978157208301, 5227628.740810919553041 ] } },
{ "type": "Feature", "properties": { "fid": 1123, "common_name": null, "scientific_name": "Leptospermum sp.", "collection_method": "desktop", "created_at": null, "created_by": "jayne.balmer", "coord_wgs84": "145.98790555196769, -43.09953528158141", "modified_at": "2026-02-05T02:07:20.886Z", "modified_by": "peter.jackson" }, "geometry": { "type": "Point", "coordinates": [ 417638.842348601610865, 5227634.82781626842916 ] } },
{ "type": "Feature", "properties": { "fid": 1124, "common_name": null, "scientific_name": "Leptospermum sp.", "collection_method": "desktop", "created_at": null, "created_by": "jayne.balmer", "coord_wgs84": "145.988106710925, -43.09950573968602", "modified_at": "2026-02-05T02:07:20.886Z", "modified_by": "peter.jackson" }, "geometry": { "type": "Point", "coordinates": [ 417655.17257431714097, 5227638.306062230840325 ] } },
{ "type": "Feature", "properties": { "fid": 1125, "common_name": null, "scientific_name": "Leptospermum sp.", "collection_method": "desktop", "created_at": null, "created_by": "jayne.balmer", "coord_wgs84": "145.98783902292084, -43.09944276685689", "modified_at": "2026-02-05T02:07:20.886Z", "modified_by": "peter.jackson" }, "geometry": { "type": "Point", "coordinates": [ 417633.304357645101845, 5227645.036354666575789 ] } },
{ "type": "Feature", "properties": { "fid": 1126, "common_name": null, "scientific_name": "Leptospermum sp.", "collection_method": "desktop", "created_at": null, "created_by": "jayne.balmer", "coord_wgs84": "145.98773263183972, -43.099314120146985", "modified_at": "2026-02-05T02:07:20.886Z", "modified_by": "peter.jackson" }, "geometry": { "type": "Point", "coordinates": [ 417624.474024981784169, 5227659.218234786763787 ] } },
{ "type": "Feature", "properties": { "fid": 1127, "common_name": null, "scientific_name": "Leptospermum sp.", "collection_method": "desktop", "created_at": null, "created_by": "jayne.balmer", "coord_wgs84": "145.98790009878195, -43.09929214775686", "modified_at": "2026-02-05T02:07:20.897Z", "modified_by": "peter.jackson" }, "geometry": { "type": "Point", "coordinates": [ 417638.07266585045727, 5227661.822815136052668 ] } },
{ "type": "Feature", "properties": { "fid": 1128, "common_name": null, "scientific_name": "Leptospermum sp.", "collection_method": "desktop", "created_at": null, "created_by": "jayne.balmer", "coord_wgs84": "145.98780577637223, -43.09922883444532", "modified_at": "2026-02-05T02:07:20.897Z", "modified_by": "peter.jackson" }, "geometry": { "type": "Point", "coordinates": [ 417630.312033330032136, 5227668.761191229335964 ] } },
{ "type": "Feature", "properties": { "fid": 1129, "common_name": null, "scientific_name": "Leptospermum sp.", "collection_method": "desktop", "created_at": null, "created_by": "jayne.balmer", "coord_wgs84": "145.9876924940528, -43.09922712147365", "modified_at": "2026-02-05T02:07:20.897Z", "modified_by": "peter.jackson" }, "geometry": { "type": "Point", "coordinates": [ 417621.091055872268043, 5227668.840126047842205 ] } },
{ "type": "Feature", "properties": { "fid": 1130, "common_name": null, "scientific_name": "Leptospermum sp.", "collection_method": "desktop", "created_at": null, "created_by": "jayne.balmer", "coord_wgs84": "145.98763993088977, -43.09925638099619", "modified_at": "2026-02-05T02:07:20.897Z", "modified_by": "peter.jackson" }, "geometry": { "type": "Point", "coordinates": [ 417616.852806042472366, 5227665.539170322008431 ] } },
{ "type": "Feature", "properties": { "fid": 1131, "common_name": null, "scientific_name": "Eucalyptus nitida", "collection_method": "desktop", "created_at": null, "created_by": "jayne.balmer", "coord_wgs84": "145.98695670895972, -43.09947490096511", "modified_at": "2026-02-05T02:07:20.897Z", "modified_by": "peter.jackson" }, "geometry": { "type": "Point", "coordinates": [ 417561.546837713161949, 5227640.600694338791072 ] } },
{ "type": "Feature", "properties": { "fid": 1132, "common_name": null, "scientific_name": "Eucalyptus nitida", "collection_method": "desktop", "created_at": null, "created_by": "jayne.balmer", "coord_wgs84": "145.98707771221177, -43.0994646868398", "modified_at": "2026-02-05T02:07:20.897Z", "modified_by": "peter.jackson" }, "geometry": { "type": "Point", "coordinates": [ 417571.380089763668366, 5227641.853951952420175 ] } },
{ "type": "Feature", "properties": { "fid": 1133, "common_name": null, "scientific_name": "Eucalyptus nitida", "collection_method": "desktop", "created_at": null, "created_by": "jayne.balmer", "coord_wgs84": "145.98721437122853, -43.09943898525006", "modified_at": "2026-02-05T02:07:20.897Z", "modified_by": "peter.jackson" }, "geometry": { "type": "Point", "coordinates": [ 417582.466599428444169, 5227644.842489340342581 ] } },
{ "type": "Feature", "properties": { "fid": 1134, "common_name": null, "scientific_name": "Eucalyptus nitida", "collection_method": "desktop", "created_at": null, "created_by": "jayne.balmer", "coord_wgs84": "145.98697854648393, -43.09940781606949", "modified_at": "2026-02-05T02:07:20.907Z", "modified_by": "peter.jackson" }, "geometry": { "type": "Point", "coordinates": [ 417563.233915270888247, 5227648.072037808597088 ] } },
{ "type": "Feature", "properties": { "fid": 1135, "common_name": null, "scientific_name": "Eucalyptus nitida", "collection_method": "desktop", "created_at": null, "created_by": "jayne.balmer", "coord_wgs84": "145.98709830389112, -43.09932944454946", "modified_at": "2026-02-05T02:07:20.907Z", "modified_by": "peter.jackson" }, "geometry": { "type": "Point", "coordinates": [ 417572.874358457629569, 5227656.893043324351311 ] } },
{ "type": "Feature", "properties": { "fid": 1136, "common_name": null, "scientific_name": "Eucalyptus nitida", "collection_method": "desktop", "created_at": null, "created_by": "jayne.balmer", "coord_wgs84": "145.98707642997283, -43.09925502782317", "modified_at": "2026-02-05T02:07:20.907Z", "modified_by": "peter.jackson" }, "geometry": { "type": "Point", "coordinates": [ 417570.994472036196385, 5227665.135622248984873 ] } },
{ "type": "Feature", "properties": { "fid": 1137, "common_name": null, "scientific_name": "Eucalyptus nitida", "collection_method": "desktop", "created_at": null, "created_by": "jayne.balmer", "coord_wgs84": "145.98684517709984, -43.09898256528663", "modified_at": "2026-02-05T02:07:20.913Z", "modified_by": "peter.jackson" }, "geometry": { "type": "Point", "coordinates": [ 417551.809990094625391, 5227695.165602776221931 ] } },
{ "type": "Feature", "properties": { "fid": 1138, "common_name": null, "scientific_name": "Leptospermum sp.", "collection_method": "desktop", "created_at": null, "created_by": "jayne.balmer", "coord_wgs84": "145.98725015963623, -43.098992661330556", "modified_at": "2026-02-05T02:07:20.915Z", "modified_by": "peter.jackson" }, "geometry": { "type": "Point", "coordinates": [ 417584.780305793276057, 5227694.442569538019598 ] } },
{ "type": "Feature", "properties": { "fid": 1139, "common_name": null, "scientific_name": "Leptospermum sp.", "collection_method": "desktop", "created_at": null, "created_by": "jayne.balmer", "coord_wgs84": "145.98721507309014, -43.09903705824756", "modified_at": "2026-02-05T02:07:20.915Z", "modified_by": "peter.jackson" }, "geometry": { "type": "Point", "coordinates": [ 417581.984577269060537, 5227689.47774129640311 ] } },
{ "type": "Feature", "properties": { "fid": 1140, "common_name": null, "scientific_name": "Leptospermum sp.", "collection_method": "desktop", "created_at": null, "created_by": "jayne.balmer", "coord_wgs84": "145.98732781502574, -43.099006975842244", "modified_at": "2026-02-05T02:07:20.918Z", "modified_by": "peter.jackson" }, "geometry": { "type": "Point", "coordinates": [ 417591.118964108056389, 5227692.929249260574579 ] } },
{ "type": "Feature", "properties": { "fid": 1141, "common_name": null, "scientific_name": "Leptospermum sp.", "collection_method": "desktop", "created_at": null, "created_by": "jayne.balmer", "coord_wgs84": "145.9870799372964, -43.09900634641445", "modified_at": "2026-02-05T02:07:20.918Z", "modified_by": "peter.jackson" }, "geometry": { "type": "Point", "coordinates": [ 417570.946269820269663, 5227692.755491980351508 ] } },
{ "type": "Feature", "properties": { "fid": 1142, "common_name": null, "scientific_name": "Acacia melanoxylon", "collection_method": "desktop", "created_at": null, "created_by": "jayne.balmer", "coord_wgs84": "145.9873039244836, -43.098251482698835", "modified_at": "2026-02-05T02:07:20.918Z", "modified_by": "peter.jackson" }, "geometry": { "type": "Point", "coordinates": [ 417588.161489126388915, 5227776.804341390728951 ] } },
{ "type": "Feature", "properties": { "fid": 1143, "common_name": null, "scientific_name": "Acacia melanoxylon", "collection_method": "desktop", "created_at": null, "created_by": "jayne.balmer", "coord_wgs84": "145.98739776167443, -43.09820153649611", "modified_at": "2026-02-05T02:07:20.918Z", "modified_by": "peter.jackson" }, "geometry": { "type": "Point", "coordinates": [ 417595.730903521878645, 5227782.443162360228598 ] } },
{ "type": "Feature", "properties": { "fid": 1144, "common_name": null, "scientific_name": "Acacia melanoxylon", "collection_method": "desktop", "created_at": null, "created_by": "jayne.balmer", "coord_wgs84": "145.98716431928105, -43.09817152031027", "modified_at": "2026-02-05T02:07:20.918Z", "modified_by": "peter.jackson" }, "geometry": { "type": "Point", "coordinates": [ 417576.693262208369561, 5227785.547052946873009 ] } },
{ "type": "Feature", "properties": { "fid": 1145, "common_name": null, "scientific_name": "Acacia melanoxylon", "collection_method": "desktop", "created_at": null, "created_by": "jayne.balmer", "coord_wgs84": "145.98731663699513, -43.09818167230238", "modified_at": "2026-02-05T02:07:20.918Z", "modified_by": "peter.jackson" }, "geometry": { "type": "Point", "coordinates": [ 417589.102392204920761, 5227784.569377952255309 ] } },
{ "type": "Feature", "properties": { "fid": 1146, "common_name": null, "scientific_name": "Acacia melanoxylon", "collection_method": "desktop", "created_at": null, "created_by": "jayne.balmer", "coord_wgs84": "145.9862142952094, -43.09787318004826", "modified_at": "2026-02-05T02:07:20.918Z", "modified_by": "peter.jackson" }, "geometry": { "type": "Point", "coordinates": [ 417498.980361431022175, 5227817.743837897665799 ] } },
{ "type": "Feature", "properties": { "fid": 1147, "common_name": null, "scientific_name": "Acacia melanoxylon", "collection_method": "desktop", "created_at": null, "created_by": "jayne.balmer", "coord_wgs84": "145.98606268921424, -43.097799762411064", "modified_at": "2026-02-05T02:07:20.929Z", "modified_by": "peter.jackson" }, "geometry": { "type": "Point", "coordinates": [ 417486.544115866417997, 5227825.747788204811513 ] } },
{ "type": "Feature", "properties": { "fid": 1148, "common_name": null, "scientific_name": "Acacia melanoxylon", "collection_method": "desktop", "created_at": null, "created_by": "jayne.balmer", "coord_wgs84": "145.98589140604676, -43.097527735572804", "modified_at": "2026-02-05T02:07:20.929Z", "modified_by": "peter.jackson" }, "geometry": { "type": "Point", "coordinates": [ 417472.239762942830566, 5227855.788176512345672 ] } },
{ "type": "Feature", "properties": { "fid": 1149, "common_name": null, "scientific_name": "Eucalyptus nitida", "collection_method": "desktop", "created_at": null, "created_by": "jayne.balmer", "coord_wgs84": "145.98572665227857, -43.097847589832675", "modified_at": "2026-02-05T02:07:20.929Z", "modified_by": "peter.jackson" }, "geometry": { "type": "Point", "coordinates": [ 417459.261735501582734, 5227820.105746477842331 ] } },
{ "type": "Feature", "properties": { "fid": 1150, "common_name": null, "scientific_name": "Eucalyptus nitida", "collection_method": "desktop", "created_at": null, "created_by": "jayne.balmer", "coord_wgs84": "145.986362605144, -43.09812841513412", "modified_at": "2026-02-05T02:07:20.929Z", "modified_by": "peter.jackson" }, "geometry": { "type": "Point", "coordinates": [ 417511.392432034015656, 5227789.545541573315859 ] } },
{ "type": "Feature", "properties": { "fid": 1151, "common_name": null, "scientific_name": "Eucalyptus nitida", "collection_method": "desktop", "created_at": null, "created_by": "jayne.balmer", "coord_wgs84": "145.98633197505467, -43.09822580575783", "modified_at": "2026-02-05T02:07:20.929Z", "modified_by": "peter.jackson" }, "geometry": { "type": "Point", "coordinates": [ 417509.030523453257047, 5227778.700042989104986 ] } },
{ "type": "Feature", "properties": { "fid": 1152, "common_name": null, "scientific_name": "Eucalyptus nitida", "collection_method": "desktop", "created_at": null, "created_by": "jayne.balmer", "coord_wgs84": "145.98612938683618, -43.09815499637127", "modified_at": "2026-02-05T02:07:20.929Z", "modified_by": "peter.jackson" }, "geometry": { "type": "Point", "coordinates": [ 417492.44896117207827, 5227786.364195322617888 ] } },
{ "type": "Feature", "properties": { "fid": 1153, "common_name": null, "scientific_name": "Acacia melanoxylon", "collection_method": "desktop", "created_at": null, "created_by": "jayne.balmer", "coord_wgs84": "145.9869979529322, -43.09842832987837", "modified_at": "2026-02-05T02:07:20.938Z", "modified_by": "peter.jackson" }, "geometry": { "type": "Point", "coordinates": [ 417563.499027458485216, 5227756.8644391708076 ] } },
{ "type": "Feature", "properties": { "fid": 1154, "common_name": null, "scientific_name": "Acacia melanoxylon", "collection_method": "desktop", "created_at": null, "created_by": "jayne.balmer", "coord_wgs84": "145.98664163660035, -43.09826187403934", "modified_at": "2026-02-05T02:07:20.938Z", "modified_by": "peter.jackson" }, "geometry": { "type": "Point", "coordinates": [ 417534.278959400195163, 5227774.999212641268969 ] } },
{ "type": "Feature", "properties": { "fid": 1155, "common_name": null, "scientific_name": "Lagarostrobos franklinii", "collection_method": "desktop", "created_at": null, "created_by": "jayne.balmer", "coord_wgs84": "145.98633139459147, -43.09763266686794", "modified_at": "2026-02-05T02:07:20.938Z", "modified_by": "peter.jackson" }, "geometry": { "type": "Point", "coordinates": [ 417508.186984674364794, 5227844.568371064029634 ] } },
{ "type": "Feature", "properties": { "fid": 1156, "common_name": null, "scientific_name": "Lagarostrobos franklinii", "collection_method": "desktop", "created_at": null, "created_by": "jayne.balmer", "coord_wgs84": "145.98622649562688, -43.09760938376905", "modified_at": "2026-02-05T02:07:20.938Z", "modified_by": "peter.jackson" }, "geometry": { "type": "Point", "coordinates": [ 417499.619040792109445, 5227847.050785183906555 ] } },
{ "type": "Feature", "properties": { "fid": 1157, "common_name": null, "scientific_name": "Acacia melanoxylon", "collection_method": "desktop", "created_at": null, "created_by": "jayne.balmer", "coord_wgs84": "145.98708703528936, -43.09740685559893", "modified_at": "2026-02-05T02:07:20.944Z", "modified_by": "peter.jackson" }, "geometry": { "type": "Point", "coordinates": [ 417569.378132623969577, 5227870.388156402856112 ] } },
{ "type": "Feature", "properties": { "fid": 1158, "common_name": null, "scientific_name": "Acacia melanoxylon", "collection_method": "desktop", "created_at": null, "created_by": "jayne.balmer", "coord_wgs84": "145.98725928988748, -43.09728948150051", "modified_at": "2026-02-05T02:07:20.946Z", "modified_by": "peter.jackson" }, "geometry": { "type": "Point", "coordinates": [ 417583.238840243546292, 5227883.592037253081799 ] } },
{ "type": "Feature", "properties": { "fid": 1159, "common_name": null, "scientific_name": "Acacia melanoxylon", "collection_method": "desktop", "created_at": null, "created_by": "jayne.balmer", "coord_wgs84": "145.987328667531, -43.097316906684064", "modified_at": "2026-02-05T02:07:20.946Z", "modified_by": "peter.jackson" }, "geometry": { "type": "Point", "coordinates": [ 417588.921609840996098, 5227880.614622569642961 ] } },
{ "type": "Feature", "properties": { "fid": 1160, "common_name": null, "scientific_name": "Acacia melanoxylon", "collection_method": "desktop", "created_at": null, "created_by": "jayne.balmer", "coord_wgs84": "145.9869806474695, -43.09739126212713", "modified_at": "2026-02-05T02:07:20.949Z", "modified_by": "peter.jackson" }, "geometry": { "type": "Point", "coordinates": [ 417560.69933409942314, 5227872.015239874832332 ] } },
{ "type": "Feature", "properties": { "fid": 1161, "common_name": null, "scientific_name": "Acacia melanoxylon", "collection_method": "desktop", "created_at": null, "created_by": "jayne.balmer", "coord_wgs84": "145.9871258715676, -43.097136092119555", "modified_at": "2026-02-05T02:07:20.949Z", "modified_by": "peter.jackson" }, "geometry": { "type": "Point", "coordinates": [ 417572.175426326401066, 5227900.494992106221616 ] } },
{ "type": "Feature", "properties": { "fid": 1162, "common_name": null, "scientific_name": "Acacia melanoxylon", "collection_method": "desktop", "created_at": null, "created_by": "jayne.balmer", "coord_wgs84": "145.98751606861674, -43.097310934923485", "modified_at": "2026-02-05T02:07:20.949Z", "modified_by": "peter.jackson" }, "geometry": { "type": "Point", "coordinates": [ 417604.164389501267578, 5227881.46196377556771 ] } },
{ "type": "Feature", "properties": { "fid": 1163, "common_name": null, "scientific_name": "Acacia melanoxylon", "collection_method": "desktop", "created_at": null, "created_by": "jayne.balmer", "coord_wgs84": "145.98834521498003, -43.09724990269209", "modified_at": "2026-02-05T02:07:20.954Z", "modified_by": "peter.jackson" }, "geometry": { "type": "Point", "coordinates": [ 417671.558938314556144, 5227889.054113879799843 ] } },
{ "type": "Feature", "properties": { "fid": 1164, "common_name": null, "scientific_name": "Acacia melanoxylon", "collection_method": "desktop", "created_at": null, "created_by": "jayne.balmer", "coord_wgs84": "145.9886147541926, -43.096811553526024", "modified_at": "2026-02-05T02:07:20.954Z", "modified_by": "peter.jackson" }, "geometry": { "type": "Point", "coordinates": [ 417692.90703119157115, 5227937.99800269305706 ] } },
{ "type": "Feature", "properties": { "fid": 1165, "common_name": null, "scientific_name": "Acacia melanoxylon", "collection_method": "desktop", "created_at": null, "created_by": "jayne.balmer", "coord_wgs84": "145.9889080255102, -43.09695273212029", "modified_at": "2026-02-05T02:07:20.954Z", "modified_by": "peter.jackson" }, "geometry": { "type": "Point", "coordinates": [ 417716.962832437129691, 5227922.607758661732078 ] } },
{ "type": "Feature", "properties": { "fid": 1166, "common_name": null, "scientific_name": "Lagarostrobos franklinii", "collection_method": "desktop", "created_at": null, "created_by": "jayne.balmer", "coord_wgs84": "145.9874478495624, -43.09669545935423", "modified_at": "2026-02-05T02:07:20.954Z", "modified_by": "peter.jackson" }, "geometry": { "type": "Point", "coordinates": [ 417597.787326744990423, 5227949.744331354275346 ] } },
{ "type": "Feature", "properties": { "fid": 1167, "common_name": null, "scientific_name": "Lagarostrobos franklinii", "collection_method": "desktop", "created_at": null, "created_by": "jayne.balmer", "coord_wgs84": "145.98763241777317, -43.09667860332022", "modified_at": "2026-02-05T02:07:20.960Z", "modified_by": "peter.jackson" }, "geometry": { "type": "Point", "coordinates": [ 417612.785125383874401, 5227951.797580526210368 ] } },
{ "type": "Feature", "properties": { "fid": 1168, "common_name": null, "scientific_name": "Lagarostrobos franklinii", "collection_method": "desktop", "created_at": null, "created_by": "jayne.balmer", "coord_wgs84": "145.98768545504677, -43.09659639732688", "modified_at": "2026-02-05T02:07:20.960Z", "modified_by": "peter.jackson" }, "geometry": { "type": "Point", "coordinates": [ 417616.991155078285374, 5227960.978778500109911 ] } },
{ "type": "Feature", "properties": { "fid": 1169, "common_name": null, "scientific_name": "Lagarostrobos franklinii", "collection_method": "desktop", "created_at": null, "created_by": "jayne.balmer", "coord_wgs84": "145.98771292612182, -43.0967143835939", "modified_at": "2026-02-05T02:07:20.960Z", "modified_by": "peter.jackson" }, "geometry": { "type": "Point", "coordinates": [ 417619.384969386970624, 5227947.903232424519956 ] } },
{ "type": "Feature", "properties": { "fid": 1170, "common_name": null, "scientific_name": "Lagarostrobos franklinii", "collection_method": "desktop", "created_at": null, "created_by": "jayne.balmer", "coord_wgs84": "145.9878900103854, -43.096604790010886", "modified_at": "2026-02-05T02:07:20.960Z", "modified_by": "peter.jackson" }, "geometry": { "type": "Point", "coordinates": [ 417633.64940840320196, 5227960.247713968157768 ] } },
{ "type": "Feature", "properties": { "fid": 1171, "common_name": null, "scientific_name": "Lagarostrobos franklinii", "collection_method": "desktop", "created_at": null, "created_by": "jayne.balmer", "coord_wgs84": "145.98783627505836, -43.09681551378769", "modified_at": "2026-02-05T02:07:20.960Z", "modified_by": "peter.jackson" }, "geometry": { "type": "Point", "coordinates": [ 417629.558826294203755, 5227936.793765429407358 ] } },
{ "type": "Feature", "properties": { "fid": 1172, "common_name": null, "scientific_name": "Lagarostrobos franklinii", "collection_method": "desktop", "created_at": null, "created_by": "jayne.balmer", "coord_wgs84": "145.98725865874593, -43.096696600636136", "modified_at": "2026-02-05T02:07:20.960Z", "modified_by": "peter.jackson" }, "geometry": { "type": "Point", "coordinates": [ 417582.39226521080127, 5227949.431650186888874 ] } },
{ "type": "Feature", "properties": { "fid": 1173, "common_name": null, "scientific_name": "Lagarostrobos franklinii", "collection_method": "desktop", "created_at": null, "created_by": "jayne.balmer", "coord_wgs84": "145.987093846046, -43.09670739799668", "modified_at": "2026-02-05T02:07:20.970Z", "modified_by": "peter.jackson" }, "geometry": { "type": "Point", "coordinates": [ 417568.994080074888188, 5227948.070579235441983 ] } },
{ "type": "Feature", "properties": { "fid": 1174, "common_name": null, "scientific_name": "Lagarostrobos franklinii", "collection_method": "desktop", "created_at": null, "created_by": "jayne.balmer", "coord_wgs84": "145.98707176307028, -43.096902986185725", "modified_at": "2026-02-05T02:07:20.970Z", "modified_by": "peter.jackson" }, "geometry": { "type": "Point", "coordinates": [ 417567.459323180431966, 5227926.328533788211644 ] } },
{ "type": "Feature", "properties": { "fid": 1175, "common_name": null, "scientific_name": "Lagarostrobos franklinii", "collection_method": "desktop", "created_at": null, "created_by": "jayne.balmer", "coord_wgs84": "145.98712098347983, -43.09632405114646", "modified_at": "2026-02-05T02:07:20.970Z", "modified_by": "peter.jackson" }, "geometry": { "type": "Point", "coordinates": [ 417570.688322629081085, 5227990.668447140604258 ] } },
{ "type": "Feature", "properties": { "fid": 1176, "common_name": null, "scientific_name": "Lagarostrobos franklinii", "collection_method": "desktop", "created_at": null, "created_by": "jayne.balmer", "coord_wgs84": "145.98730179925488, -43.09628267811808", "modified_at": "2026-02-05T02:07:20.970Z", "modified_by": "peter.jackson" }, "geometry": { "type": "Point", "coordinates": [ 417585.347943016211502, 5227995.440712003968656 ] } },
{ "type": "Feature", "properties": { "fid": 1177, "common_name": null, "scientific_name": "Lagarostrobos franklinii", "collection_method": "desktop", "created_at": null, "created_by": "jayne.balmer", "coord_wgs84": "145.9869007983706, -43.096356901340435", "modified_at": "2026-02-05T02:07:20.976Z", "modified_by": "peter.jackson" }, "geometry": { "type": "Point", "coordinates": [ 417552.81334237678675, 5227986.803913405165076 ] } },
{ "type": "Feature", "properties": { "fid": 1178, "common_name": null, "scientific_name": "Lagarostrobos franklinii", "collection_method": "desktop", "created_at": null, "created_by": "jayne.balmer", "coord_wgs84": "145.9867396993454, -43.0964143705137", "modified_at": "2026-02-05T02:07:20.976Z", "modified_by": "peter.jackson" }, "geometry": { "type": "Point", "coordinates": [ 417539.779944055655506, 5227980.263469122350216 ] } },
{ "type": "Feature", "properties": { "fid": 1179, "common_name": null, "scientific_name": "Lagarostrobos franklinii", "collection_method": "desktop", "created_at": null, "created_by": "jayne.balmer", "coord_wgs84": "145.98691609881269, -43.09642967188009", "modified_at": "2026-02-05T02:07:20.976Z", "modified_by": "peter.jackson" }, "geometry": { "type": "Point", "coordinates": [ 417554.15615568193607, 5227978.737690071575344 ] } },
{ "type": "Feature", "properties": { "fid": 1180, "common_name": null, "scientific_name": "Lagarostrobos franklinii", "collection_method": "desktop", "created_at": null, "created_by": "jayne.balmer", "coord_wgs84": "145.98706718351988, -43.096529588563676", "modified_at": "2026-02-05T02:07:20.980Z", "modified_by": "peter.jackson" }, "geometry": { "type": "Point", "coordinates": [ 417566.585716163972393, 5227967.790348021313548 ] } },
{ "type": "Feature", "properties": { "fid": 1181, "common_name": null, "scientific_name": "Lagarostrobos franklinii", "collection_method": "desktop", "created_at": null, "created_by": "jayne.balmer", "coord_wgs84": "145.98715079596815, -43.09605312931858", "modified_at": "2026-02-05T02:07:20.980Z", "modified_by": "peter.jackson" }, "geometry": { "type": "Point", "coordinates": [ 417572.751103880989831, 5228020.783990259282291 ] } },
{ "type": "Feature", "properties": { "fid": 1182, "common_name": null, "scientific_name": "Lagarostrobos franklinii", "collection_method": "desktop", "created_at": null, "created_by": "jayne.balmer", "coord_wgs84": "145.98734871273166, -43.09594914689617", "modified_at": "2026-02-05T02:07:20.980Z", "modified_by": "peter.jackson" }, "geometry": { "type": "Point", "coordinates": [ 417588.718540084490087, 5228032.525914803147316 ] } },
{ "type": "Feature", "properties": { "fid": 1183, "common_name": null, "scientific_name": "Lagarostrobos franklinii", "collection_method": "desktop", "created_at": null, "created_by": "jayne.balmer", "coord_wgs84": "145.98785454331062, -43.09588213763977", "modified_at": "2026-02-05T02:07:20.980Z", "modified_by": "peter.jackson" }, "geometry": { "type": "Point", "coordinates": [ 417629.794361206004396, 5228040.464400047436357 ] } },
{ "type": "Feature", "properties": { "fid": 1184, "common_name": null, "scientific_name": "Lagarostrobos franklinii", "collection_method": "desktop", "created_at": null, "created_by": "jayne.balmer", "coord_wgs84": "145.9879710670104, -43.09582476533376", "modified_at": "2026-02-05T02:07:20.980Z", "modified_by": "peter.jackson" }, "geometry": { "type": "Point", "coordinates": [ 417639.200439517037012, 5228046.950130144134164 ] } },
{ "type": "Feature", "properties": { "fid": 1185, "common_name": null, "scientific_name": "Lagarostrobos franklinii", "collection_method": "desktop", "created_at": null, "created_by": "jayne.balmer", "coord_wgs84": "145.98794583623237, -43.0957952894033", "modified_at": "2026-02-05T02:07:20.980Z", "modified_by": "peter.jackson" }, "geometry": { "type": "Point", "coordinates": [ 417637.107589808816556, 5228050.198689547367394 ] } },
{ "type": "Feature", "properties": { "fid": 1186, "common_name": null, "scientific_name": "Lagarostrobos franklinii", "collection_method": "desktop", "created_at": null, "created_by": "jayne.balmer", "coord_wgs84": "145.9888558637432, -43.09593766022456", "modified_at": "2026-02-05T02:07:20.991Z", "modified_by": "peter.jackson" }, "geometry": { "type": "Point", "coordinates": [ 417711.358536354673561, 5228035.281682678498328 ] } },
{ "type": "Feature", "properties": { "fid": 1187, "common_name": null, "scientific_name": "Lagarostrobos franklinii", "collection_method": "desktop", "created_at": null, "created_by": "jayne.balmer", "coord_wgs84": "145.98876253728795, -43.095980077120046", "modified_at": "2026-02-05T02:07:20.991Z", "modified_by": "peter.jackson" }, "geometry": { "type": "Point", "coordinates": [ 417703.820222623238806, 5228030.479638321325183 ] } },
{ "type": "Feature", "properties": { "fid": 1188, "common_name": null, "scientific_name": "Lagarostrobos franklinii", "collection_method": "desktop", "created_at": null, "created_by": "jayne.balmer", "coord_wgs84": "145.9889766474008, -43.09603416784764", "modified_at": "2026-02-05T02:07:20.991Z", "modified_by": "peter.jackson" }, "geometry": { "type": "Point", "coordinates": [ 417721.317407435330097, 5228024.682905914261937 ] } },
{ "type": "Feature", "properties": { "fid": 1189, "common_name": null, "scientific_name": "Lagarostrobos franklinii", "collection_method": "desktop", "created_at": null, "created_by": "jayne.balmer", "coord_wgs84": "145.98930626880198, -43.096049123596565", "modified_at": "2026-02-05T02:07:20.991Z", "modified_by": "peter.jackson" }, "geometry": { "type": "Point", "coordinates": [ 417748.162728058407083, 5228023.345435155555606 ] } },
{ "type": "Feature", "properties": { "fid": 1190, "common_name": null, "scientific_name": "Lagarostrobos franklinii", "collection_method": "desktop", "created_at": null, "created_by": "jayne.balmer", "coord_wgs84": "145.98948008266953, -43.09602126090304", "modified_at": "2026-02-05T02:07:20.991Z", "modified_by": "peter.jackson" }, "geometry": { "type": "Point", "coordinates": [ 417762.27078396664001, 5228026.610107880085707 ] } },
{ "type": "Feature", "properties": { "fid": 1191, "common_name": null, "scientific_name": "Lagarostrobos franklinii", "collection_method": "desktop", "created_at": null, "created_by": "jayne.balmer", "coord_wgs84": "145.98953033227923, -43.0960253806938", "modified_at": "2026-02-05T02:07:20.991Z", "modified_by": "peter.jackson" }, "geometry": { "type": "Point", "coordinates": [ 417766.365719859604724, 5228026.201880761422217 ] } },
{ "type": "Feature", "properties": { "fid": 1192, "common_name": null, "scientific_name": "Lagarostrobos franklinii", "collection_method": "desktop", "created_at": null, "created_by": "jayne.balmer", "coord_wgs84": "145.98951898037993, -43.09590435666989", "modified_at": "2026-02-05T02:07:20.991Z", "modified_by": "peter.jackson" }, "geometry": { "type": "Point", "coordinates": [ 417765.279917440144345, 5228039.630628735758364 ] } },
{ "type": "Feature", "properties": { "fid": 1193, "common_name": null, "scientific_name": "Lagarostrobos franklinii", "collection_method": "desktop", "created_at": null, "created_by": "jayne.balmer", "coord_wgs84": "145.98956691007152, -43.09584542564771", "modified_at": "2026-02-05T02:07:21.001Z", "modified_by": "peter.jackson" }, "geometry": { "type": "Point", "coordinates": [ 417769.101687048387248, 5228046.222002250142395 ] } },
{ "type": "Feature", "properties": { "fid": 1194, "common_name": null, "scientific_name": "Lagarostrobos franklinii", "collection_method": "desktop", "created_at": null, "created_by": "jayne.balmer", "coord_wgs84": "145.98951083468037, -43.09550054208325", "modified_at": "2026-02-05T02:07:21.001Z", "modified_by": "peter.jackson" }, "geometry": { "type": "Point", "coordinates": [ 417764.076595525315497, 5228084.466791930608451 ] } },
{ "type": "Feature", "properties": { "fid": 1195, "common_name": null, "scientific_name": "Lagarostrobos franklinii", "collection_method": "desktop", "created_at": null, "created_by": "jayne.balmer", "coord_wgs84": "145.98959052757365, -43.09544760415213", "modified_at": "2026-02-05T02:07:21.001Z", "modified_by": "peter.jackson" }, "geometry": { "type": "Point", "coordinates": [ 417770.491393231612165, 5228090.423773432150483 ] } },
{ "type": "Feature", "properties": { "fid": 1196, "common_name": null, "scientific_name": "Lagarostrobos franklinii", "collection_method": "desktop", "created_at": null, "created_by": "jayne.balmer", "coord_wgs84": "145.9893834973442, -43.09536140835054", "modified_at": "2026-02-05T02:07:21.007Z", "modified_by": "peter.jackson" }, "geometry": { "type": "Point", "coordinates": [ 417753.527299426379614, 5228099.79288870934397 ] } },
{ "type": "Feature", "properties": { "fid": 1197, "common_name": null, "scientific_name": "Lagarostrobos franklinii", "collection_method": "desktop", "created_at": null, "created_by": "jayne.balmer", "coord_wgs84": "145.98944916725216, -43.095197108333004", "modified_at": "2026-02-05T02:07:21.007Z", "modified_by": "peter.jackson" }, "geometry": { "type": "Point", "coordinates": [ 417758.651830346207134, 5228118.10303476639092 ] } },
{ "type": "Feature", "properties": { "fid": 1198, "common_name": null, "scientific_name": "Lagarostrobos franklinii", "collection_method": "desktop", "created_at": null, "created_by": "jayne.balmer", "coord_wgs84": "145.98918834512403, -43.095232667923106", "modified_at": "2026-02-05T02:07:21.007Z", "modified_by": "peter.jackson" }, "geometry": { "type": "Point", "coordinates": [ 417737.47287531697657, 5228113.898252593353391 ] } },
{ "type": "Feature", "properties": { "fid": 1199, "common_name": null, "scientific_name": "Acacia melanoxylon", "collection_method": "desktop", "created_at": null, "created_by": "jayne.balmer", "coord_wgs84": "145.98873493156677, -43.09512702161913", "modified_at": "2026-02-05T02:07:21.007Z", "modified_by": "peter.jackson" }, "geometry": { "type": "Point", "coordinates": [ 417700.431130134151317, 5228125.185501811094582 ] } },
{ "type": "Feature", "properties": { "fid": 1200, "common_name": null, "scientific_name": "Acacia melanoxylon", "collection_method": "desktop", "created_at": null, "created_by": "jayne.balmer", "coord_wgs84": "145.9888132727097, -43.09516726936773", "modified_at": "2026-02-05T02:07:21.012Z", "modified_by": "peter.jackson" }, "geometry": { "type": "Point", "coordinates": [ 417706.860694090719335, 5228120.792822454124689 ] } },
{ "type": "Feature", "properties": { "fid": 1201, "common_name": null, "scientific_name": "Acacia melanoxylon", "collection_method": "desktop", "created_at": null, "created_by": "jayne.balmer", "coord_wgs84": "145.98872987173095, -43.09521461221631", "modified_at": "2026-02-05T02:07:21.012Z", "modified_by": "peter.jackson" }, "geometry": { "type": "Point", "coordinates": [ 417700.136651455424726, 5228115.453483043238521 ] } },
{ "type": "Feature", "properties": { "fid": 1202, "common_name": null, "scientific_name": "Acacia melanoxylon", "collection_method": "desktop", "created_at": null, "created_by": "jayne.balmer", "coord_wgs84": "145.9888527738574, -43.09525314186221", "modified_at": "2026-02-05T02:07:21.012Z", "modified_by": "peter.jackson" }, "geometry": { "type": "Point", "coordinates": [ 417710.190421098435763, 5228111.295332930982113 ] } },
{ "type": "Feature", "properties": { "fid": 1203, "common_name": null, "scientific_name": "Acacia melanoxylon", "collection_method": "desktop", "created_at": null, "created_by": "jayne.balmer", "coord_wgs84": "145.9887537978934, -43.09537092523399", "modified_at": "2026-02-05T02:07:21.012Z", "modified_by": "peter.jackson" }, "geometry": { "type": "Point", "coordinates": [ 417702.293181674729567, 5228098.118196307681501 ] } },
{ "type": "Feature", "properties": { "fid": 1204, "common_name": null, "scientific_name": "Acacia melanoxylon", "collection_method": "desktop", "created_at": null, "created_by": "jayne.balmer", "coord_wgs84": "145.98872954833934, -43.09529228218165", "modified_at": "2026-02-05T02:07:21.012Z", "modified_by": "peter.jackson" }, "geometry": { "type": "Point", "coordinates": [ 417700.214354328636546, 5228106.827812261879444 ] } },
{ "type": "Feature", "properties": { "fid": 1205, "common_name": null, "scientific_name": "Acacia melanoxylon", "collection_method": "desktop", "created_at": null, "created_by": "jayne.balmer", "coord_wgs84": "145.98889203919182, -43.095022118029", "modified_at": "2026-02-05T02:07:21.012Z", "modified_by": "peter.jackson" }, "geometry": { "type": "Point", "coordinates": [ 417713.076605194131844, 5228136.98937021382153 ] } },
{ "type": "Feature", "properties": { "fid": 1206, "common_name": null, "scientific_name": "Acacia melanoxylon", "collection_method": "desktop", "created_at": null, "created_by": "jayne.balmer", "coord_wgs84": "145.98874599474573, -43.09439116814633", "modified_at": "2026-02-05T02:07:21.022Z", "modified_by": "peter.jackson" }, "geometry": { "type": "Point", "coordinates": [ 417700.346003044280224, 5228206.913863969966769 ] } },
{ "type": "Feature", "properties": { "fid": 1207, "common_name": null, "scientific_name": "Acacia melanoxylon", "collection_method": "desktop", "created_at": null, "created_by": "jayne.balmer", "coord_wgs84": "145.98866537076515, -43.09445673335071", "modified_at": "2026-02-05T02:07:21.023Z", "modified_by": "peter.jackson" }, "geometry": { "type": "Point", "coordinates": [ 417693.872287880105432, 5228199.553629011847079 ] } },
{ "type": "Feature", "properties": { "fid": 1208, "common_name": null, "scientific_name": "Acacia melanoxylon", "collection_method": "desktop", "created_at": null, "created_by": "jayne.balmer", "coord_wgs84": "145.98883194386963, -43.09417528627216", "modified_at": "2026-02-05T02:07:21.023Z", "modified_by": "peter.jackson" }, "geometry": { "type": "Point", "coordinates": [ 417707.051824696478434, 5228230.972182545810938 ] } },
{ "type": "Feature", "properties": { "fid": 1209, "common_name": null, "scientific_name": "Acacia melanoxylon", "collection_method": "desktop", "created_at": null, "created_by": "jayne.balmer", "coord_wgs84": "145.98849804945814, -43.09403397738815", "modified_at": "2026-02-05T02:07:21.023Z", "modified_by": "peter.jackson" }, "geometry": { "type": "Point", "coordinates": [ 417679.688662714674138, 5228246.336989354342222 ] } },
{ "type": "Feature", "properties": { "fid": 1210, "common_name": null, "scientific_name": "Acacia melanoxylon", "collection_method": "desktop", "created_at": null, "created_by": "jayne.balmer", "coord_wgs84": "145.98830590901747, -43.09414543821504", "modified_at": "2026-02-05T02:07:21.023Z", "modified_by": "peter.jackson" }, "geometry": { "type": "Point", "coordinates": [ 417664.200685251795221, 5228233.770475618541241 ] } },
{ "type": "Feature", "properties": { "fid": 1211, "common_name": null, "scientific_name": "Acacia melanoxylon", "collection_method": "desktop", "created_at": null, "created_by": "jayne.balmer", "coord_wgs84": "145.98824243506706, -43.0937715132764", "modified_at": "2026-02-05T02:07:21.023Z", "modified_by": "peter.jackson" }, "geometry": { "type": "Point", "coordinates": [ 417658.533861299511045, 5228275.233004463836551 ] } },
{ "type": "Feature", "properties": { "fid": 1212, "common_name": null, "scientific_name": "Acacia melanoxylon", "collection_method": "desktop", "created_at": null, "created_by": "jayne.balmer", "coord_wgs84": "145.98872270859698, -43.093690491358004", "modified_at": "2026-02-05T02:07:21.023Z", "modified_by": "peter.jackson" }, "geometry": { "type": "Point", "coordinates": [ 417697.512490613153204, 5228284.702086331322789 ] } },
{ "type": "Feature", "properties": { "fid": 1213, "common_name": null, "scientific_name": "Acacia melanoxylon", "collection_method": "desktop", "created_at": null, "created_by": "jayne.balmer", "coord_wgs84": "145.98910871476687, -43.09368414506804", "modified_at": "2026-02-05T02:07:21.032Z", "modified_by": "peter.jackson" }, "geometry": { "type": "Point", "coordinates": [ 417728.9192093203892, 5228285.785635962150991 ] } },
{ "type": "Feature", "properties": { "fid": 1214, "common_name": null, "scientific_name": "Acacia melanoxylon", "collection_method": "desktop", "created_at": null, "created_by": "jayne.balmer", "coord_wgs84": "145.9891000646808, -43.093841113093525", "modified_at": "2026-02-05T02:07:21.032Z", "modified_by": "peter.jackson" }, "geometry": { "type": "Point", "coordinates": [ 417728.425360288936645, 5228268.345644951798022 ] } },
{ "type": "Feature", "properties": { "fid": 1215, "common_name": null, "scientific_name": "Acacia melanoxylon", "collection_method": "desktop", "created_at": null, "created_by": "jayne.balmer", "coord_wgs84": "145.9890063674212, -43.09360768226566", "modified_at": "2026-02-05T02:07:21.032Z", "modified_by": "peter.jackson" }, "geometry": { "type": "Point", "coordinates": [ 417720.487268891592976, 5228294.176511087454855 ] } },
{ "type": "Feature", "properties": { "fid": 1216, "common_name": null, "scientific_name": "Acacia melanoxylon", "collection_method": "desktop", "created_at": null, "created_by": "jayne.balmer", "coord_wgs84": "145.9888669768368, -43.09334603617403", "modified_at": "2026-02-05T02:07:21.032Z", "modified_by": "peter.jackson" }, "geometry": { "type": "Point", "coordinates": [ 417708.792556836153381, 5228323.095869744196534 ] } },
{ "type": "Feature", "properties": { "fid": 1217, "common_name": null, "scientific_name": "Acacia melanoxylon", "collection_method": "desktop", "created_at": null, "created_by": "jayne.balmer", "coord_wgs84": "145.98783263447675, -43.09299339020795", "modified_at": "2026-02-05T02:07:21.038Z", "modified_by": "peter.jackson" }, "geometry": { "type": "Point", "coordinates": [ 417624.139165316242725, 5228361.24209993518889 ] } },
{ "type": "Feature", "properties": { "fid": 1218, "common_name": null, "scientific_name": "Lagarostrobos franklinii", "collection_method": "desktop", "created_at": null, "created_by": "jayne.balmer", "coord_wgs84": "145.9879759217062, -43.09303952972477", "modified_at": "2026-02-05T02:07:21.038Z", "modified_by": "peter.jackson" }, "geometry": { "type": "Point", "coordinates": [ 417635.862604128371459, 5228356.258994307368994 ] } },
{ "type": "Feature", "properties": { "fid": 1219, "common_name": null, "scientific_name": "Lagarostrobos franklinii", "collection_method": "desktop", "created_at": null, "created_by": "jayne.balmer", "coord_wgs84": "145.98820209972146, -43.093047459935335", "modified_at": "2026-02-05T02:07:21.038Z", "modified_by": "peter.jackson" }, "geometry": { "type": "Point", "coordinates": [ 417654.280983187491074, 5228355.600462635979056 ] } },
{ "type": "Feature", "properties": { "fid": 1220, "common_name": null, "scientific_name": "Lagarostrobos franklinii", "collection_method": "desktop", "created_at": null, "created_by": "jayne.balmer", "coord_wgs84": "145.9884434529259, -43.09319948396658", "modified_at": "2026-02-05T02:07:21.043Z", "modified_by": "peter.jackson" }, "geometry": { "type": "Point", "coordinates": [ 417674.127435288100969, 5228338.954974150285125 ] } },
{ "type": "Feature", "properties": { "fid": 1221, "common_name": null, "scientific_name": "Lagarostrobos franklinii", "collection_method": "desktop", "created_at": null, "created_by": "jayne.balmer", "coord_wgs84": "145.9881076283717, -43.093353423319954", "modified_at": "2026-02-05T02:07:21.045Z", "modified_by": "peter.jackson" }, "geometry": { "type": "Point", "coordinates": [ 417647.00233237008797, 5228321.53005768917501 ] } },
{ "type": "Feature", "properties": { "fid": 1222, "common_name": null, "scientific_name": "Lagarostrobos franklinii", "collection_method": "desktop", "created_at": null, "created_by": "jayne.balmer", "coord_wgs84": "145.98815386583317, -43.09341916411841", "modified_at": "2026-02-05T02:07:21.045Z", "modified_by": "peter.jackson" }, "geometry": { "type": "Point", "coordinates": [ 417650.853493283735588, 5228314.274864228442311 ] } },
{ "type": "Feature", "properties": { "fid": 1223, "common_name": null, "scientific_name": "Atherosperma moschatum", "collection_method": "desktop", "created_at": null, "created_by": "jayne.balmer", "coord_wgs84": "145.97814306281654, -43.05278669631582", "modified_at": "2026-02-05T02:07:21.045Z", "modified_by": "peter.jackson" }, "geometry": { "type": "Point", "coordinates": [ 416781.152961739804596, 5232816.669121521525085 ] } },
{ "type": "Feature", "properties": { "fid": 1224, "common_name": null, "scientific_name": "Atherosperma moschatum", "collection_method": "desktop", "created_at": null, "created_by": "jayne.balmer", "coord_wgs84": "145.9776785495357, -43.052792061996065", "modified_at": "2026-02-05T02:07:21.045Z", "modified_by": "peter.jackson" }, "geometry": { "type": "Point", "coordinates": [ 416743.330516349116806, 5232815.612518092617393 ] } },
{ "type": "Feature", "properties": { "fid": 1225, "common_name": null, "scientific_name": "Atherosperma moschatum", "collection_method": "desktop", "created_at": null, "created_by": "jayne.balmer", "coord_wgs84": "145.97755281679272, -43.05288396500134", "modified_at": "2026-02-05T02:07:21.045Z", "modified_by": "peter.jackson" }, "geometry": { "type": "Point", "coordinates": [ 416733.215257007512264, 5232805.281889867968857 ] } },
{ "type": "Feature", "properties": { "fid": 1226, "common_name": null, "scientific_name": "Atherosperma moschatum", "collection_method": "desktop", "created_at": null, "created_by": "jayne.balmer", "coord_wgs84": "145.97758846756858, -43.05292519211907", "modified_at": "2026-02-05T02:07:21.054Z", "modified_by": "peter.jackson" }, "geometry": { "type": "Point", "coordinates": [ 416736.174410290084779, 5232800.738968322984874 ] } },
{ "type": "Feature", "properties": { "fid": 1227, "common_name": null, "scientific_name": "Atherosperma moschatum", "collection_method": "desktop", "created_at": null, "created_by": "jayne.balmer", "coord_wgs84": "145.97800331180065, -43.05273412979686", "modified_at": "2026-02-05T02:07:21.055Z", "modified_by": "peter.jackson" }, "geometry": { "type": "Point", "coordinates": [ 416769.700625413039234, 5232822.36806857585907 ] } },
{ "type": "Feature", "properties": { "fid": 1228, "common_name": null, "scientific_name": "Atherosperma moschatum", "collection_method": "desktop", "created_at": null, "created_by": "jayne.balmer", "coord_wgs84": "145.97813532376685, -43.05267796856373", "modified_at": "2026-02-05T02:07:21.057Z", "modified_by": "peter.jackson" }, "geometry": { "type": "Point", "coordinates": [ 416780.375673297501635, 5232828.735724600031972 ] } },
{ "type": "Feature", "properties": { "fid": 1229, "common_name": null, "scientific_name": "Atherosperma moschatum", "collection_method": "desktop", "created_at": null, "created_by": "jayne.balmer", "coord_wgs84": "145.9781097659759, -43.05265354007528", "modified_at": "2026-02-05T02:07:21.057Z", "modified_by": "peter.jackson" }, "geometry": { "type": "Point", "coordinates": [ 416778.261223661596887, 5232831.423176838085055 ] } },
{ "type": "Feature", "properties": { "fid": 1230, "common_name": null, "scientific_name": "Atherosperma moschatum", "collection_method": "desktop", "created_at": null, "created_by": "jayne.balmer", "coord_wgs84": "145.97818179797022, -43.05267258406823", "modified_at": "2026-02-05T02:07:21.057Z", "modified_by": "peter.jackson" }, "geometry": { "type": "Point", "coordinates": [ 416784.153232622833457, 5232829.379761489108205 ] } },
{ "type": "Feature", "properties": { "fid": 1231, "common_name": null, "scientific_name": "Atherosperma moschatum", "collection_method": "desktop", "created_at": null, "created_by": "jayne.balmer", "coord_wgs84": "145.97830936679392, -43.05273309870007", "modified_at": "2026-02-05T02:07:21.057Z", "modified_by": "peter.jackson" }, "geometry": { "type": "Point", "coordinates": [ 416794.624201637809165, 5232822.786069424822927 ] } },
{ "type": "Feature", "properties": { "fid": 1232, "common_name": null, "scientific_name": "Atherosperma moschatum", "collection_method": "desktop", "created_at": null, "created_by": "jayne.balmer", "coord_wgs84": "145.97820111446418, -43.05273921087793", "modified_at": "2026-02-05T02:07:21.057Z", "modified_by": "peter.jackson" }, "geometry": { "type": "Point", "coordinates": [ 416785.816448777215555, 5232821.999971501529217 ] } },
{ "type": "Feature", "properties": { "fid": 1233, "common_name": null, "scientific_name": "Atherosperma moschatum", "collection_method": "desktop", "created_at": null, "created_by": "jayne.balmer", "coord_wgs84": "145.97729549794434, -43.0528198667427", "modified_at": "2026-02-05T02:07:21.064Z", "modified_by": "peter.jackson" }, "geometry": { "type": "Point", "coordinates": [ 416712.172638654243201, 5232812.144686410203576 ] } },
{ "type": "Feature", "properties": { "fid": 1234, "common_name": null, "scientific_name": "Atherosperma moschatum", "collection_method": "desktop", "created_at": null, "created_by": "jayne.balmer", "coord_wgs84": "145.97717280904368, -43.052808613956934", "modified_at": "2026-02-05T02:07:21.064Z", "modified_by": "peter.jackson" }, "geometry": { "type": "Point", "coordinates": [ 416702.165697119839024, 5232813.27254128549248 ] } },
{ "type": "Feature", "properties": { "fid": 1235, "common_name": null, "scientific_name": "Atherosperma moschatum", "collection_method": "desktop", "created_at": null, "created_by": "jayne.balmer", "coord_wgs84": "145.97718443838318, -43.05277832090447", "modified_at": "2026-02-05T02:07:21.064Z", "modified_by": "peter.jackson" }, "geometry": { "type": "Point", "coordinates": [ 416703.071782525803428, 5232816.648144958540797 ] } },
{ "type": "Feature", "properties": { "fid": 1236, "common_name": null, "scientific_name": "Atherosperma moschatum", "collection_method": "desktop", "created_at": null, "created_by": "jayne.balmer", "coord_wgs84": "145.97761205537208, -43.05293974281081", "modified_at": "2026-02-05T02:07:21.070Z", "modified_by": "peter.jackson" }, "geometry": { "type": "Point", "coordinates": [ 416738.115069611289073, 5232799.146509206853807 ] } },
{ "type": "Feature", "properties": { "fid": 1237, "common_name": null, "scientific_name": "Atherosperma moschatum", "collection_method": "desktop", "created_at": null, "created_by": "jayne.balmer", "coord_wgs84": "145.97629251640748, -43.05452874995198", "modified_at": "2026-02-05T02:07:21.070Z", "modified_by": "peter.jackson" }, "geometry": { "type": "Point", "coordinates": [ 416632.805426157370675, 5232621.376288856379688 ] } },
{ "type": "Feature", "properties": { "fid": 1238, "common_name": null, "scientific_name": "Atherosperma moschatum", "collection_method": "desktop", "created_at": null, "created_by": "jayne.balmer", "coord_wgs84": "145.97629858212136, -43.05455425892402", "modified_at": "2026-02-05T02:07:21.070Z", "modified_by": "peter.jackson" }, "geometry": { "type": "Point", "coordinates": [ 416633.333957665308844, 5232618.54952828399837 ] } },
{ "type": "Feature", "properties": { "fid": 1239, "common_name": null, "scientific_name": "Lagarostrobos franklinii", "collection_method": "desktop", "created_at": null, "created_by": "jayne.balmer", "coord_wgs84": "145.9869737222949, -43.012893800658574", "modified_at": "2026-02-05T02:07:21.074Z", "modified_by": "peter.jackson" }, "geometry": { "type": "Point", "coordinates": [ 417446.859427779563703, 5237255.500757133588195 ] } },
{ "type": "Feature", "properties": { "fid": 1240, "common_name": null, "scientific_name": "Melaleuca sp.", "collection_method": "desktop", "created_at": null, "created_by": "jayne.balmer", "coord_wgs84": "145.98712962197496, -43.01297182901014", "modified_at": "2026-02-04T05:21:22.687Z", "modified_by": "peter.jackson" }, "geometry": { "type": "Point", "coordinates": [ 417459.668542177707423, 5237246.988960993476212 ] } },
{ "type": "Feature", "properties": { "fid": 1241, "common_name": null, "scientific_name": "Melaleuca sp.", "collection_method": "desktop", "created_at": null, "created_by": "jayne.balmer", "coord_wgs84": "145.98877161641377, -43.013454145541125", "modified_at": "2026-02-05T02:07:21.074Z", "modified_by": "peter.jackson" }, "geometry": { "type": "Point", "coordinates": [ 417594.123059357225429, 5237195.040315777994692 ] } },
{ "type": "Feature", "properties": { "fid": 1242, "common_name": null, "scientific_name": "Melaleuca sp.", "collection_method": "desktop", "created_at": null, "created_by": "jayne.balmer", "coord_wgs84": "145.98869328848028, -43.01365818835841", "modified_at": "2026-02-05T02:07:21.074Z", "modified_by": "peter.jackson" }, "geometry": { "type": "Point", "coordinates": [ 417588.012860001414083, 5237172.304541270248592 ] } },
{ "type": "Feature", "properties": { "fid": 1243, "common_name": null, "scientific_name": "Melaleuca sp.", "collection_method": "desktop", "created_at": null, "created_by": "jayne.balmer", "coord_wgs84": "145.98877606482816, -43.013594843809884", "modified_at": "2026-02-05T02:07:21.074Z", "modified_by": "peter.jackson" }, "geometry": { "type": "Point", "coordinates": [ 417594.673702269152272, 5237179.42016714438796 ] } },
{ "type": "Feature", "properties": { "fid": 1244, "common_name": null, "scientific_name": "Melaleuca sp.", "collection_method": "desktop", "created_at": null, "created_by": "jayne.balmer", "coord_wgs84": "145.98901812332238, -43.013469395981915", "modified_at": "2026-02-05T02:07:21.074Z", "modified_by": "peter.jackson" }, "geometry": { "type": "Point", "coordinates": [ 417614.231656434771139, 5237193.588611323386431 ] } },
{ "type": "Feature", "properties": { "fid": 1245, "common_name": null, "scientific_name": "Melaleuca sp.", "collection_method": "desktop", "created_at": null, "created_by": "jayne.balmer", "coord_wgs84": "145.98904409335506, -43.01333241354856", "modified_at": "2026-02-05T02:07:21.074Z", "modified_by": "peter.jackson" }, "geometry": { "type": "Point", "coordinates": [ 417616.164874522888567, 5237208.825958148576319 ] } },
{ "type": "Feature", "properties": { "fid": 1246, "common_name": null, "scientific_name": "Melaleuca sp.", "collection_method": "desktop", "created_at": null, "created_by": "jayne.balmer", "coord_wgs84": "145.98959454248742, -43.01307800505066", "modified_at": "2026-02-05T02:07:21.074Z", "modified_by": "peter.jackson" }, "geometry": { "type": "Point", "coordinates": [ 417660.68196489586262, 5237237.617798952385783 ] } },
{ "type": "Feature", "properties": { "fid": 1247, "common_name": null, "scientific_name": "Melaleuca sp.", "collection_method": "desktop", "created_at": null, "created_by": "jayne.balmer", "coord_wgs84": "145.98983976397707, -43.01305375295525", "modified_at": "2026-02-05T02:07:21.086Z", "modified_by": "peter.jackson" }, "geometry": { "type": "Point", "coordinates": [ 417680.633151307702065, 5237240.551385574042797 ] } },
{ "type": "Feature", "properties": { "fid": 1248, "common_name": null, "scientific_name": "Melaleuca sp.", "collection_method": "desktop", "created_at": null, "created_by": "jayne.balmer", "coord_wgs84": "145.9897583747009, -43.01315554146669", "modified_at": "2026-02-05T02:07:21.086Z", "modified_by": "peter.jackson" }, "geometry": { "type": "Point", "coordinates": [ 417674.136550233874004, 5237229.168012057431042 ] } },
{ "type": "Feature", "properties": { "fid": 1249, "common_name": null, "scientific_name": "Melaleuca sp.", "collection_method": "desktop", "created_at": null, "created_by": "jayne.balmer", "coord_wgs84": "145.9896657198007, -43.013157213756244", "modified_at": "2026-02-05T02:07:21.088Z", "modified_by": "peter.jackson" }, "geometry": { "type": "Point", "coordinates": [ 417666.588164082495496, 5237228.891472284682095 ] } },
{ "type": "Feature", "properties": { "fid": 1250, "common_name": null, "scientific_name": "Leptospermum scoparium", "collection_method": "desktop", "created_at": null, "created_by": "jayne.balmer", "coord_wgs84": "145.99511441895874, -42.99236042140157", "modified_at": "2026-02-05T02:07:21.088Z", "modified_by": "peter.jackson" }, "geometry": { "type": "Point", "coordinates": [ 418082.984232155780774, 5239543.693770042620599 ] } },
{ "type": "Feature", "properties": { "fid": 1251, "common_name": null, "scientific_name": "Leptospermum scoparium", "collection_method": "desktop", "created_at": null, "created_by": "jayne.balmer", "coord_wgs84": "145.99463081288562, -42.9922848409273", "modified_at": "2026-02-05T02:07:21.088Z", "modified_by": "peter.jackson" }, "geometry": { "type": "Point", "coordinates": [ 418043.460542058863211, 5239551.615287849679589 ] } },
{ "type": "Feature", "properties": { "fid": 1252, "common_name": null, "scientific_name": "Leptospermum scoparium", "collection_method": "desktop", "created_at": null, "created_by": "jayne.balmer", "coord_wgs84": "145.99465107127855, -42.992257238972904", "modified_at": "2026-02-05T02:07:21.088Z", "modified_by": "peter.jackson" }, "geometry": { "type": "Point", "coordinates": [ 418045.075316292641219, 5239554.7002296699211 ] } },
{ "type": "Feature", "properties": { "fid": 1253, "common_name": null, "scientific_name": "Leptospermum scoparium", "collection_method": "desktop", "created_at": null, "created_by": "jayne.balmer", "coord_wgs84": "145.99480080731166, -42.99225974407549", "modified_at": "2026-02-05T02:07:21.095Z", "modified_by": "peter.jackson" }, "geometry": { "type": "Point", "coordinates": [ 418057.285049318743404, 5239554.568094048649073 ] } },
{ "type": "Feature", "properties": { "fid": 1254, "common_name": null, "scientific_name": "Leptospermum scoparium", "collection_method": "desktop", "created_at": null, "created_by": "jayne.balmer", "coord_wgs84": "145.9945812598223, -42.992205189468564", "modified_at": "2026-02-05T02:07:21.095Z", "modified_by": "peter.jackson" }, "geometry": { "type": "Point", "coordinates": [ 418039.315151488524862, 5239560.412192258052528 ] } },
{ "type": "Feature", "properties": { "fid": 1255, "common_name": null, "scientific_name": "Leptospermum scoparium", "collection_method": "desktop", "created_at": null, "created_by": "jayne.balmer", "coord_wgs84": "145.99453820864505, -42.992143825675214", "modified_at": "2026-02-05T02:07:21.095Z", "modified_by": "peter.jackson" }, "geometry": { "type": "Point", "coordinates": [ 418035.724086401402019, 5239567.184603597037494 ] } },
{ "type": "Feature", "properties": { "fid": 1256, "common_name": null, "scientific_name": "Leptospermum scoparium", "collection_method": "desktop", "created_at": null, "created_by": "jayne.balmer", "coord_wgs84": "145.99513690325742, -42.99212521041984", "modified_at": "2026-02-05T02:07:21.095Z", "modified_by": "peter.jackson" }, "geometry": { "type": "Point", "coordinates": [ 418084.504728926520329, 5239569.835725472308695 ] } },
{ "type": "Feature", "properties": { "fid": 1257, "common_name": null, "scientific_name": "Leptospermum scoparium", "collection_method": "desktop", "created_at": null, "created_by": "jayne.balmer", "coord_wgs84": "145.99510020574627, -42.99212749257648", "modified_at": "2026-02-05T02:07:21.102Z", "modified_by": "peter.jackson" }, "geometry": { "type": "Point", "coordinates": [ 418081.516191538597923, 5239569.546512176282704 ] } },
{ "type": "Feature", "properties": { "fid": 1258, "common_name": null, "scientific_name": "Leptospermum scoparium", "collection_method": "desktop", "created_at": null, "created_by": "jayne.balmer", "coord_wgs84": "145.9951653483629, -42.992030617807835", "modified_at": "2026-02-05T02:07:21.102Z", "modified_by": "peter.jackson" }, "geometry": { "type": "Point", "coordinates": [ 418086.697929751477204, 5239580.367909654043615 ] } },
{ "type": "Feature", "properties": { "fid": 1259, "common_name": null, "scientific_name": "Leptospermum scoparium", "collection_method": "desktop", "created_at": null, "created_by": "jayne.balmer", "coord_wgs84": "145.99520592929468, -42.99204843718419", "modified_at": "2026-02-05T02:07:21.102Z", "modified_by": "peter.jackson" }, "geometry": { "type": "Point", "coordinates": [ 418090.029744708561338, 5239578.428644141182303 ] } },
{ "type": "Feature", "properties": { "fid": 1260, "common_name": null, "scientific_name": "Leptospermum scoparium", "collection_method": "desktop", "created_at": null, "created_by": "jayne.balmer", "coord_wgs84": "145.99509879897957, -42.991977946165434", "modified_at": "2026-02-05T02:07:21.106Z", "modified_by": "peter.jackson" }, "geometry": { "type": "Point", "coordinates": [ 418081.202877135074232, 5239586.15217556618154 ] } },
{ "type": "Feature", "properties": { "fid": 1261, "common_name": null, "scientific_name": "Leptospermum scoparium", "collection_method": "desktop", "created_at": null, "created_by": "jayne.balmer", "coord_wgs84": "145.9951032725853, -42.99192112343611", "modified_at": "2026-02-05T02:07:21.106Z", "modified_by": "peter.jackson" }, "geometry": { "type": "Point", "coordinates": [ 418081.492090430634562, 5239592.466665852814913 ] } },
{ "type": "Feature", "properties": { "fid": 1262, "common_name": null, "scientific_name": "Leptospermum scoparium", "collection_method": "desktop", "created_at": null, "created_by": "jayne.balmer", "coord_wgs84": "145.9952582630979, -42.991964910644214", "modified_at": "2026-02-05T02:07:21.106Z", "modified_by": "peter.jackson" }, "geometry": { "type": "Point", "coordinates": [ 418094.185057345952373, 5239587.755235193297267 ] } },
{ "type": "Feature", "properties": { "fid": 1263, "common_name": null, "scientific_name": "Leptospermum scoparium", "collection_method": "desktop", "created_at": null, "created_by": "jayne.balmer", "coord_wgs84": "145.99543833710794, -42.9919696413296", "modified_at": "2026-02-05T02:07:21.106Z", "modified_by": "peter.jackson" }, "geometry": { "type": "Point", "coordinates": [ 418108.870949081028812, 5239587.405433179810643 ] } },
{ "type": "Feature", "properties": { "fid": 1264, "common_name": null, "scientific_name": "Leptospermum scoparium", "collection_method": "desktop", "created_at": null, "created_by": "jayne.balmer", "coord_wgs84": "145.99540104141994, -42.99197235239364", "modified_at": "2026-02-05T02:07:21.106Z", "modified_by": "peter.jackson" }, "geometry": { "type": "Point", "coordinates": [ 418105.834209477237891, 5239587.068017668090761 ] } },
{ "type": "Feature", "properties": { "fid": 1265, "common_name": null, "scientific_name": "Leptospermum scoparium", "collection_method": "desktop", "created_at": null, "created_by": "jayne.balmer", "coord_wgs84": "145.99539984442376, -42.99202555398381", "modified_at": "2026-02-05T02:07:21.114Z", "modified_by": "peter.jackson" }, "geometry": { "type": "Point", "coordinates": [ 418105.807274366146885, 5239581.158847793005407 ] } },
{ "type": "Feature", "properties": { "fid": 1266, "common_name": null, "scientific_name": "Leptospermum scoparium", "collection_method": "desktop", "created_at": null, "created_by": "jayne.balmer", "coord_wgs84": "145.99552021582804, -42.99202505168302", "modified_at": "2026-02-05T02:07:21.116Z", "modified_by": "peter.jackson" }, "geometry": { "type": "Point", "coordinates": [ 418115.619259311759379, 5239581.331953972578049 ] } },
{ "type": "Feature", "properties": { "fid": 1267, "common_name": null, "scientific_name": "Leptospermum scoparium", "collection_method": "desktop", "created_at": null, "created_by": "jayne.balmer", "coord_wgs84": "145.99564516070737, -42.992050303415894", "modified_at": "2026-02-05T02:07:21.117Z", "modified_by": "peter.jackson" }, "geometry": { "type": "Point", "coordinates": [ 418125.838262358331122, 5239578.649533818475902 ] } },
{ "type": "Feature", "properties": { "fid": 1268, "common_name": null, "scientific_name": "Leptospermum scoparium", "collection_method": "desktop", "created_at": null, "created_by": "jayne.balmer", "coord_wgs84": "145.99578288512032, -42.991980478134934", "modified_at": "2026-02-05T02:07:21.117Z", "modified_by": "peter.jackson" }, "geometry": { "type": "Point", "coordinates": [ 418136.972840970440302, 5239586.537793293595314 ] } },
{ "type": "Feature", "properties": { "fid": 1269, "common_name": null, "scientific_name": "Leptospermum scoparium", "collection_method": "desktop", "created_at": null, "created_by": "jayne.balmer", "coord_wgs84": "145.99393296818636, -42.99046511831413", "modified_at": "2026-02-05T02:07:21.117Z", "modified_by": "peter.jackson" }, "geometry": { "type": "Point", "coordinates": [ 417984.152801715768874, 5239753.013335965573788 ] } },
{ "type": "Feature", "properties": { "fid": 1270, "common_name": null, "scientific_name": "Leptospermum scoparium", "collection_method": "desktop", "created_at": null, "created_by": "jayne.balmer", "coord_wgs84": "145.99398112513478, -42.99049753745459", "modified_at": "2026-02-05T02:07:21.117Z", "modified_by": "peter.jackson" }, "geometry": { "type": "Point", "coordinates": [ 417988.121753017185256, 5239749.460220277309418 ] } },
{ "type": "Feature", "properties": { "fid": 1271, "common_name": null, "scientific_name": "Leptospermum scoparium", "collection_method": "desktop", "created_at": null, "created_by": "jayne.balmer", "coord_wgs84": "145.9938850666762, -42.990574210662146", "modified_at": "2026-02-05T02:07:21.117Z", "modified_by": "peter.jackson" }, "geometry": { "type": "Point", "coordinates": [ 417980.392854557489045, 5239740.851940523833036 ] } },
{ "type": "Feature", "properties": { "fid": 1272, "common_name": null, "scientific_name": "Leptospermum scoparium", "collection_method": "desktop", "created_at": null, "created_by": "jayne.balmer", "coord_wgs84": "145.9943678386332, -42.99049562594873", "modified_at": "2026-02-05T02:07:21.117Z", "modified_by": "peter.jackson" }, "geometry": { "type": "Point", "coordinates": [ 418019.644798368855845, 5239750.049902388826013 ] } },
{ "type": "Feature", "properties": { "fid": 1273, "common_name": null, "scientific_name": "Leptospermum scoparium", "collection_method": "desktop", "created_at": null, "created_by": "jayne.balmer", "coord_wgs84": "145.99384562797414, -42.990488469922475", "modified_at": "2026-02-05T02:07:21.127Z", "modified_by": "peter.jackson" }, "geometry": { "type": "Point", "coordinates": [ 417977.063719924888574, 5239750.334891837090254 ] } },
{ "type": "Feature", "properties": { "fid": 1274, "common_name": null, "scientific_name": "Leptospermum scoparium", "collection_method": "desktop", "created_at": null, "created_by": "jayne.balmer", "coord_wgs84": "145.99261892032646, -42.98550290044682", "modified_at": "2026-02-05T02:07:21.127Z", "modified_by": "peter.jackson" }, "geometry": { "type": "Point", "coordinates": [ 417870.42234226356959, 5240302.780581050552428 ] } },
{ "type": "Feature", "properties": { "fid": 1275, "common_name": null, "scientific_name": "Leptospermum scoparium", "collection_method": "desktop", "created_at": null, "created_by": "jayne.balmer", "coord_wgs84": "145.9926277482186, -42.985538750739565", "modified_at": "2026-02-05T02:07:21.127Z", "modified_by": "peter.jackson" }, "geometry": { "type": "Point", "coordinates": [ 417871.189795800426509, 5240298.808061460964382 ] } },
{ "type": "Feature", "properties": { "fid": 1276, "common_name": null, "scientific_name": "Leptospermum scoparium", "collection_method": "desktop", "created_at": null, "created_by": "jayne.balmer", "coord_wgs84": "145.99284154921605, -42.98505290016111", "modified_at": "2026-02-05T02:07:21.132Z", "modified_by": "peter.jackson" }, "geometry": { "type": "Point", "coordinates": [ 417887.973944001772907, 5240352.970357801765203 ] } },
{ "type": "Feature", "properties": { "fid": 1277, "common_name": null, "scientific_name": "Leptospermum scoparium", "collection_method": "desktop", "created_at": null, "created_by": "jayne.balmer", "coord_wgs84": "145.9928190843792, -42.985132332475644", "modified_at": "2026-02-05T02:07:21.133Z", "modified_by": "peter.jackson" }, "geometry": { "type": "Point", "coordinates": [ 417886.248139589617494, 5240344.127505711279809 ] } },
{ "type": "Feature", "properties": { "fid": 1278, "common_name": null, "scientific_name": "Leptospermum scoparium", "collection_method": "desktop", "created_at": null, "created_by": "jayne.balmer", "coord_wgs84": "145.9927695144965, -42.98512425496207", "modified_at": "2026-02-05T02:07:21.133Z", "modified_by": "peter.jackson" }, "geometry": { "type": "Point", "coordinates": [ 417882.196008668513969, 5240344.976064347662032 ] } },
{ "type": "Feature", "properties": { "fid": 1279, "common_name": null, "scientific_name": "Leptospermum scoparium", "collection_method": "desktop", "created_at": null, "created_by": "jayne.balmer", "coord_wgs84": "145.99229131702134, -42.98487811756617", "modified_at": "2026-02-05T02:07:21.133Z", "modified_by": "peter.jackson" }, "geometry": { "type": "Point", "coordinates": [ 417842.881282286078203, 5240371.841985994949937 ] } },
{ "type": "Feature", "properties": { "fid": 1280, "common_name": null, "scientific_name": "Leptospermum scoparium", "collection_method": "desktop", "created_at": null, "created_by": "jayne.balmer", "coord_wgs84": "145.9924064743431, -42.98487665422572", "modified_at": "2026-02-05T02:07:21.137Z", "modified_by": "peter.jackson" }, "geometry": { "type": "Point", "coordinates": [ 417852.26802332745865, 5240372.117078362032771 ] } },
{ "type": "Feature", "properties": { "fid": 1281, "common_name": null, "scientific_name": "Leptospermum sp.", "collection_method": "desktop", "created_at": null, "created_by": "jayne.balmer", "coord_wgs84": "145.9875146050717, -43.097853007653235", "modified_at": "2026-02-05T02:07:21.137Z", "modified_by": "peter.jackson" }, "geometry": { "type": "Point", "coordinates": [ 417604.7721748513286, 5227821.262599660083652 ] } },
{ "type": "Feature", "properties": { "fid": 1283, "common_name": null, "scientific_name": "Leptospermum sp.", "collection_method": "desktop", "created_at": null, "created_by": "jayne.balmer", "coord_wgs84": "145.98777744600935, -43.09787137421437", "modified_at": "2026-02-05T02:07:21.137Z", "modified_by": "peter.jackson" }, "geometry": { "type": "Point", "coordinates": [ 417626.186727948545013, 5227819.481218541041017 ] } },
{ "type": "Feature", "properties": { "fid": 1285, "common_name": null, "scientific_name": "Leptospermum sp.", "collection_method": "desktop", "created_at": null, "created_by": "jayne.balmer", "coord_wgs84": "145.98797835687455, -43.09803287170964", "modified_at": "2026-02-05T02:07:21.137Z", "modified_by": "peter.jackson" }, "geometry": { "type": "Point", "coordinates": [ 417642.753261192468926, 5227801.74405465926975 ] } },
{ "type": "Feature", "properties": { "fid": 1286, "common_name": null, "scientific_name": "Leptospermum sp.", "collection_method": "desktop", "created_at": null, "created_by": "jayne.balmer", "coord_wgs84": "145.98796904335467, -43.098010155042225", "modified_at": "2026-02-05T02:07:21.137Z", "modified_by": "peter.jackson" }, "geometry": { "type": "Point", "coordinates": [ 417641.964883097447455, 5227804.257624221034348 ] } },
{ "type": "Feature", "properties": { "fid": 1287, "common_name": null, "scientific_name": "Lagarostrobos franklinii", "collection_method": "desktop", "created_at": null, "created_by": "jayne.balmer", "coord_wgs84": "145.98689478752414, -43.097805852259", "modified_at": "2026-02-05T02:07:21.137Z", "modified_by": "peter.jackson" }, "geometry": { "type": "Point", "coordinates": [ 417554.268303107121028, 5227825.890012388117611 ] } },
{ "type": "Feature", "properties": { "fid": 1288, "common_name": null, "scientific_name": "Nothofagus cunninghamii", "collection_method": "desktop", "created_at": null, "created_by": "jayne.balmer", "coord_wgs84": "145.98692081860355, -43.09784469443156", "modified_at": "2026-02-05T02:07:21.148Z", "modified_by": "peter.jackson" }, "geometry": { "type": "Point", "coordinates": [ 417556.43882358452538, 5227821.602130357176065 ] } },
{ "type": "Feature", "properties": { "fid": 1289, "common_name": null, "scientific_name": "Nothofagus cunninghamii", "collection_method": "desktop", "created_at": null, "created_by": "jayne.balmer", "coord_wgs84": "145.98741644194627, -43.09700757981564", "modified_at": "2026-02-05T02:07:21.149Z", "modified_by": "peter.jackson" }, "geometry": { "type": "Point", "coordinates": [ 417595.64990548620699, 5227915.052061318419874 ] } },
{ "type": "Feature", "properties": { "fid": 1290, "common_name": null, "scientific_name": "Nothofagus cunninghamii", "collection_method": "desktop", "created_at": null, "created_by": "jayne.balmer", "coord_wgs84": "145.98761756901442, -43.09696920959703", "modified_at": "2026-02-05T02:07:21.151Z", "modified_by": "peter.jackson" }, "geometry": { "type": "Point", "coordinates": [ 417611.966355579788797, 5227919.510766291990876 ] } },
{ "type": "Feature", "properties": { "fid": 1291, "common_name": null, "scientific_name": "Nothofagus cunninghamii", "collection_method": "desktop", "created_at": null, "created_by": "jayne.balmer", "coord_wgs84": "145.9876907954106, -43.09701847143923", "modified_at": "2026-02-05T02:07:21.154Z", "modified_by": "peter.jackson" }, "geometry": { "type": "Point", "coordinates": [ 417617.991632571502123, 5227914.112118108198047 ] } },
{ "type": "Feature", "properties": { "fid": 1292, "common_name": null, "scientific_name": "Nothofagus cunninghamii", "collection_method": "desktop", "created_at": null, "created_by": "jayne.balmer", "coord_wgs84": "145.9877102861937, -43.09666228609273", "modified_at": "2026-02-05T02:07:21.155Z", "modified_by": "peter.jackson" }, "geometry": { "type": "Point", "coordinates": [ 417619.100283537991345, 5227953.686137389391661 ] } },
{ "type": "Feature", "properties": { "fid": 1293, "common_name": null, "scientific_name": "Nothofagus cunninghamii", "collection_method": "desktop", "created_at": null, "created_by": "jayne.balmer", "coord_wgs84": "145.98754833562566, -43.09662865109413", "modified_at": "2026-02-05T02:07:21.157Z", "modified_by": "peter.jackson" }, "geometry": { "type": "Point", "coordinates": [ 417605.875430341577157, 5227957.262225263752043 ] } },
{ "type": "Feature", "properties": { "fid": 1294, "common_name": null, "scientific_name": "Nothofagus cunninghamii", "collection_method": "desktop", "created_at": null, "created_by": "jayne.balmer", "coord_wgs84": "145.98750849140723, -43.09653586425641", "modified_at": "2026-02-05T02:07:21.159Z", "modified_by": "peter.jackson" }, "geometry": { "type": "Point", "coordinates": [ 417602.508432625734713, 5227967.52717724442482 ] } },
{ "type": "Feature", "properties": { "fid": 1295, "common_name": null, "scientific_name": "Nothofagus cunninghamii", "collection_method": "desktop", "created_at": null, "created_by": "jayne.balmer", "coord_wgs84": "145.98753327681214, -43.09650538631045", "modified_at": "2026-02-05T02:07:21.161Z", "modified_by": "peter.jackson" }, "geometry": { "type": "Point", "coordinates": [ 417604.484638374007773, 5227970.936150175519288 ] } },
{ "type": "Feature", "properties": { "fid": 1296, "common_name": null, "scientific_name": "Nothofagus cunninghamii", "collection_method": "desktop", "created_at": null, "created_by": "jayne.balmer", "coord_wgs84": "145.9874306458576, -43.09639680214809", "modified_at": "2026-02-05T02:07:21.161Z", "modified_by": "peter.jackson" }, "geometry": { "type": "Point", "coordinates": [ 417595.986759008723311, 5227982.893714462406933 ] } },
{ "type": "Feature", "properties": { "fid": 1297, "common_name": null, "scientific_name": "Nothofagus cunninghamii", "collection_method": "desktop", "created_at": null, "created_by": "jayne.balmer", "coord_wgs84": "145.98711949907036, -43.09622331274867", "modified_at": "2026-02-05T02:07:21.164Z", "modified_by": "peter.jackson" }, "geometry": { "type": "Point", "coordinates": [ 417570.432384763495065, 5228001.854123830795288 ] } },
{ "type": "Feature", "properties": { "fid": 1298, "common_name": null, "scientific_name": "Nothofagus cunninghamii", "collection_method": "desktop", "created_at": null, "created_by": "jayne.balmer", "coord_wgs84": "145.98719568523705, -43.09611209591599", "modified_at": "2026-02-05T02:07:21.164Z", "modified_by": "peter.jackson" }, "geometry": { "type": "Point", "coordinates": [ 417576.483382207283285, 5228014.27979551628232 ] } },
{ "type": "Feature", "properties": { "fid": 1299, "common_name": null, "scientific_name": "Acacia melanoxylon", "collection_method": "desktop", "created_at": null, "created_by": "jayne.balmer", "coord_wgs84": "145.98665610460037, -43.095882248550836", "modified_at": "2026-02-05T02:07:21.164Z", "modified_by": "peter.jackson" }, "geometry": { "type": "Point", "coordinates": [ 417532.262733021052554, 5228039.274123718030751 ] } },
{ "type": "Feature", "properties": { "fid": 1300, "common_name": null, "scientific_name": "Acacia melanoxylon", "collection_method": "desktop", "created_at": null, "created_by": "jayne.balmer", "coord_wgs84": "145.98668017466736, -43.09591000196527", "modified_at": "2026-02-05T02:07:21.164Z", "modified_by": "peter.jackson" }, "geometry": { "type": "Point", "coordinates": [ 417534.258857307839207, 5228036.215741983614862 ] } },
{ "type": "Feature", "properties": { "fid": 1301, "common_name": null, "scientific_name": "Acacia melanoxylon", "collection_method": "desktop", "created_at": null, "created_by": "jayne.balmer", "coord_wgs84": "145.98671264940964, -43.09594923762698", "modified_at": "2026-02-05T02:07:21.169Z", "modified_by": "peter.jackson" }, "geometry": { "type": "Point", "coordinates": [ 417536.954380366310943, 5228031.890506092458963 ] } },
{ "type": "Feature", "properties": { "fid": 1302, "common_name": null, "scientific_name": "Acacia melanoxylon", "collection_method": "desktop", "created_at": null, "created_by": "jayne.balmer", "coord_wgs84": "145.9867798939298, -43.095900322175204", "modified_at": "2026-02-05T02:07:21.169Z", "modified_by": "peter.jackson" }, "geometry": { "type": "Point", "coordinates": [ 417542.36125409998931, 5228037.388761853799224 ] } },
{ "type": "Feature", "properties": { "fid": 1303, "common_name": null, "scientific_name": "Lagarostrobos franklinii", "collection_method": "desktop", "created_at": null, "created_by": "jayne.balmer", "coord_wgs84": "145.98692252089802, -43.09599021028447", "modified_at": "2026-02-05T02:07:21.172Z", "modified_by": "peter.jackson" }, "geometry": { "type": "Point", "coordinates": [ 417554.089172540756408, 5228027.54681140370667 ] } },
{ "type": "Feature", "properties": { "fid": 1304, "common_name": null, "scientific_name": "Lagarostrobos franklinii", "collection_method": "desktop", "created_at": null, "created_by": "jayne.balmer", "coord_wgs84": "145.9868749336737, -43.09599522722685", "modified_at": "2026-02-05T02:07:21.175Z", "modified_by": "peter.jackson" }, "geometry": { "type": "Point", "coordinates": [ 417550.22314993897453, 5228026.942882632836699 ] } },
{ "type": "Feature", "properties": { "fid": 1305, "common_name": null, "scientific_name": "Lagarostrobos franklinii", "collection_method": "desktop", "created_at": null, "created_by": "jayne.balmer", "coord_wgs84": "145.98691525362705, -43.095961942150225", "modified_at": "2026-02-05T02:07:21.177Z", "modified_by": "peter.jackson" }, "geometry": { "type": "Point", "coordinates": [ 417553.459818584320601, 5228030.678880508989096 ] } },
{ "type": "Feature", "properties": { "fid": 1306, "common_name": null, "scientific_name": "Lagarostrobos franklinii", "collection_method": "desktop", "created_at": null, "created_by": "jayne.balmer", "coord_wgs84": "145.98701834549905, -43.095502665542696", "modified_at": "2026-02-05T02:07:21.179Z", "modified_by": "peter.jackson" }, "geometry": { "type": "Point", "coordinates": [ 417561.23352330958005, 5228081.783526236191392 ] } },
{ "type": "Feature", "properties": { "fid": 1307, "common_name": null, "scientific_name": "Lagarostrobos franklinii", "collection_method": "desktop", "created_at": null, "created_by": "jayne.balmer", "coord_wgs84": "145.98704279681337, -43.09567216284041", "modified_at": "2026-02-05T02:07:21.180Z", "modified_by": "peter.jackson" }, "geometry": { "type": "Point", "coordinates": [ 417563.450825242558494, 5228062.984662022441626 ] } },
{ "type": "Feature", "properties": { "fid": 1308, "common_name": null, "scientific_name": "Lagarostrobos franklinii", "collection_method": "desktop", "created_at": null, "created_by": "jayne.balmer", "coord_wgs84": "145.98699099251593, -43.09565170045078", "modified_at": "2026-02-05T02:07:21.180Z", "modified_by": "peter.jackson" }, "geometry": { "type": "Point", "coordinates": [ 417559.207402422325686, 5228065.206106941215694 ] } },
{ "type": "Feature", "properties": { "fid": 1309, "common_name": null, "scientific_name": "Acacia melanoxylon", "collection_method": "desktop", "created_at": null, "created_by": "jayne.balmer", "coord_wgs84": "145.98719108403438, -43.095659151741806", "modified_at": "2026-02-05T02:07:21.182Z", "modified_by": "peter.jackson" }, "geometry": { "type": "Point", "coordinates": [ 417575.501379225985147, 5228064.575335147790611 ] } },
{ "type": "Feature", "properties": { "fid": 1310, "common_name": null, "scientific_name": "Acacia melanoxylon", "collection_method": "desktop", "created_at": null, "created_by": "jayne.balmer", "coord_wgs84": "145.98754880295746, -43.09569660775964", "modified_at": "2026-02-05T02:07:21.184Z", "modified_by": "peter.jackson" }, "geometry": { "type": "Point", "coordinates": [ 417604.663719865959138, 5228060.767360089346766 ] } },
{ "type": "Feature", "properties": { "fid": 1311, "common_name": null, "scientific_name": "Leptospermum scoparium", "collection_method": "desktop", "created_at": null, "created_by": "jayne.balmer", "coord_wgs84": "145.99375943966842, -43.103778892285156", "modified_at": "2026-02-05T02:07:21.186Z", "modified_by": "peter.jackson" }, "geometry": { "type": "Point", "coordinates": [ 418120.872985234833322, 5227169.302293438464403 ] } },
{ "type": "Feature", "properties": { "fid": 1312, "common_name": null, "scientific_name": "Leptospermum scoparium", "collection_method": "desktop", "created_at": null, "created_by": "jayne.balmer", "coord_wgs84": "145.9937173380388, -43.103738883671596", "modified_at": "2026-02-05T02:07:21.188Z", "modified_by": "peter.jackson" }, "geometry": { "type": "Point", "coordinates": [ 418117.393769158050418, 5227173.704191377386451 ] } },
{ "type": "Feature", "properties": { "fid": 1313, "common_name": null, "scientific_name": "Leptospermum scoparium", "collection_method": "desktop", "created_at": null, "created_by": "jayne.balmer", "coord_wgs84": "145.99362171442417, -43.10372789247327", "modified_at": "2026-02-05T02:07:21.188Z", "modified_by": "peter.jackson" }, "geometry": { "type": "Point", "coordinates": [ 418109.59803818014916, 5227174.831384366378188 ] } },
{ "type": "Feature", "properties": { "fid": 1314, "common_name": null, "scientific_name": "Leptospermum scoparium", "collection_method": "desktop", "created_at": null, "created_by": "jayne.balmer", "coord_wgs84": "145.99361099003656, -43.10385999253469", "modified_at": "2026-02-05T02:07:21.190Z", "modified_by": "peter.jackson" }, "geometry": { "type": "Point", "coordinates": [ 418108.901466307113878, 5227160.151001227088273 ] } },
{ "type": "Feature", "properties": { "fid": 1315, "common_name": null, "scientific_name": "Leptospermum scoparium", "collection_method": "desktop", "created_at": null, "created_by": "jayne.balmer", "coord_wgs84": "145.99387594221588, -43.10385280424732", "modified_at": "2026-02-05T02:07:21.192Z", "modified_by": "peter.jackson" }, "geometry": { "type": "Point", "coordinates": [ 418130.45151857403107, 5227161.208031940273941 ] } },
{ "type": "Feature", "properties": { "fid": 1316, "common_name": null, "scientific_name": "Leptospermum scoparium", "collection_method": "desktop", "created_at": null, "created_by": "jayne.balmer", "coord_wgs84": "145.9937688810004, -43.10386189450478", "modified_at": "2026-02-05T02:07:21.194Z", "modified_by": "peter.jackson" }, "geometry": { "type": "Point", "coordinates": [ 418121.751870947657153, 5227160.093994158320129 ] } },
{ "type": "Feature", "properties": { "fid": 1317, "common_name": null, "scientific_name": "Leptospermum scoparium", "collection_method": "desktop", "created_at": null, "created_by": "jayne.balmer", "coord_wgs84": "145.99377885324665, -43.10397702111293", "modified_at": "2026-02-05T02:07:21.196Z", "modified_by": "peter.jackson" }, "geometry": { "type": "Point", "coordinates": [ 418122.716771718754899, 5227147.318752004764974 ] } },
{ "type": "Feature", "properties": { "fid": 1318, "common_name": null, "scientific_name": "Leptospermum scoparium", "collection_method": "desktop", "created_at": null, "created_by": "jayne.balmer", "coord_wgs84": "145.99382826290756, -43.103947940882215", "modified_at": "2026-02-05T02:07:21.198Z", "modified_by": "peter.jackson" }, "geometry": { "type": "Point", "coordinates": [ 418126.69855998037383, 5227150.596407076343894 ] } },
{ "type": "Feature", "properties": { "fid": 1319, "common_name": null, "scientific_name": "Lagarostrobos franklinii", "collection_method": "desktop", "created_at": null, "created_by": "jayne.balmer", "coord_wgs84": "145.99413399457947, -43.10416553991003", "modified_at": "2026-02-05T02:07:21.200Z", "modified_by": "peter.jackson" }, "geometry": { "type": "Point", "coordinates": [ 418151.86637169891037, 5227126.73022778891027 ] } },
{ "type": "Feature", "properties": { "fid": 1320, "common_name": null, "scientific_name": "Lagarostrobos franklinii", "collection_method": "desktop", "created_at": null, "created_by": "jayne.balmer", "coord_wgs84": "145.99415493894898, -43.1041367840031", "modified_at": "2026-02-05T02:07:21.200Z", "modified_by": "peter.jackson" }, "geometry": { "type": "Point", "coordinates": [ 418153.532332096656319, 5227129.944060923531651 ] } },
{ "type": "Feature", "properties": { "fid": 1321, "common_name": null, "scientific_name": "Lagarostrobos franklinii", "collection_method": "desktop", "created_at": null, "created_by": "jayne.balmer", "coord_wgs84": "145.9941752235758, -43.10410286624828", "modified_at": "2026-02-05T02:07:21.203Z", "modified_by": "peter.jackson" }, "geometry": { "type": "Point", "coordinates": [ 418155.137732839444652, 5227133.730480464175344 ] } },
{ "type": "Feature", "properties": { "fid": 1322, "common_name": null, "scientific_name": "Lagarostrobos franklinii", "collection_method": "desktop", "created_at": null, "created_by": "jayne.balmer", "coord_wgs84": "145.99407951297908, -43.10411984069397", "modified_at": "2026-02-05T02:07:21.205Z", "modified_by": "peter.jackson" }, "geometry": { "type": "Point", "coordinates": [ 418147.372238493349869, 5227131.752004578709602 ] } },
{ "type": "Feature", "properties": { "fid": 1323, "common_name": null, "scientific_name": "Lagarostrobos franklinii", "collection_method": "desktop", "created_at": null, "created_by": "jayne.balmer", "coord_wgs84": "145.9942511167543, -43.10410438685407", "modified_at": "2026-02-05T02:07:21.205Z", "modified_by": "peter.jackson" }, "geometry": { "type": "Point", "coordinates": [ 418161.315297530090902, 5227133.635700053535402 ] } },
{ "type": "Feature", "properties": { "fid": 1324, "common_name": null, "scientific_name": "Eucalyptus nitida", "collection_method": "desktop", "created_at": null, "created_by": "jayne.balmer", "coord_wgs84": "145.99364328342102, -43.104647179282026", "modified_at": "2026-02-05T02:07:21.207Z", "modified_by": "peter.jackson" }, "geometry": { "type": "Point", "coordinates": [ 418112.578551039507147, 5227072.7642792603001 ] } },
{ "type": "Feature", "properties": { "fid": 1325, "common_name": null, "scientific_name": "Eucalyptus nitida", "collection_method": "desktop", "created_at": null, "created_by": "jayne.balmer", "coord_wgs84": "145.9936043067684, -43.104462018120394", "modified_at": "2026-02-05T02:07:21.209Z", "modified_by": "peter.jackson" }, "geometry": { "type": "Point", "coordinates": [ 418109.160162383283023, 5227093.288633525371552 ] } },
{ "type": "Feature", "properties": { "fid": 1326, "common_name": null, "scientific_name": "Eucalyptus nitida", "collection_method": "desktop", "created_at": null, "created_by": "jayne.balmer", "coord_wgs84": "145.9938408150518, -43.10477835235109", "modified_at": "2026-02-05T02:07:21.211Z", "modified_by": "peter.jackson" }, "geometry": { "type": "Point", "coordinates": [ 418128.826666484295856, 5227058.390229189768434 ] } },
{ "type": "Feature", "properties": { "fid": 1327, "common_name": null, "scientific_name": "Eucalyptus nitida", "collection_method": "desktop", "created_at": null, "created_by": "jayne.balmer", "coord_wgs84": "145.9939208173727, -43.104667938311465", "modified_at": "2026-02-05T02:07:21.211Z", "modified_by": "peter.jackson" }, "geometry": { "type": "Point", "coordinates": [ 418135.189358987554442, 5227070.729996468871832 ] } },
{ "type": "Feature", "properties": { "fid": 1328, "common_name": null, "scientific_name": "Eucalyptus nitida", "collection_method": "desktop", "created_at": null, "created_by": "jayne.balmer", "coord_wgs84": "145.99360810545477, -43.104736372908306", "modified_at": "2026-02-05T02:07:21.213Z", "modified_by": "peter.jackson" }, "geometry": { "type": "Point", "coordinates": [ 418109.834993406373542, 5227062.824833055026829 ] } },
{ "type": "Feature", "properties": { "fid": 1329, "common_name": null, "scientific_name": "Eucalyptus nitida", "collection_method": "desktop", "created_at": null, "created_by": "jayne.balmer", "coord_wgs84": "145.99346596930232, -43.10473425454087", "modified_at": "2026-02-05T02:07:21.215Z", "modified_by": "peter.jackson" }, "geometry": { "type": "Point", "coordinates": [ 418098.266461582214106, 5227062.921237487345934 ] } },
{ "type": "Feature", "properties": { "fid": 1330, "common_name": null, "scientific_name": "Eucalyptus nitida", "collection_method": "desktop", "created_at": null, "created_by": "jayne.balmer", "coord_wgs84": "145.99331290600483, -43.10431448105197", "modified_at": "2026-02-05T02:07:21.217Z", "modified_by": "peter.jackson" }, "geometry": { "type": "Point", "coordinates": [ 418085.251863280136604, 5227109.388173647224903 ] } },
{ "type": "Feature", "properties": { "fid": 1331, "common_name": null, "scientific_name": "Eucalyptus nitida", "collection_method": "desktop", "created_at": null, "created_by": "jayne.balmer", "coord_wgs84": "145.9936997398707, -43.10485610931803", "modified_at": "2026-02-05T02:07:21.217Z", "modified_by": "peter.jackson" }, "geometry": { "type": "Point", "coordinates": [ 418117.450943523901515, 5227049.617425889708102 ] } },
{ "type": "Feature", "properties": { "fid": 1332, "common_name": null, "scientific_name": "Eucalyptus nitida", "collection_method": "desktop", "created_at": null, "created_by": "jayne.balmer", "coord_wgs84": "145.99326795805476, -43.10468511187147", "modified_at": "2026-02-05T02:07:21.219Z", "modified_by": "peter.jackson" }, "geometry": { "type": "Point", "coordinates": [ 418082.088630206999369, 5227068.185147958807647 ] } },
{ "type": "Feature", "properties": { "fid": 1333, "common_name": null, "scientific_name": "Eucalyptus nitida", "collection_method": "desktop", "created_at": null, "created_by": "jayne.balmer", "coord_wgs84": "145.99195908051774, -43.103481333856095", "modified_at": "2026-02-05T02:07:21.221Z", "modified_by": "peter.jackson" }, "geometry": { "type": "Point", "coordinates": [ 417973.977047796710394, 5227200.586766192689538 ] } },
{ "type": "Feature", "properties": { "fid": 1334, "common_name": null, "scientific_name": "Eucalyptus nitida", "collection_method": "desktop", "created_at": null, "created_by": "jayne.balmer", "coord_wgs84": "145.99197329895298, -43.1035895382852", "modified_at": "2026-02-05T02:07:21.221Z", "modified_by": "peter.jackson" }, "geometry": { "type": "Point", "coordinates": [ 417975.278507626964711, 5227188.584414425306022 ] } },
{ "type": "Feature", "properties": { "fid": 1335, "common_name": null, "scientific_name": "Leptospermum scoparium", "collection_method": "desktop", "created_at": null, "created_by": "jayne.balmer", "coord_wgs84": "145.99192377304624, -43.10334918021972", "modified_at": "2026-02-05T02:07:21.221Z", "modified_by": "peter.jackson" }, "geometry": { "type": "Point", "coordinates": [ 417970.927539833763149, 5227215.228079251013696 ] } },
{ "type": "Feature", "properties": { "fid": 1336, "common_name": null, "scientific_name": "Leptospermum scoparium", "collection_method": "desktop", "created_at": null, "created_by": "jayne.balmer", "coord_wgs84": "145.99304871141388, -43.1031299370174", "modified_at": "2026-02-05T02:07:21.229Z", "modified_by": "peter.jackson" }, "geometry": { "type": "Point", "coordinates": [ 418062.174130378756672, 5227240.675382734276354 ] } },
{ "type": "Feature", "properties": { "fid": 1337, "common_name": null, "scientific_name": "Leptospermum scoparium", "collection_method": "desktop", "created_at": null, "created_by": "jayne.balmer", "coord_wgs84": "145.99311404200037, -43.10295547952665", "modified_at": "2026-02-05T02:07:21.231Z", "modified_by": "peter.jackson" }, "geometry": { "type": "Point", "coordinates": [ 418067.257592490117531, 5227260.112989756278694 ] } },
{ "type": "Feature", "properties": { "fid": 1338, "common_name": null, "scientific_name": "Leptospermum scoparium", "collection_method": "desktop", "created_at": null, "created_by": "jayne.balmer", "coord_wgs84": "145.9931649309239, -43.102893627376126", "modified_at": "2026-02-05T02:07:21.232Z", "modified_by": "peter.jackson" }, "geometry": { "type": "Point", "coordinates": [ 418071.316090483334847, 5227267.031491466797888 ] } },
{ "type": "Feature", "properties": { "fid": 1339, "common_name": null, "scientific_name": "Dicksonia antarctica", "collection_method": "desktop", "created_at": null, "created_by": "jayne.balmer", "coord_wgs84": "145.9927677587218, -43.10289727539115", "modified_at": "2026-02-05T02:07:21.234Z", "modified_by": "peter.jackson" }, "geometry": { "type": "Point", "coordinates": [ 418039.001837091345806, 5227266.238184292800725 ] } },
{ "type": "Feature", "properties": { "fid": 1340, "common_name": null, "scientific_name": "Dicksonia antarctica", "collection_method": "desktop", "created_at": null, "created_by": "jayne.balmer", "coord_wgs84": "145.99287125586943, -43.10243765624511", "modified_at": "2026-02-05T02:07:21.236Z", "modified_by": "peter.jackson" }, "geometry": { "type": "Point", "coordinates": [ 418046.810596072580665, 5227317.380735400132835 ] } },
{ "type": "Feature", "properties": { "fid": 1341, "common_name": null, "scientific_name": "Dicksonia antarctica", "collection_method": "desktop", "created_at": null, "created_by": "jayne.balmer", "coord_wgs84": "145.9926588156234, -43.102424500771335", "modified_at": "2026-02-05T02:07:21.237Z", "modified_by": "peter.jackson" }, "geometry": { "type": "Point", "coordinates": [ 418029.506000552384648, 5227318.633993013761938 ] } },
{ "type": "Feature", "properties": { "fid": 1342, "common_name": null, "scientific_name": "Dicksonia antarctica", "collection_method": "desktop", "created_at": null, "created_by": "jayne.balmer", "coord_wgs84": "145.99259298266068, -43.102465590252436", "modified_at": "2026-02-05T02:07:21.239Z", "modified_by": "peter.jackson" }, "geometry": { "type": "Point", "coordinates": [ 418024.203756799630355, 5227314.006580284796655 ] } },
{ "type": "Feature", "properties": { "fid": 1343, "common_name": null, "scientific_name": "Dicksonia antarctica", "collection_method": "desktop", "created_at": null, "created_by": "jayne.balmer", "coord_wgs84": "145.99265164405452, -43.10226579127381", "modified_at": "2026-02-05T02:07:21.240Z", "modified_by": "peter.jackson" }, "geometry": { "type": "Point", "coordinates": [ 418028.71066398936091, 5227336.251902937889099 ] } },
{ "type": "Feature", "properties": { "fid": 1344, "common_name": null, "scientific_name": "Dicksonia antarctica", "collection_method": "desktop", "created_at": null, "created_by": "jayne.balmer", "coord_wgs84": "145.99271001459684, -43.10226435191004", "modified_at": "2026-02-05T02:07:21.243Z", "modified_by": "peter.jackson" }, "geometry": { "type": "Point", "coordinates": [ 418033.458582258841489, 5227336.468812909908593 ] } },
{ "type": "Feature", "properties": { "fid": 1345, "common_name": null, "scientific_name": "Dicksonia antarctica", "collection_method": "desktop", "created_at": null, "created_by": "jayne.balmer", "coord_wgs84": "145.99258992110464, -43.10221880418499", "modified_at": "2026-02-05T02:07:21.245Z", "modified_by": "peter.jackson" }, "geometry": { "type": "Point", "coordinates": [ 418023.625330208393279, 5227341.409540043212473 ] } },
{ "type": "Feature", "properties": { "fid": 1346, "common_name": null, "scientific_name": "Leptospermum scoparium", "collection_method": "desktop", "created_at": null, "created_by": "jayne.balmer", "coord_wgs84": "145.9923017987961, -43.101836295390825", "modified_at": "2026-02-05T02:07:21.246Z", "modified_by": "peter.jackson" }, "geometry": { "type": "Point", "coordinates": [ 417999.669136440206785, 5227383.605946963652968 ] } },
{ "type": "Feature", "properties": { "fid": 1347, "common_name": null, "scientific_name": "Leptospermum scoparium", "collection_method": "desktop", "created_at": null, "created_by": "jayne.balmer", "coord_wgs84": "145.99228521983434, -43.10186364836129", "modified_at": "2026-02-05T02:07:21.248Z", "modified_by": "peter.jackson" }, "geometry": { "type": "Point", "coordinates": [ 417998.356541109329555, 5227380.552145086228848 ] } },
{ "type": "Feature", "properties": { "fid": 1348, "common_name": null, "scientific_name": "Lagarostrobos franklinii", "collection_method": "desktop", "created_at": null, "created_by": "jayne.balmer", "coord_wgs84": "145.99231586969714, -43.10143876229822", "modified_at": "2026-02-05T02:07:21.250Z", "modified_by": "peter.jackson" }, "geometry": { "type": "Point", "coordinates": [ 418000.283566734928172, 5227427.766334022395313 ] } },
{ "type": "Feature", "properties": { "fid": 1349, "common_name": null, "scientific_name": "Lagarostrobos franklinii", "collection_method": "desktop", "created_at": null, "created_by": "jayne.balmer", "coord_wgs84": "145.992264999801, -43.101537731137455", "modified_at": "2026-02-05T02:07:21.252Z", "modified_by": "peter.jackson" }, "geometry": { "type": "Point", "coordinates": [ 417996.276127765187994, 5227416.725948789156973 ] } },
{ "type": "Feature", "properties": { "fid": 1350, "common_name": null, "scientific_name": "Lagarostrobos franklinii", "collection_method": "desktop", "created_at": null, "created_by": "jayne.balmer", "coord_wgs84": "145.99215043570777, -43.10143993227586", "modified_at": "2026-02-05T02:07:21.253Z", "modified_by": "peter.jackson" }, "geometry": { "type": "Point", "coordinates": [ 417986.822938342927955, 5227427.474596595391631 ] } },
{ "type": "Feature", "properties": { "fid": 1351, "common_name": null, "scientific_name": "Lagarostrobos franklinii", "collection_method": "desktop", "created_at": null, "created_by": "jayne.balmer", "coord_wgs84": "145.99220010456472, -43.10137309154233", "modified_at": "2026-02-05T02:07:21.254Z", "modified_by": "peter.jackson" }, "geometry": { "type": "Point", "coordinates": [ 417990.77552004950121, 5227434.945940065197647 ] } },
{ "type": "Feature", "properties": { "fid": 1352, "common_name": null, "scientific_name": "Lagarostrobos franklinii", "collection_method": "desktop", "created_at": null, "created_by": "jayne.balmer", "coord_wgs84": "145.99234163966693, -43.101223727947826", "modified_at": "2026-02-05T02:07:21.255Z", "modified_by": "peter.jackson" }, "geometry": { "type": "Point", "coordinates": [ 418002.09360360307619, 5227451.671411700546741 ] } },
{ "type": "Feature", "properties": { "fid": 1353, "common_name": null, "scientific_name": "Lagarostrobos franklinii", "collection_method": "desktop", "created_at": null, "created_by": "jayne.balmer", "coord_wgs84": "145.99227836956513, -43.10105768443592", "modified_at": "2026-02-05T02:07:21.255Z", "modified_by": "peter.jackson" }, "geometry": { "type": "Point", "coordinates": [ 417996.723359205236193, 5227470.048903281800449 ] } },
{ "type": "Feature", "properties": { "fid": 1354, "common_name": null, "scientific_name": "Lagarostrobos franklinii", "collection_method": "desktop", "created_at": null, "created_by": "jayne.balmer", "coord_wgs84": "145.99225423947436, -43.10110619166532", "modified_at": "2026-02-05T02:07:21.255Z", "modified_by": "peter.jackson" }, "geometry": { "type": "Point", "coordinates": [ 417994.824506187869702, 5227464.638505076989532 ] } },
{ "type": "Feature", "properties": { "fid": 1355, "common_name": null, "scientific_name": "Leptospermum sp.", "collection_method": "desktop", "created_at": null, "created_by": "jayne.balmer", "coord_wgs84": "145.99163155029552, -43.10093402934275", "modified_at": "2026-02-05T02:07:21.255Z", "modified_by": "peter.jackson" }, "geometry": { "type": "Point", "coordinates": [ 417943.922966161742806, 5227483.148155995644629 ] } },
{ "type": "Feature", "properties": { "fid": 1356, "common_name": null, "scientific_name": "Lagarostrobos franklinii", "collection_method": "desktop", "created_at": null, "created_by": "jayne.balmer", "coord_wgs84": "145.99203179622737, -43.10126229695491", "modified_at": "2026-02-05T02:07:21.262Z", "modified_by": "peter.jackson" }, "geometry": { "type": "Point", "coordinates": [ 417976.931498345395084, 5227447.085198576562107 ] } },
{ "type": "Feature", "properties": { "fid": 1357, "common_name": null, "scientific_name": "Eucalyptus nitida", "collection_method": "desktop", "created_at": null, "created_by": "jayne.balmer", "coord_wgs84": "145.992120237963, -43.100211513104924", "modified_at": "2026-02-05T02:07:21.263Z", "modified_by": "peter.jackson" }, "geometry": { "type": "Point", "coordinates": [ 417982.725749988516327, 5227563.862766575999558 ] } },
{ "type": "Feature", "properties": { "fid": 1358, "common_name": null, "scientific_name": "Eucalyptus nitida", "collection_method": "desktop", "created_at": null, "created_by": "jayne.balmer", "coord_wgs84": "145.99222771696984, -43.1003036109407", "modified_at": "2026-02-05T02:07:21.263Z", "modified_by": "peter.jackson" }, "geometry": { "type": "Point", "coordinates": [ 417991.594957720371895, 5227553.740301228128374 ] } },
{ "type": "Feature", "properties": { "fid": 1359, "common_name": null, "scientific_name": "Eucalyptus nitida", "collection_method": "desktop", "created_at": null, "created_by": "jayne.balmer", "coord_wgs84": "145.99202651304924, -43.100219802603874", "modified_at": "2026-02-05T02:07:21.263Z", "modified_by": "peter.jackson" }, "geometry": { "type": "Point", "coordinates": [ 417975.109799870988354, 5227562.850520041771233 ] } },
{ "type": "Feature", "properties": { "fid": 1360, "common_name": null, "scientific_name": "Eucalyptus nitida", "collection_method": "desktop", "created_at": null, "created_by": "jayne.balmer", "coord_wgs84": "145.99188803615314, -43.099868952832544", "modified_at": "2026-02-05T02:07:21.263Z", "modified_by": "peter.jackson" }, "geometry": { "type": "Point", "coordinates": [ 417963.372560291085392, 5227601.677404976449907 ] } },
{ "type": "Feature", "properties": { "fid": 1361, "common_name": null, "scientific_name": "Eucalyptus nitida", "collection_method": "desktop", "created_at": null, "created_by": "jayne.balmer", "coord_wgs84": "145.99190334738714, -43.099928553012305", "modified_at": "2026-02-05T02:07:21.263Z", "modified_by": "peter.jackson" }, "geometry": { "type": "Point", "coordinates": [ 417964.698121229303069, 5227595.073701391927898 ] } },
{ "type": "Feature", "properties": { "fid": 1362, "common_name": null, "scientific_name": "Eucalyptus nitida", "collection_method": "desktop", "created_at": null, "created_by": "jayne.balmer", "coord_wgs84": "145.9924474263535, -43.10036067058467", "modified_at": "2026-02-05T02:07:21.271Z", "modified_by": "peter.jackson" }, "geometry": { "type": "Point", "coordinates": [ 418009.55028315569507, 5227547.618619804270566 ] } },
{ "type": "Feature", "properties": { "fid": 1363, "common_name": null, "scientific_name": "Leptospermum sp.", "collection_method": "desktop", "created_at": null, "created_by": "jayne.balmer", "coord_wgs84": "145.9919687113714, -43.100313048867335", "modified_at": "2026-02-05T02:07:21.273Z", "modified_by": "peter.jackson" }, "geometry": { "type": "Point", "coordinates": [ 417970.530589357309509, 5227552.43884139880538 ] } },
{ "type": "Feature", "properties": { "fid": 1364, "common_name": null, "scientific_name": "Leptospermum sp.", "collection_method": "desktop", "created_at": null, "created_by": "jayne.balmer", "coord_wgs84": "145.99194105299563, -43.10028394066583", "modified_at": "2026-02-05T02:07:21.273Z", "modified_by": "peter.jackson" }, "geometry": { "type": "Point", "coordinates": [ 417968.240984100440983, 5227555.64428875874728 ] } },
{ "type": "Feature", "properties": { "fid": 1365, "common_name": null, "scientific_name": "Leptospermum sp.", "collection_method": "desktop", "created_at": null, "created_by": "jayne.balmer", "coord_wgs84": "145.99187040077965, -43.100293952492756", "modified_at": "2026-02-05T02:07:21.273Z", "modified_by": "peter.jackson" }, "geometry": { "type": "Point", "coordinates": [ 417962.504920404287986, 5227554.463334468193352 ] } },
{ "type": "Feature", "properties": { "fid": 1366, "common_name": null, "scientific_name": "Leptospermum sp.", "collection_method": "desktop", "created_at": null, "created_by": "jayne.balmer", "coord_wgs84": "145.991595514643, -43.10027134166456", "modified_at": "2026-02-05T02:07:21.273Z", "modified_by": "peter.jackson" }, "geometry": { "type": "Point", "coordinates": [ 417940.105445879860781, 5227556.705302353948355 ] } },
{ "type": "Feature", "properties": { "fid": 1367, "common_name": null, "scientific_name": "Eucalyptus nitida", "collection_method": "desktop", "created_at": null, "created_by": "jayne.balmer", "coord_wgs84": "145.99174340473436, -43.10025420276997", "modified_at": "2026-02-05T02:07:21.273Z", "modified_by": "peter.jackson" }, "geometry": { "type": "Point", "coordinates": [ 417952.117342870566063, 5227558.753331686370075 ] } },
{ "type": "Feature", "properties": { "fid": 1368, "common_name": null, "scientific_name": "Eucalyptus nitida", "collection_method": "desktop", "created_at": null, "created_by": "jayne.balmer", "coord_wgs84": "145.9916956223531, -43.10027830571115", "modified_at": "2026-02-05T02:07:21.273Z", "modified_by": "peter.jackson" }, "geometry": { "type": "Point", "coordinates": [ 417948.261165595846251, 5227556.029906486161053 ] } },
{ "type": "Feature", "properties": { "fid": 1369, "common_name": null, "scientific_name": "Lagarostrobos franklinii", "collection_method": "desktop", "created_at": null, "created_by": "jayne.balmer", "coord_wgs84": "145.99145597674794, -43.100041617398766", "modified_at": "2026-02-05T02:07:21.273Z", "modified_by": "peter.jackson" }, "geometry": { "type": "Point", "coordinates": [ 417928.443471394013613, 5227582.079932279884815 ] } },
{ "type": "Feature", "properties": { "fid": 1370, "common_name": null, "scientific_name": "Lagarostrobos franklinii", "collection_method": "desktop", "created_at": null, "created_by": "jayne.balmer", "coord_wgs84": "145.99159943388847, -43.0999855573107", "modified_at": "2026-02-05T02:07:21.284Z", "modified_by": "peter.jackson" }, "geometry": { "type": "Point", "coordinates": [ 417940.042687779176049, 5227588.44589670188725 ] } },
{ "type": "Feature", "properties": { "fid": 1371, "common_name": null, "scientific_name": "Lagarostrobos franklinii", "collection_method": "desktop", "created_at": null, "created_by": "jayne.balmer", "coord_wgs84": "145.99153113006386, -43.10014121444922", "modified_at": "2026-02-05T02:07:21.284Z", "modified_by": "peter.jackson" }, "geometry": { "type": "Point", "coordinates": [ 417934.692241810495034, 5227571.093098965473473 ] } },
{ "type": "Feature", "properties": { "fid": 1372, "common_name": null, "scientific_name": "Lagarostrobos franklinii", "collection_method": "desktop", "created_at": null, "created_by": "jayne.balmer", "coord_wgs84": "145.99152400480898, -43.09999791411785", "modified_at": "2026-02-05T02:07:21.288Z", "modified_by": "peter.jackson" }, "geometry": { "type": "Point", "coordinates": [ 417933.921006355551071, 5227586.999830223619938 ] } },
{ "type": "Feature", "properties": { "fid": 1373, "common_name": null, "scientific_name": "Acacia melanoxylon", "collection_method": "desktop", "created_at": null, "created_by": "jayne.balmer", "coord_wgs84": "145.99151444324946, -43.10025565739856", "modified_at": "2026-02-05T02:07:21.288Z", "modified_by": "peter.jackson" }, "geometry": { "type": "Point", "coordinates": [ 417933.487186412152369, 5227558.367713958956301 ] } },
{ "type": "Feature", "properties": { "fid": 1374, "common_name": null, "scientific_name": "Nothofagus cunninghamii", "collection_method": "desktop", "created_at": null, "created_by": "jayne.balmer", "coord_wgs84": "145.99156459112552, -43.100121625363286", "modified_at": "2026-02-05T02:07:21.288Z", "modified_by": "peter.jackson" }, "geometry": { "type": "Point", "coordinates": [ 417937.389029093028512, 5227573.301244963891804 ] } },
{ "type": "Feature", "properties": { "fid": 1375, "common_name": null, "scientific_name": "Nothofagus cunninghamii", "collection_method": "desktop", "created_at": null, "created_by": "jayne.balmer", "coord_wgs84": "145.99159791628887, -43.100094634714715", "modified_at": "2026-02-05T02:07:21.288Z", "modified_by": "peter.jackson" }, "geometry": { "type": "Point", "coordinates": [ 417940.064873633731622, 5227576.331210901960731 ] } },
{ "type": "Feature", "properties": { "fid": 1376, "common_name": null, "scientific_name": "Leptospermum sp.", "collection_method": "desktop", "created_at": null, "created_by": "jayne.balmer", "coord_wgs84": "145.99219067927507, -43.10028657367706", "modified_at": "2026-02-05T02:07:21.288Z", "modified_by": "peter.jackson" }, "geometry": { "type": "Point", "coordinates": [ 417988.558218116522767, 5227555.596086543053389 ] } },
{ "type": "Feature", "properties": { "fid": 1377, "common_name": null, "scientific_name": "Leptospermum sp.", "collection_method": "desktop", "created_at": null, "created_by": "jayne.balmer", "coord_wgs84": "145.9896757862891, -43.09840126231711", "modified_at": "2026-02-05T02:07:21.294Z", "modified_by": "peter.jackson" }, "geometry": { "type": "Point", "coordinates": [ 417781.382183889450971, 5227762.499607824720442 ] } },
{ "type": "Feature", "properties": { "fid": 1378, "common_name": null, "scientific_name": "Leptospermum sp.", "collection_method": "desktop", "created_at": null, "created_by": "jayne.balmer", "coord_wgs84": "145.98978331873832, -43.09821694238234", "modified_at": "2026-02-05T02:07:21.294Z", "modified_by": "peter.jackson" }, "geometry": { "type": "Point", "coordinates": [ 417789.886457479267847, 5227783.074030179530382 ] } },
{ "type": "Feature", "properties": { "fid": 1379, "common_name": null, "scientific_name": "Leptospermum sp.", "collection_method": "desktop", "created_at": null, "created_by": "jayne.balmer", "coord_wgs84": "145.99055402653136, -43.09801950126872", "modified_at": "2026-02-05T02:07:21.294Z", "modified_by": "peter.jackson" }, "geometry": { "type": "Point", "coordinates": [ 417852.342127912852447, 5227805.755501613020897 ] } },
{ "type": "Feature", "properties": { "fid": 1380, "common_name": null, "scientific_name": "Acacia melanoxylon", "collection_method": "desktop", "created_at": null, "created_by": "jayne.balmer", "coord_wgs84": "145.9880597171622, -43.09141032971966", "modified_at": "2026-02-05T02:07:21.294Z", "modified_by": "peter.jackson" }, "geometry": { "type": "Point", "coordinates": [ 417640.499122157110833, 5228537.266041059978306 ] } },
{ "type": "Feature", "properties": { "fid": 1381, "common_name": null, "scientific_name": "Acacia melanoxylon", "collection_method": "desktop", "created_at": null, "created_by": "jayne.balmer", "coord_wgs84": "145.98823893856877, -43.091345573935044", "modified_at": "2026-02-05T02:07:21.294Z", "modified_by": "peter.jackson" }, "geometry": { "type": "Point", "coordinates": [ 417654.998883853957523, 5228544.633254176937044 ] } },
{ "type": "Feature", "properties": { "fid": 1382, "common_name": null, "scientific_name": "Acacia melanoxylon", "collection_method": "desktop", "created_at": null, "created_by": "jayne.balmer", "coord_wgs84": "145.98843751683174, -43.091473206334925", "modified_at": "2026-02-05T02:07:21.294Z", "modified_by": "peter.jackson" }, "geometry": { "type": "Point", "coordinates": [ 417671.331817570433486, 5228530.65448894072324 ] } },
{ "type": "Feature", "properties": { "fid": 1383, "common_name": null, "scientific_name": "Acacia melanoxylon", "collection_method": "desktop", "created_at": null, "created_by": "jayne.balmer", "coord_wgs84": "145.9879770951905, -43.09158697604906", "modified_at": "2026-02-05T02:07:21.305Z", "modified_by": "peter.jackson" }, "geometry": { "type": "Point", "coordinates": [ 417634.011398921837099, 5228517.568094437941909 ] } },
{ "type": "Feature", "properties": { "fid": 1384, "common_name": null, "scientific_name": "Melaleuca sp.", "collection_method": "desktop", "created_at": null, "created_by": "jayne.balmer", "coord_wgs84": "145.98787229584843, -43.09088885279309", "modified_at": "2026-02-05T02:07:21.305Z", "modified_by": "peter.jackson" }, "geometry": { "type": "Point", "coordinates": [ 417624.546282590890769, 5228594.992623492144048 ] } },
{ "type": "Feature", "properties": { "fid": 1385, "common_name": null, "scientific_name": "Melaleuca sp.", "collection_method": "desktop", "created_at": null, "created_by": "jayne.balmer", "coord_wgs84": "145.98812216981452, -43.090954128914085", "modified_at": "2026-02-05T02:07:21.305Z", "modified_by": "peter.jackson" }, "geometry": { "type": "Point", "coordinates": [ 417644.970737525960431, 5228587.989049503579736 ] } },
{ "type": "Feature", "properties": { "fid": 1386, "common_name": null, "scientific_name": "Leptospermum sp.", "collection_method": "desktop", "created_at": null, "created_by": "jayne.balmer", "coord_wgs84": "145.98752878555715, -43.09088191260068", "modified_at": "2026-02-05T02:07:21.305Z", "modified_by": "peter.jackson" }, "geometry": { "type": "Point", "coordinates": [ 417596.57902566838311, 5228595.425852744840086 ] } },
{ "type": "Feature", "properties": { "fid": 1387, "common_name": null, "scientific_name": "Leptospermum sp.", "collection_method": "desktop", "created_at": null, "created_by": "jayne.balmer", "coord_wgs84": "145.98765964413113, -43.09086210862228", "modified_at": "2026-02-05T02:07:21.305Z", "modified_by": "peter.jackson" }, "geometry": { "type": "Point", "coordinates": [ 417607.20292372640688, 5228597.753687257878482 ] } },
{ "type": "Feature", "properties": { "fid": 1388, "common_name": null, "scientific_name": "Leptospermum sp.", "collection_method": "desktop", "created_at": null, "created_by": "jayne.balmer", "coord_wgs84": "145.98767359979132, -43.09080533464074", "modified_at": "2026-02-05T02:07:21.305Z", "modified_by": "peter.jackson" }, "geometry": { "type": "Point", "coordinates": [ 417608.26265203388175, 5228604.072220580652356 ] } },
{ "type": "Feature", "properties": { "fid": 1389, "common_name": null, "scientific_name": "Leptospermum sp.", "collection_method": "desktop", "created_at": null, "created_by": "jayne.balmer", "coord_wgs84": "145.9873367201186, -43.09068377590748", "modified_at": "2026-02-05T02:07:21.305Z", "modified_by": "peter.jackson" }, "geometry": { "type": "Point", "coordinates": [ 417580.681310961372219, 5228617.240433013997972 ] } },
{ "type": "Feature", "properties": { "fid": 1390, "common_name": null, "scientific_name": "Leptospermum sp.", "collection_method": "desktop", "created_at": null, "created_by": "jayne.balmer", "coord_wgs84": "145.9870814318484, -43.09073689325818", "modified_at": "2026-02-05T02:07:21.316Z", "modified_by": "peter.jackson" }, "geometry": { "type": "Point", "coordinates": [ 417559.974838461901527, 5228611.090750426985323 ] } },
{ "type": "Feature", "properties": { "fid": 1391, "common_name": null, "scientific_name": "Eucalyptus nitida", "collection_method": "desktop", "created_at": null, "created_by": "jayne.balmer", "coord_wgs84": "145.9869399298487, -43.09074723969175", "modified_at": "2026-02-05T02:07:21.316Z", "modified_by": "peter.jackson" }, "geometry": { "type": "Point", "coordinates": [ 417548.471986639895476, 5228609.802650117315352 ] } },
{ "type": "Feature", "properties": { "fid": 1392, "common_name": null, "scientific_name": "Eucalyptus nitida", "collection_method": "desktop", "created_at": null, "created_by": "jayne.balmer", "coord_wgs84": "145.98677442967826, -43.09065549111103", "modified_at": "2026-02-05T02:07:21.316Z", "modified_by": "peter.jackson" }, "geometry": { "type": "Point", "coordinates": [ 417534.878961746522691, 5228619.828711031936109 ] } },
{ "type": "Feature", "properties": { "fid": 1393, "common_name": null, "scientific_name": "Eucalyptus nitida", "collection_method": "desktop", "created_at": null, "created_by": "jayne.balmer", "coord_wgs84": "145.98670868632078, -43.09079944883604", "modified_at": "2026-02-05T02:07:21.320Z", "modified_by": "peter.jackson" }, "geometry": { "type": "Point", "coordinates": [ 417529.721324641664978, 5228603.777373126707971 ] } },
{ "type": "Feature", "properties": { "fid": 1394, "common_name": null, "scientific_name": "Eucalyptus nitida", "collection_method": "desktop", "created_at": null, "created_by": "jayne.balmer", "coord_wgs84": "145.9866023876091, -43.09042174876301", "modified_at": "2026-02-05T02:07:21.320Z", "modified_by": "peter.jackson" }, "geometry": { "type": "Point", "coordinates": [ 417520.56290361424908, 5228645.616896555759013 ] } },
{ "type": "Feature", "properties": { "fid": 1395, "common_name": null, "scientific_name": "Eucalyptus nitida", "collection_method": "desktop", "created_at": null, "created_by": "jayne.balmer", "coord_wgs84": "145.9869013403243, -43.09057327651701", "modified_at": "2026-02-05T02:07:21.320Z", "modified_by": "peter.jackson" }, "geometry": { "type": "Point", "coordinates": [ 417545.097831524501089, 5228629.083536490797997 ] } },
{ "type": "Feature", "properties": { "fid": 1396, "common_name": null, "scientific_name": "Eucalyptus nitida", "collection_method": "desktop", "created_at": null, "created_by": "jayne.balmer", "coord_wgs84": "145.9867653179462, -43.090525628344935", "modified_at": "2026-02-05T02:07:21.326Z", "modified_by": "peter.jackson" }, "geometry": { "type": "Point", "coordinates": [ 417533.963119643798564, 5228634.241173596121371 ] } },
{ "type": "Feature", "properties": { "fid": 1397, "common_name": null, "scientific_name": "Lagarostrobos franklinii", "collection_method": "desktop", "created_at": null, "created_by": "jayne.balmer", "coord_wgs84": "145.98544753469142, -43.090456656495064", "modified_at": "2026-02-05T02:07:21.326Z", "modified_by": "peter.jackson" }, "geometry": { "type": "Point", "coordinates": [ 417426.616784759273287, 5228640.603866097517312 ] } },
{ "type": "Feature", "properties": { "fid": 1398, "common_name": null, "scientific_name": "Lagarostrobos franklinii", "collection_method": "desktop", "created_at": null, "created_by": "jayne.balmer", "coord_wgs84": "145.98548829072445, -43.09039147573666", "modified_at": "2026-02-05T02:07:21.326Z", "modified_by": "peter.jackson" }, "geometry": { "type": "Point", "coordinates": [ 417429.846333226829302, 5228647.88240070361644 ] } },
{ "type": "Feature", "properties": { "fid": 1399, "common_name": null, "scientific_name": "Lagarostrobos franklinii", "collection_method": "desktop", "created_at": null, "created_by": "jayne.balmer", "coord_wgs84": "145.9852138538728, -43.09040152503049", "modified_at": "2026-02-05T02:07:21.326Z", "modified_by": "peter.jackson" }, "geometry": { "type": "Point", "coordinates": [ 417407.523520566872321, 5228646.496163044124842 ] } },
{ "type": "Feature", "properties": { "fid": 1400, "common_name": null, "scientific_name": "Lagarostrobos franklinii", "collection_method": "desktop", "created_at": null, "created_by": "jayne.balmer", "coord_wgs84": "145.98532173558317, -43.090401010679315", "modified_at": "2026-02-05T02:07:21.326Z", "modified_by": "peter.jackson" }, "geometry": { "type": "Point", "coordinates": [ 417416.3032817732892, 5228646.659527353011072 ] } },
{ "type": "Feature", "properties": { "fid": 1401, "common_name": null, "scientific_name": "Lagarostrobos franklinii", "collection_method": "desktop", "created_at": null, "created_by": "jayne.balmer", "coord_wgs84": "145.985190261435, -43.09047764992057", "modified_at": "2026-02-05T02:07:21.326Z", "modified_by": "peter.jackson" }, "geometry": { "type": "Point", "coordinates": [ 417405.705640692845918, 5228638.019162612967193 ] } },
{ "type": "Feature", "properties": { "fid": 1402, "common_name": null, "scientific_name": "Lagarostrobos franklinii", "collection_method": "desktop", "created_at": null, "created_by": "jayne.balmer", "coord_wgs84": "145.9850943136853, -43.09047709483332", "modified_at": "2026-02-05T02:07:21.326Z", "modified_by": "peter.jackson" }, "geometry": { "type": "Point", "coordinates": [ 417397.895752626936883, 5228637.98630197905004 ] } },
{ "type": "Feature", "properties": { "fid": 1403, "common_name": null, "scientific_name": "Lagarostrobos franklinii", "collection_method": "desktop", "created_at": null, "created_by": "jayne.balmer", "coord_wgs84": "145.98498836134496, -43.090542894541194", "modified_at": "2026-02-05T02:07:21.336Z", "modified_by": "peter.jackson" }, "geometry": { "type": "Point", "coordinates": [ 417389.36078374547651, 5228630.574793678708375 ] } },
{ "type": "Feature", "properties": { "fid": 1404, "common_name": null, "scientific_name": "Acacia melanoxylon", "collection_method": "desktop", "created_at": null, "created_by": "jayne.balmer", "coord_wgs84": "145.9861255951732, -43.09081902476605", "modified_at": "2026-02-05T02:07:21.336Z", "modified_by": "peter.jackson" }, "geometry": { "type": "Point", "coordinates": [ 417482.290344162669498, 5228601.029846818186343 ] } },
{ "type": "Feature", "properties": { "fid": 1405, "common_name": null, "scientific_name": "Acacia melanoxylon", "collection_method": "desktop", "created_at": null, "created_by": "jayne.balmer", "coord_wgs84": "145.98605400642492, -43.09085051039221", "modified_at": "2026-02-05T02:07:21.336Z", "modified_by": "peter.jackson" }, "geometry": { "type": "Point", "coordinates": [ 417476.506078250589781, 5228597.462882839143276 ] } },
{ "type": "Feature", "properties": { "fid": 1406, "common_name": null, "scientific_name": "Acacia melanoxylon", "collection_method": "desktop", "created_at": null, "created_by": "jayne.balmer", "coord_wgs84": "145.98615552625708, -43.090907402886224", "modified_at": "2026-02-05T02:07:21.336Z", "modified_by": "peter.jackson" }, "geometry": { "type": "Point", "coordinates": [ 417484.845061607134994, 5228591.244796983897686 ] } },
{ "type": "Feature", "properties": { "fid": 1407, "common_name": null, "scientific_name": "Acacia melanoxylon", "collection_method": "desktop", "created_at": null, "created_by": "jayne.balmer", "coord_wgs84": "145.98544454447247, -43.09088894753022", "modified_at": "2026-02-05T02:07:21.336Z", "modified_by": "peter.jackson" }, "geometry": { "type": "Point", "coordinates": [ 417426.954200270643923, 5228592.594459029845893 ] } },
{ "type": "Feature", "properties": { "fid": 1408, "common_name": null, "scientific_name": "Acacia melanoxylon", "collection_method": "desktop", "created_at": null, "created_by": "jayne.balmer", "coord_wgs84": "145.98599829154588, -43.09079175067953", "modified_at": "2026-02-05T02:07:21.336Z", "modified_by": "peter.jackson" }, "geometry": { "type": "Point", "coordinates": [ 417471.892596663034055, 5228603.933394230902195 ] } },
{ "type": "Feature", "properties": { "fid": 1409, "common_name": null, "scientific_name": "Acacia melanoxylon", "collection_method": "field", "created_at": "2023-04-11T14:00:00Z", "created_by": "arko.lucieer, ryan.haynes", "coord_wgs84": "145.978852055949, -43.05241995455792", "modified_at": "2026-02-05T02:07:21.347Z", "modified_by": "peter.jackson" }, "geometry": { "type": "Point", "coordinates": [ 416838.397400208574254, 5232858.098829575814307 ] } },
{ "type": "Feature", "properties": { "fid": 1410, "common_name": null, "scientific_name": "Acacia melanoxylon", "collection_method": "field", "created_at": "2023-04-11T14:00:00Z", "created_by": "arko.lucieer, ryan.haynes", "coord_wgs84": "145.97884565576555, -43.05224250192769", "modified_at": "2026-02-05T02:07:21.347Z", "modified_by": "peter.jackson" }, "geometry": { "type": "Point", "coordinates": [ 416837.636382257100195, 5232877.798699207603931 ] } },
{ "type": "Feature", "properties": { "fid": 1411, "common_name": null, "scientific_name": "Acacia melanoxylon", "collection_method": "field", "created_at": "2023-04-11T14:00:00Z", "created_by": "arko.lucieer, ryan.haynes", "coord_wgs84": "145.97856237545076, -43.05265291803376", "modified_at": "2026-02-05T02:07:21.347Z", "modified_by": "peter.jackson" }, "geometry": { "type": "Point", "coordinates": [ 416815.120727198489476, 5232831.941002394072711 ] } },
{ "type": "Feature", "properties": { "fid": 1412, "common_name": null, "scientific_name": "Acacia melanoxylon", "collection_method": "field", "created_at": "2023-04-11T14:00:00Z", "created_by": "arko.lucieer, ryan.haynes", "coord_wgs84": "145.97757564333074, -43.05272172819308", "modified_at": "2026-02-05T02:07:21.351Z", "modified_by": "peter.jackson" }, "geometry": { "type": "Point", "coordinates": [ 416734.854733335203491, 5232823.32102731987834 ] } },
{ "type": "Feature", "properties": { "fid": 1413, "common_name": null, "scientific_name": "Acacia melanoxylon", "collection_method": "field", "created_at": "2023-04-11T14:00:00Z", "created_by": "arko.lucieer, ryan.haynes", "coord_wgs84": "145.97569074383284, -43.05424260950878", "modified_at": "2026-02-05T02:07:21.352Z", "modified_by": "peter.jackson" }, "geometry": { "type": "Point", "coordinates": [ 416583.410922017996199, 5232652.554345436394215 ] } },
{ "type": "Feature", "properties": { "fid": 1414, "common_name": null, "scientific_name": "Acacia melanoxylon", "collection_method": "field", "created_at": "2023-04-11T14:00:00Z", "created_by": "arko.lucieer, ryan.haynes", "coord_wgs84": "145.9781612982031, -43.052563198140994", "modified_at": "2026-02-05T02:07:21.354Z", "modified_by": "peter.jackson" }, "geometry": { "type": "Point", "coordinates": [ 416782.335829409945291, 5232841.506801415234804 ] } },
{ "type": "Feature", "properties": { "fid": 1415, "common_name": null, "scientific_name": "Acacia melanoxylon", "collection_method": "field", "created_at": "2023-04-11T14:00:00Z", "created_by": "arko.lucieer, ryan.haynes", "coord_wgs84": "145.97782163061933, -43.05237449129275", "modified_at": "2026-02-05T02:07:21.357Z", "modified_by": "peter.jackson" }, "geometry": { "type": "Point", "coordinates": [ 416754.41813767363783, 5232862.125918623991311 ] } },
{ "type": "Feature", "properties": { "fid": 1416, "common_name": null, "scientific_name": "Acacia melanoxylon", "collection_method": "field", "created_at": "2023-04-11T14:00:00Z", "created_by": "arko.lucieer, ryan.haynes", "coord_wgs84": "145.9770420453542, -43.05403035151947", "modified_at": "2026-02-05T02:07:21.357Z", "modified_by": "peter.jackson" }, "geometry": { "type": "Point", "coordinates": [ 416693.170233341457788, 5232677.468079869635403 ] } },
{ "type": "Feature", "properties": { "fid": 1417, "common_name": null, "scientific_name": "Acacia melanoxylon", "collection_method": "field", "created_at": "2023-04-11T14:00:00Z", "created_by": "arko.lucieer, ryan.haynes", "coord_wgs84": "145.9765900721742, -43.05427558315159", "modified_at": "2026-02-05T02:07:21.357Z", "modified_by": "peter.jackson" }, "geometry": { "type": "Point", "coordinates": [ 416656.694650211953558, 5232649.786177731119096 ] } },
{ "type": "Feature", "properties": { "fid": 1418, "common_name": null, "scientific_name": "Acacia melanoxylon", "collection_method": "field", "created_at": "2023-04-11T14:00:00Z", "created_by": "arko.lucieer, ryan.haynes", "coord_wgs84": "145.97611892522897, -43.054180572941426", "modified_at": "2026-02-05T02:07:21.357Z", "modified_by": "peter.jackson" }, "geometry": { "type": "Point", "coordinates": [ 416618.19689869688591, 5232659.869082888588309 ] } },
{ "type": "Feature", "properties": { "fid": 1419, "common_name": null, "scientific_name": "Phyllocladus aspleniifolius", "collection_method": "field", "created_at": "2023-04-11T14:00:00Z", "created_by": "arko.lucieer, ryan.haynes", "coord_wgs84": "145.97573396094293, -43.05416180258", "modified_at": "2026-02-05T02:07:21.357Z", "modified_by": "peter.jackson" }, "geometry": { "type": "Point", "coordinates": [ 416586.820887273526751, 5232661.570961282588542 ] } },
{ "type": "Feature", "properties": { "fid": 1420, "common_name": null, "scientific_name": "Lagarostrobos franklinii", "collection_method": "field", "created_at": "2023-04-11T14:00:00Z", "created_by": "arko.lucieer, ryan.haynes", "coord_wgs84": "145.97864088195547, -43.052328978968895", "modified_at": "2026-02-05T02:07:21.364Z", "modified_by": "peter.jackson" }, "geometry": { "type": "Point", "coordinates": [ 416821.076447086874396, 5232867.992430936545134 ] } },
{ "type": "Feature", "properties": { "fid": 1421, "common_name": null, "scientific_name": "Lagarostrobos franklinii", "collection_method": "field", "created_at": "2023-04-11T14:00:00Z", "created_by": "arko.lucieer, ryan.haynes", "coord_wgs84": "145.97861258246095, -43.0522395179243", "modified_at": "2026-02-05T02:07:21.367Z", "modified_by": "peter.jackson" }, "geometry": { "type": "Point", "coordinates": [ 416818.65082077687839, 5232877.899079010821879 ] } },
{ "type": "Feature", "properties": { "fid": 1422, "common_name": null, "scientific_name": "Lagarostrobos franklinii", "collection_method": "field", "created_at": "2023-04-11T14:00:00Z", "created_by": "arko.lucieer, ryan.haynes", "coord_wgs84": "145.978688252873, -43.051934571439276", "modified_at": "2026-02-05T02:07:21.368Z", "modified_by": "peter.jackson" }, "geometry": { "type": "Point", "coordinates": [ 416824.401303449936677, 5232911.838553886860609 ] } },
{ "type": "Feature", "properties": { "fid": 1423, "common_name": null, "scientific_name": "Lagarostrobos franklinii", "collection_method": "field", "created_at": "2023-04-11T14:00:00Z", "created_by": "arko.lucieer, ryan.haynes", "coord_wgs84": "145.97862845168441, -43.051913968779935", "modified_at": "2026-02-05T02:07:21.368Z", "modified_by": "peter.jackson" }, "geometry": { "type": "Point", "coordinates": [ 416819.503214825526811, 5232914.067218258045614 ] } },
{ "type": "Feature", "properties": { "fid": 1424, "common_name": null, "scientific_name": "Lagarostrobos franklinii", "collection_method": "field", "created_at": "2023-04-11T14:00:00Z", "created_by": "arko.lucieer, ryan.haynes", "coord_wgs84": "145.97865190794414, -43.051991394238726", "modified_at": "2026-02-05T02:07:21.368Z", "modified_by": "peter.jackson" }, "geometry": { "type": "Point", "coordinates": [ 416821.518148951523472, 5232905.492328215390444 ] } },
{ "type": "Feature", "properties": { "fid": 1425, "common_name": null, "scientific_name": "Lagarostrobos franklinii", "collection_method": "field", "created_at": "2023-04-11T14:00:00Z", "created_by": "arko.lucieer, ryan.haynes", "coord_wgs84": "145.978426236204, -43.05247658909475", "modified_at": "2026-02-05T02:07:21.368Z", "modified_by": "peter.jackson" }, "geometry": { "type": "Point", "coordinates": [ 416803.795230414078105, 5232851.387472135946155 ] } },
{ "type": "Feature", "properties": { "fid": 1426, "common_name": null, "scientific_name": "Lagarostrobos franklinii", "collection_method": "field", "created_at": "2023-04-11T14:00:00Z", "created_by": "arko.lucieer, ryan.haynes", "coord_wgs84": "145.9782063105194, -43.05255627181088", "modified_at": "2026-02-05T02:07:21.368Z", "modified_by": "peter.jackson" }, "geometry": { "type": "Point", "coordinates": [ 416785.99225552129792, 5232842.320609100162983 ] } },
{ "type": "Feature", "properties": { "fid": 1427, "common_name": null, "scientific_name": "Lagarostrobos franklinii", "collection_method": "field", "created_at": "2023-04-11T14:00:00Z", "created_by": "arko.lucieer, ryan.haynes", "coord_wgs84": "145.9780126686885, -43.0525614320701", "modified_at": "2026-02-05T02:07:21.368Z", "modified_by": "peter.jackson" }, "geometry": { "type": "Point", "coordinates": [ 416770.229091749642976, 5232841.555527359247208 ] } },
{ "type": "Feature", "properties": { "fid": 1428, "common_name": null, "scientific_name": "Lagarostrobos franklinii", "collection_method": "field", "created_at": "2023-04-11T14:00:00Z", "created_by": "arko.lucieer, ryan.haynes", "coord_wgs84": "145.97779470538333, -43.052424235441336", "modified_at": "2026-02-05T02:07:21.378Z", "modified_by": "peter.jackson" }, "geometry": { "type": "Point", "coordinates": [ 416752.292634026089218, 5232856.575094152241945 ] } },
{ "type": "Feature", "properties": { "fid": 1429, "common_name": null, "scientific_name": "Lagarostrobos franklinii", "collection_method": "field", "created_at": "2023-04-11T14:00:00Z", "created_by": "arko.lucieer, ryan.haynes", "coord_wgs84": "145.97770090567454, -43.05241577491585", "modified_at": "2026-02-05T02:07:21.378Z", "modified_by": "peter.jackson" }, "geometry": { "type": "Point", "coordinates": [ 416744.642147336388007, 5232857.42158733587712 ] } },
{ "type": "Feature", "properties": { "fid": 1430, "common_name": null, "scientific_name": "Lagarostrobos franklinii", "collection_method": "field", "created_at": "2023-04-11T14:00:00Z", "created_by": "arko.lucieer, ryan.haynes", "coord_wgs84": "145.97747485038406, -43.05297620218994", "modified_at": "2026-02-05T02:07:21.378Z", "modified_by": "peter.jackson" }, "geometry": { "type": "Point", "coordinates": [ 416726.990532514813822, 5232794.961534669622779 ] } },
{ "type": "Feature", "properties": { "fid": 1431, "common_name": null, "scientific_name": "Lagarostrobos franklinii", "collection_method": "field", "created_at": "2023-04-11T14:00:00Z", "created_by": "arko.lucieer, ryan.haynes", "coord_wgs84": "145.9774416081127, -43.053035811505836", "modified_at": "2026-02-05T02:07:21.384Z", "modified_by": "peter.jackson" }, "geometry": { "type": "Point", "coordinates": [ 416724.363969097961672, 5232788.308899472467601 ] } },
{ "type": "Feature", "properties": { "fid": 1432, "common_name": null, "scientific_name": "Lagarostrobos franklinii", "collection_method": "field", "created_at": "2023-04-11T14:00:00Z", "created_by": "arko.lucieer, ryan.haynes", "coord_wgs84": "145.97735674882006, -43.05323893844293", "modified_at": "2026-02-05T02:07:21.384Z", "modified_by": "peter.jackson" }, "geometry": { "type": "Point", "coordinates": [ 416717.727988235768862, 5232765.667325301095843 ] } },
{ "type": "Feature", "properties": { "fid": 1433, "common_name": null, "scientific_name": "Lagarostrobos franklinii", "collection_method": "field", "created_at": "2023-04-11T14:00:00Z", "created_by": "arko.lucieer, ryan.haynes", "coord_wgs84": "145.9769576142955, -43.053851411400544", "modified_at": "2026-02-05T02:07:21.384Z", "modified_by": "peter.jackson" }, "geometry": { "type": "Point", "coordinates": [ 416686.052101549459621, 5232697.255664142780006 ] } },
{ "type": "Feature", "properties": { "fid": 1434, "common_name": null, "scientific_name": "Lagarostrobos franklinii", "collection_method": "field", "created_at": "2023-04-11T14:00:00Z", "created_by": "arko.lucieer, ryan.haynes", "coord_wgs84": "145.97663993202065, -43.0542286739522", "modified_at": "2026-02-05T02:07:21.388Z", "modified_by": "peter.jackson" }, "geometry": { "type": "Point", "coordinates": [ 416660.691583818581421, 5232655.044989924877882 ] } },
{ "type": "Feature", "properties": { "fid": 1435, "common_name": null, "scientific_name": "Lagarostrobos franklinii", "collection_method": "field", "created_at": "2023-04-11T14:00:00Z", "created_by": "arko.lucieer, ryan.haynes", "coord_wgs84": "145.97624473151023, -43.05531124465124", "modified_at": "2026-02-05T02:07:21.388Z", "modified_by": "peter.jackson" }, "geometry": { "type": "Point", "coordinates": [ 416629.974072397511918, 5232534.432306494563818 ] } },
{ "type": "Feature", "properties": { "fid": 1436, "common_name": null, "scientific_name": "Lagarostrobos franklinii", "collection_method": "field", "created_at": "2023-04-11T14:00:00Z", "created_by": "arko.lucieer, ryan.haynes", "coord_wgs84": "145.97856674888067, -43.05203072695005", "modified_at": "2026-02-05T02:07:21.388Z", "modified_by": "peter.jackson" }, "geometry": { "type": "Point", "coordinates": [ 416814.635916004946921, 5232901.039999535307288 ] } },
{ "type": "Feature", "properties": { "fid": 1437, "common_name": null, "scientific_name": "Lagarostrobos franklinii", "collection_method": "field", "created_at": "2023-04-11T14:00:00Z", "created_by": "arko.lucieer, ryan.haynes", "coord_wgs84": "145.97853648155223, -43.05244325003871", "modified_at": "2026-02-05T02:07:21.388Z", "modified_by": "peter.jackson" }, "geometry": { "type": "Point", "coordinates": [ 416812.728531623899471, 5232855.199081783182919 ] } },
{ "type": "Feature", "properties": { "fid": 1438, "common_name": null, "scientific_name": "Lagarostrobos franklinii", "collection_method": "field", "created_at": "2023-04-11T14:00:00Z", "created_by": "arko.lucieer, ryan.haynes", "coord_wgs84": "145.97775079206542, -43.05300425294387", "modified_at": "2026-02-05T02:07:21.388Z", "modified_by": "peter.jackson" }, "geometry": { "type": "Point", "coordinates": [ 416749.500946537940763, 5232792.120263713411987 ] } },
{ "type": "Feature", "properties": { "fid": 1439, "common_name": null, "scientific_name": "Lagarostrobos franklinii", "collection_method": "field", "created_at": "2023-04-11T14:00:00Z", "created_by": "arko.lucieer, ryan.haynes", "coord_wgs84": "145.977369313211, -43.05305843290898", "modified_at": "2026-02-05T02:07:21.388Z", "modified_by": "peter.jackson" }, "geometry": { "type": "Point", "coordinates": [ 416718.506948500871658, 5232785.725036443211138 ] } },
{ "type": "Feature", "properties": { "fid": 1440, "common_name": null, "scientific_name": "Lagarostrobos franklinii", "collection_method": "field", "created_at": "2023-04-11T14:00:00Z", "created_by": "arko.lucieer, ryan.haynes", "coord_wgs84": "145.9769645588674, -43.05398372077207", "modified_at": "2026-02-05T02:07:21.399Z", "modified_by": "peter.jackson" }, "geometry": { "type": "Point", "coordinates": [ 416686.796775107795838, 5232682.569525837898254 ] } },
{ "type": "Feature", "properties": { "fid": 1441, "common_name": null, "scientific_name": "Lagarostrobos franklinii", "collection_method": "field", "created_at": "2023-04-11T14:00:00Z", "created_by": "arko.lucieer, ryan.haynes", "coord_wgs84": "145.97623733918192, -43.054183877483915", "modified_at": "2026-02-05T02:07:21.401Z", "modified_by": "peter.jackson" }, "geometry": { "type": "Point", "coordinates": [ 416627.844724231399596, 5232659.619763530790806 ] } },
{ "type": "Feature", "properties": { "fid": 1442, "common_name": null, "scientific_name": "Lagarostrobos franklinii", "collection_method": "field", "created_at": "2023-04-11T14:00:00Z", "created_by": "arko.lucieer, ryan.haynes", "coord_wgs84": "145.97605582099848, -43.05490047636109", "modified_at": "2026-02-05T02:07:21.401Z", "modified_by": "peter.jackson" }, "geometry": { "type": "Point", "coordinates": [ 416614.033328437362798, 5232579.860674285329878 ] } },
{ "type": "Feature", "properties": { "fid": 1443, "common_name": null, "scientific_name": "Lagarostrobos franklinii", "collection_method": "field", "created_at": "2023-04-11T14:00:00Z", "created_by": "arko.lucieer, ryan.haynes", "coord_wgs84": "145.97625075496504, -43.05544841400814", "modified_at": "2026-02-05T02:07:21.401Z", "modified_by": "peter.jackson" }, "geometry": { "type": "Point", "coordinates": [ 416630.650434556999244, 5232519.205549662932754 ] } },
{ "type": "Feature", "properties": { "fid": 1444, "common_name": null, "scientific_name": "Lagarostrobos franklinii", "collection_method": "field", "created_at": "2023-04-11T14:00:00Z", "created_by": "arko.lucieer, ryan.haynes", "coord_wgs84": "145.97610680258697, -43.05555758111745", "modified_at": "2026-02-05T02:07:21.401Z", "modified_by": "peter.jackson" }, "geometry": { "type": "Point", "coordinates": [ 416619.07545883214334, 5232506.939448498189449 ] } },
{ "type": "Feature", "properties": { "fid": 1445, "common_name": null, "scientific_name": "Lagarostrobos franklinii", "collection_method": "field", "created_at": "2023-04-11T14:00:00Z", "created_by": "arko.lucieer, ryan.haynes", "coord_wgs84": "145.97613694356008, -43.05573656281928", "modified_at": "2026-02-05T02:07:21.409Z", "modified_by": "peter.jackson" }, "geometry": { "type": "Point", "coordinates": [ 416621.77252304344438, 5232487.093368660658598 ] } },
{ "type": "Feature", "properties": { "fid": 1446, "common_name": null, "scientific_name": "Lagarostrobos franklinii", "collection_method": "field", "created_at": "2023-04-11T14:00:00Z", "created_by": "arko.lucieer, ryan.haynes", "coord_wgs84": "145.97628561273171, -43.0560057234872", "modified_at": "2026-02-05T02:07:21.409Z", "modified_by": "peter.jackson" }, "geometry": { "type": "Point", "coordinates": [ 416634.244124674238265, 5232457.350617433898151 ] } },
{ "type": "Feature", "properties": { "fid": 1447, "common_name": null, "scientific_name": "Lagarostrobos franklinii", "collection_method": "field", "created_at": "2023-04-11T14:00:00Z", "created_by": "arko.lucieer, ryan.haynes", "coord_wgs84": "145.97639949000148, -43.05596935971056", "modified_at": "2026-02-05T02:07:21.409Z", "modified_by": "peter.jackson" }, "geometry": { "type": "Point", "coordinates": [ 416643.468482911644969, 5232461.50196438562125 ] } },
{ "type": "Feature", "properties": { "fid": 1448, "common_name": null, "scientific_name": "Lagarostrobos franklinii", "collection_method": "field", "created_at": "2023-04-11T14:00:00Z", "created_by": "arko.lucieer, ryan.haynes", "coord_wgs84": "145.97653894924514, -43.05597740325598", "modified_at": "2026-02-05T02:07:21.409Z", "modified_by": "peter.jackson" }, "geometry": { "type": "Point", "coordinates": [ 416654.836273664725013, 5232460.747246764600277 ] } },
{ "type": "Feature", "properties": { "fid": 1449, "common_name": null, "scientific_name": "Lagarostrobos franklinii", "collection_method": "field", "created_at": "2023-04-11T14:00:00Z", "created_by": "arko.lucieer, ryan.haynes", "coord_wgs84": "145.97641904293067, -43.05614376714691", "modified_at": "2026-02-05T02:07:21.415Z", "modified_by": "peter.jackson" }, "geometry": { "type": "Point", "coordinates": [ 416645.297029638895765, 5232442.153332365676761 ] } },
{ "type": "Feature", "properties": { "fid": 1450, "common_name": null, "scientific_name": "Nothofagus cunninghamii", "collection_method": "field", "created_at": "2023-04-11T14:00:00Z", "created_by": "arko.lucieer, ryan.haynes", "coord_wgs84": "145.97872581994068, -43.0521393479525", "modified_at": "2026-02-05T02:07:21.415Z", "modified_by": "peter.jackson" }, "geometry": { "type": "Point", "coordinates": [ 416827.737527460441925, 5232889.135243666358292 ] } },
{ "type": "Feature", "properties": { "fid": 1451, "common_name": null, "scientific_name": "Nothofagus cunninghamii", "collection_method": "field", "created_at": "2023-04-11T14:00:00Z", "created_by": "arko.lucieer, ryan.haynes", "coord_wgs84": "145.97760079144348, -43.0526363726704", "modified_at": "2026-02-05T02:07:21.419Z", "modified_by": "peter.jackson" }, "geometry": { "type": "Point", "coordinates": [ 416736.787303625955246, 5232832.824757585301995 ] } },
{ "type": "Feature", "properties": { "fid": 1452, "common_name": null, "scientific_name": "Nothofagus cunninghamii", "collection_method": "field", "created_at": "2023-04-11T14:00:00Z", "created_by": "arko.lucieer, ryan.haynes", "coord_wgs84": "145.97835945603634, -43.05250372646209", "modified_at": "2026-02-05T02:07:21.419Z", "modified_by": "peter.jackson" }, "geometry": { "type": "Point", "coordinates": [ 416798.39335084555205, 5232848.307645835913718 ] } },
{ "type": "Feature", "properties": { "fid": 1453, "common_name": null, "scientific_name": "Nothofagus cunninghamii", "collection_method": "field", "created_at": "2023-04-11T14:00:00Z", "created_by": "arko.lucieer, ryan.haynes", "coord_wgs84": "145.97840544532508, -43.05243827728361", "modified_at": "2026-02-05T02:07:21.419Z", "modified_by": "peter.jackson" }, "geometry": { "type": "Point", "coordinates": [ 416802.05023196345428, 5232855.621408071368933 ] } },
{ "type": "Feature", "properties": { "fid": 1454, "common_name": null, "scientific_name": "Nothofagus cunninghamii", "collection_method": "field", "created_at": "2023-04-11T14:00:00Z", "created_by": "arko.lucieer, ryan.haynes", "coord_wgs84": "145.97787274373218, -43.05247786895841", "modified_at": "2026-02-05T02:07:21.419Z", "modified_by": "peter.jackson" }, "geometry": { "type": "Point", "coordinates": [ 416758.720614282472525, 5232850.696472867392004 ] } },
{ "type": "Feature", "properties": { "fid": 1455, "common_name": null, "scientific_name": "Nothofagus cunninghamii", "collection_method": "field", "created_at": "2023-04-11T14:00:00Z", "created_by": "arko.lucieer, ryan.haynes", "coord_wgs84": "145.97742811531532, -43.053136466774504", "modified_at": "2026-02-05T02:07:21.419Z", "modified_by": "peter.jackson" }, "geometry": { "type": "Point", "coordinates": [ 416723.401331423374359, 5232777.11768536362797 ] } },
{ "type": "Feature", "properties": { "fid": 1456, "common_name": null, "scientific_name": "Nothofagus cunninghamii", "collection_method": "field", "created_at": "2023-04-11T14:00:00Z", "created_by": "arko.lucieer, ryan.haynes", "coord_wgs84": "145.97702476308245, -43.05371131522497", "modified_at": "2026-02-05T02:07:21.419Z", "modified_by": "peter.jackson" }, "geometry": { "type": "Point", "coordinates": [ 416691.330915619153529, 5232712.880089485086501 ] } },
{ "type": "Feature", "properties": { "fid": 1457, "common_name": null, "scientific_name": "Nothofagus cunninghamii", "collection_method": "field", "created_at": "2023-04-11T14:00:00Z", "created_by": "arko.lucieer, ryan.haynes", "coord_wgs84": "145.9768909145903, -43.054074085748994", "modified_at": "2026-02-05T02:07:21.429Z", "modified_by": "peter.jackson" }, "geometry": { "type": "Point", "coordinates": [ 416680.921688266796991, 5232672.461325413547456 ] } },
{ "type": "Feature", "properties": { "fid": 1458, "common_name": null, "scientific_name": "Nothofagus cunninghamii", "collection_method": "field", "created_at": "2023-04-11T14:00:00Z", "created_by": "arko.lucieer, ryan.haynes", "coord_wgs84": "145.97674900486277, -43.054186126688364", "modified_at": "2026-02-05T02:07:21.429Z", "modified_by": "peter.jackson" }, "geometry": { "type": "Point", "coordinates": [ 416669.516594505519606, 5232659.87820503115654 ] } },
{ "type": "Feature", "properties": { "fid": 1459, "common_name": null, "scientific_name": "Nothofagus cunninghamii", "collection_method": "field", "created_at": "2023-04-11T14:00:00Z", "created_by": "arko.lucieer, ryan.haynes", "coord_wgs84": "145.97670012937593, -43.05419772426566", "modified_at": "2026-02-05T02:07:21.431Z", "modified_by": "peter.jackson" }, "geometry": { "type": "Point", "coordinates": [ 416665.55199737707153, 5232658.541752155870199 ] } },
{ "type": "Feature", "properties": { "fid": 1460, "common_name": null, "scientific_name": "Nothofagus cunninghamii", "collection_method": "field", "created_at": "2023-04-11T14:00:00Z", "created_by": "arko.lucieer, ryan.haynes", "coord_wgs84": "145.97621813750698, -43.05482677680794", "modified_at": "2026-02-05T02:07:21.431Z", "modified_by": "peter.jackson" }, "geometry": { "type": "Point", "coordinates": [ 416627.151991828577593, 5232588.206332986243069 ] } },
{ "type": "Feature", "properties": { "fid": 1461, "common_name": null, "scientific_name": "Nothofagus cunninghamii", "collection_method": "field", "created_at": "2023-04-11T14:00:00Z", "created_by": "arko.lucieer, ryan.haynes", "coord_wgs84": "145.97602716393797, -43.05558404679345", "modified_at": "2026-02-05T02:07:21.431Z", "modified_by": "peter.jackson" }, "geometry": { "type": "Point", "coordinates": [ 416612.62588655523723, 5232503.921283768489957 ] } },
{ "type": "Feature", "properties": { "fid": 1462, "common_name": null, "scientific_name": "Acacia melanoxylon", "collection_method": "field", "created_at": "2023-04-11T14:00:00Z", "created_by": "arko.lucieer, ryan.haynes", "coord_wgs84": "145.99450349534015, -43.055493261604674", "modified_at": "2026-02-05T02:07:21.436Z", "modified_by": "peter.jackson" }, "geometry": { "type": "Point", "coordinates": [ 418117.138628162036184, 5232532.197566914372146 ] } },
{ "type": "Feature", "properties": { "fid": 1463, "common_name": null, "scientific_name": "Phyllocladus aspleniifolius", "collection_method": "field", "created_at": "2023-04-11T14:00:00Z", "created_by": "arko.lucieer, ryan.haynes", "coord_wgs84": "145.98472445073767, -43.058870146648474", "modified_at": "2026-02-05T02:07:21.436Z", "modified_by": "peter.jackson" }, "geometry": { "type": "Point", "coordinates": [ 417325.311129745270591, 5232147.603750370442867 ] } },
{ "type": "Feature", "properties": { "fid": 1464, "common_name": null, "scientific_name": "Phyllocladus aspleniifolius", "collection_method": "field", "created_at": "2023-04-11T14:00:00Z", "created_by": "arko.lucieer, ryan.haynes", "coord_wgs84": "145.9848574975346, -43.05900164750716", "modified_at": "2026-02-05T02:07:21.439Z", "modified_by": "peter.jackson" }, "geometry": { "type": "Point", "coordinates": [ 417336.321983760281, 5232133.131573234684765 ] } },
{ "type": "Feature", "properties": { "fid": 1465, "common_name": null, "scientific_name": "Phyllocladus aspleniifolius", "collection_method": "field", "created_at": "2023-04-11T14:00:00Z", "created_by": "arko.lucieer, ryan.haynes", "coord_wgs84": "145.98408686278566, -43.05920805639148", "modified_at": "2026-02-05T02:07:21.439Z", "modified_by": "peter.jackson" }, "geometry": { "type": "Point", "coordinates": [ 417273.845784207747784, 5232109.45024867169559 ] } },
{ "type": "Feature", "properties": { "fid": 1466, "common_name": null, "scientific_name": "Phyllocladus aspleniifolius", "collection_method": "field", "created_at": "2023-04-11T14:00:00Z", "created_by": "arko.lucieer, ryan.haynes", "coord_wgs84": "145.98252030157073, -43.06024556797854", "modified_at": "2026-02-04T05:21:19.872Z", "modified_by": "peter.jackson" }, "geometry": { "type": "Point", "coordinates": [ 417147.676350083085708, 5231992.688216556794941 ] } },
{ "type": "Feature", "properties": { "fid": 1467, "common_name": null, "scientific_name": "Phyllocladus aspleniifolius", "collection_method": "field", "created_at": "2023-04-11T14:00:00Z", "created_by": "arko.lucieer, ryan.haynes", "coord_wgs84": "145.99437558766502, -43.05544420964159", "modified_at": "2026-02-05T02:07:21.439Z", "modified_by": "peter.jackson" }, "geometry": { "type": "Point", "coordinates": [ 418106.657081566052511, 5232537.51999763213098 ] } },
{ "type": "Feature", "properties": { "fid": 1468, "common_name": null, "scientific_name": "Phyllocladus aspleniifolius", "collection_method": "field", "created_at": "2023-04-11T14:00:00Z", "created_by": "arko.lucieer, ryan.haynes", "coord_wgs84": "145.99402846425644, -43.05530523329177", "modified_at": "2026-02-05T02:07:21.439Z", "modified_by": "peter.jackson" }, "geometry": { "type": "Point", "coordinates": [ 418078.203761242970359, 5232552.61458261217922 ] } },
{ "type": "Feature", "properties": { "fid": 1469, "common_name": null, "scientific_name": "Eucalyptus nitida", "collection_method": "field", "created_at": "2023-04-11T14:00:00Z", "created_by": "arko.lucieer, ryan.haynes", "coord_wgs84": "145.98421099795922, -43.05855348742752", "modified_at": "2026-02-05T02:07:21.447Z", "modified_by": "peter.jackson" }, "geometry": { "type": "Point", "coordinates": [ 417283.074264020251576, 5232182.262941461056471 ] } },
{ "type": "Feature", "properties": { "fid": 1470, "common_name": null, "scientific_name": "Eucalyptus nitida", "collection_method": "field", "created_at": "2023-04-11T14:00:00Z", "created_by": "arko.lucieer, ryan.haynes", "coord_wgs84": "145.98479947222245, -43.058824743689414", "modified_at": "2026-02-05T02:07:21.450Z", "modified_by": "peter.jackson" }, "geometry": { "type": "Point", "coordinates": [ 417331.359231265087146, 5232152.71969335898757 ] } },
{ "type": "Feature", "properties": { "fid": 1471, "common_name": null, "scientific_name": "Eucalyptus nitida", "collection_method": "field", "created_at": "2023-04-11T14:00:00Z", "created_by": "arko.lucieer, ryan.haynes", "coord_wgs84": "145.98291790157393, -43.05975923509468", "modified_at": "2026-02-05T02:07:21.450Z", "modified_by": "peter.jackson" }, "geometry": { "type": "Point", "coordinates": [ 417179.39810187096009, 5232047.088339006528258 ] } },
{ "type": "Feature", "properties": { "fid": 1472, "common_name": null, "scientific_name": "Eucalyptus nitida", "collection_method": "field", "created_at": "2023-04-11T14:00:00Z", "created_by": "arko.lucieer, ryan.haynes", "coord_wgs84": "145.98341337415982, -43.05892654024152", "modified_at": "2026-02-05T02:07:21.450Z", "modified_by": "peter.jackson" }, "geometry": { "type": "Point", "coordinates": [ 417218.624223003804218, 5232140.048591219820082 ] } },
{ "type": "Feature", "properties": { "fid": 1473, "common_name": null, "scientific_name": "Eucalyptus nitida", "collection_method": "field", "created_at": "2023-04-11T14:00:00Z", "created_by": "arko.lucieer, ryan.haynes", "coord_wgs84": "145.99411339281892, -43.05523570566321", "modified_at": "2026-02-05T02:07:21.455Z", "modified_by": "peter.jackson" }, "geometry": { "type": "Point", "coordinates": [ 418085.027459686854854, 5232560.418572545982897 ] } },
{ "type": "Feature", "properties": { "fid": 1474, "common_name": null, "scientific_name": "Lagarostrobos franklinii", "collection_method": "field", "created_at": "2023-04-11T14:00:00Z", "created_by": "arko.lucieer, ryan.haynes", "coord_wgs84": "145.98459814267025, -43.05878906254353", "modified_at": "2026-02-05T02:07:21.457Z", "modified_by": "peter.jackson" }, "geometry": { "type": "Point", "coordinates": [ 417314.916726332332473, 5232156.483736863359809 ] } },
{ "type": "Feature", "properties": { "fid": 1475, "common_name": null, "scientific_name": "Lagarostrobos franklinii", "collection_method": "field", "created_at": "2023-04-11T14:00:00Z", "created_by": "arko.lucieer, ryan.haynes", "coord_wgs84": "145.984958842672, -43.058925916220836", "modified_at": "2026-02-05T02:07:21.457Z", "modified_by": "peter.jackson" }, "geometry": { "type": "Point", "coordinates": [ 417344.472906821465585, 5232141.641417940147221 ] } },
{ "type": "Feature", "properties": { "fid": 1476, "common_name": null, "scientific_name": "Lagarostrobos franklinii", "collection_method": "field", "created_at": "2023-04-11T14:00:00Z", "created_by": "arko.lucieer, ryan.haynes", "coord_wgs84": "145.98434830325914, -43.05910001585333", "modified_at": "2026-02-05T02:07:21.460Z", "modified_by": "peter.jackson" }, "geometry": { "type": "Point", "coordinates": [ 417294.989902066008653, 5232121.705943448469043 ] } },
{ "type": "Feature", "properties": { "fid": 1477, "common_name": null, "scientific_name": "Lagarostrobos franklinii", "collection_method": "field", "created_at": "2023-04-11T14:00:00Z", "created_by": "arko.lucieer, ryan.haynes", "coord_wgs84": "145.98419385498397, -43.05914077629022", "modified_at": "2026-02-05T02:07:21.460Z", "modified_by": "peter.jackson" }, "geometry": { "type": "Point", "coordinates": [ 417282.467809597204905, 5232117.02722682338208 ] } },
{ "type": "Feature", "properties": { "fid": 1478, "common_name": null, "scientific_name": "Lagarostrobos franklinii", "collection_method": "field", "created_at": "2023-04-11T14:00:00Z", "created_by": "arko.lucieer, ryan.haynes", "coord_wgs84": "145.98357930838065, -43.059457848775786", "modified_at": "2026-02-05T02:07:21.463Z", "modified_by": "peter.jackson" }, "geometry": { "type": "Point", "coordinates": [ 417232.851171782240272, 5232081.210113735869527 ] } },
{ "type": "Feature", "properties": { "fid": 1479, "common_name": null, "scientific_name": "Lagarostrobos franklinii", "collection_method": "field", "created_at": "2023-04-11T14:00:00Z", "created_by": "arko.lucieer, ryan.haynes", "coord_wgs84": "145.98349037058415, -43.059685398262495", "modified_at": "2026-02-05T02:07:21.465Z", "modified_by": "peter.jackson" }, "geometry": { "type": "Point", "coordinates": [ 417225.915038157603703, 5232055.852858196012676 ] } },
{ "type": "Feature", "properties": { "fid": 1480, "common_name": null, "scientific_name": "Lagarostrobos franklinii", "collection_method": "field", "created_at": "2023-04-11T14:00:00Z", "created_by": "arko.lucieer, ryan.haynes", "coord_wgs84": "145.98213817692593, -43.060305160416306", "modified_at": "2026-02-05T02:07:21.467Z", "modified_by": "peter.jackson" }, "geometry": { "type": "Point", "coordinates": [ 417116.640384642407298, 5231985.693045257590711 ] } },
{ "type": "Feature", "properties": { "fid": 1481, "common_name": null, "scientific_name": "Lagarostrobos franklinii", "collection_method": "field", "created_at": "2023-04-11T14:00:00Z", "created_by": "arko.lucieer, ryan.haynes", "coord_wgs84": "145.98238446572694, -43.05998973042009", "modified_at": "2026-02-05T02:07:21.467Z", "modified_by": "peter.jackson" }, "geometry": { "type": "Point", "coordinates": [ 417136.270737081649713, 5232020.965016769245267 ] } },
{ "type": "Feature", "properties": { "fid": 1482, "common_name": null, "scientific_name": "Lagarostrobos franklinii", "collection_method": "field", "created_at": "2023-04-11T14:00:00Z", "created_by": "arko.lucieer, ryan.haynes", "coord_wgs84": "145.98467642145195, -43.058799278794446", "modified_at": "2026-02-05T02:07:21.470Z", "modified_by": "peter.jackson" }, "geometry": { "type": "Point", "coordinates": [ 417321.304811884474475, 5232155.426348704844713 ] } },
{ "type": "Feature", "properties": { "fid": 1483, "common_name": null, "scientific_name": "Lagarostrobos franklinii", "collection_method": "field", "created_at": "2023-04-11T14:00:00Z", "created_by": "arko.lucieer, ryan.haynes", "coord_wgs84": "145.98487883069782, -43.058944901069935", "modified_at": "2026-02-05T02:07:21.472Z", "modified_by": "peter.jackson" }, "geometry": { "type": "Point", "coordinates": [ 417337.982932503218763, 5232139.454318730160594 ] } },
{ "type": "Feature", "properties": { "fid": 1484, "common_name": null, "scientific_name": "Lagarostrobos franklinii", "collection_method": "field", "created_at": "2023-04-11T14:00:00Z", "created_by": "arko.lucieer, ryan.haynes", "coord_wgs84": "145.98465715172202, -43.05899462951599", "modified_at": "2026-02-05T02:07:21.473Z", "modified_by": "peter.jackson" }, "geometry": { "type": "Point", "coordinates": [ 417319.998151906358544, 5232133.713535167276859 ] } },
{ "type": "Feature", "properties": { "fid": 1485, "common_name": null, "scientific_name": "Lagarostrobos franklinii", "collection_method": "field", "created_at": "2023-04-11T14:00:00Z", "created_by": "arko.lucieer, ryan.haynes", "coord_wgs84": "145.98450429596483, -43.05908478444228", "modified_at": "2026-02-05T02:07:21.475Z", "modified_by": "peter.jackson" }, "geometry": { "type": "Point", "coordinates": [ 417307.672085839731153, 5232123.551143649965525 ] } },
{ "type": "Feature", "properties": { "fid": 1486, "common_name": null, "scientific_name": "Lagarostrobos franklinii", "collection_method": "field", "created_at": "2023-04-11T14:00:00Z", "created_by": "arko.lucieer, ryan.haynes", "coord_wgs84": "145.98403341193514, -43.059070902407775", "modified_at": "2026-02-05T02:07:21.477Z", "modified_by": "peter.jackson" }, "geometry": { "type": "Point", "coordinates": [ 417269.308816681499593, 5232124.628591150045395 ] } },
{ "type": "Feature", "properties": { "fid": 1487, "common_name": null, "scientific_name": "Lagarostrobos franklinii", "collection_method": "field", "created_at": "2023-04-11T14:00:00Z", "created_by": "arko.lucieer, ryan.haynes", "coord_wgs84": "145.9838919942148, -43.059103300665335", "modified_at": "2026-02-05T02:07:21.479Z", "modified_by": "peter.jackson" }, "geometry": { "type": "Point", "coordinates": [ 417257.83658187056426, 5232120.891302273608744 ] } },
{ "type": "Feature", "properties": { "fid": 1488, "common_name": null, "scientific_name": "Lagarostrobos franklinii", "collection_method": "field", "created_at": "2023-04-11T14:00:00Z", "created_by": "arko.lucieer, ryan.haynes", "coord_wgs84": "145.9836958113771, -43.059418803731255", "modified_at": "2026-02-05T02:07:21.479Z", "modified_by": "peter.jackson" }, "geometry": { "type": "Point", "coordinates": [ 417242.285564308578614, 5232085.661003433167934 ] } },
{ "type": "Feature", "properties": { "fid": 1489, "common_name": null, "scientific_name": "Lagarostrobos franklinii", "collection_method": "field", "created_at": "2023-04-11T14:00:00Z", "created_by": "arko.lucieer, ryan.haynes", "coord_wgs84": "145.98367685040637, -43.05951496684219", "modified_at": "2026-02-05T02:07:21.481Z", "modified_by": "peter.jackson" }, "geometry": { "type": "Point", "coordinates": [ 417240.870905376621522, 5232074.963324316777289 ] } },
{ "type": "Feature", "properties": { "fid": 1490, "common_name": null, "scientific_name": "Lagarostrobos franklinii", "collection_method": "field", "created_at": "2023-04-11T14:00:00Z", "created_by": "arko.lucieer, ryan.haynes", "coord_wgs84": "145.98338008529876, -43.059824127190275", "modified_at": "2026-02-05T02:07:21.481Z", "modified_by": "peter.jackson" }, "geometry": { "type": "Point", "coordinates": [ 417217.121128340368159, 5232040.338116434402764 ] } },
{ "type": "Feature", "properties": { "fid": 1491, "common_name": null, "scientific_name": "Lagarostrobos franklinii", "collection_method": "field", "created_at": "2023-04-11T14:00:00Z", "created_by": "arko.lucieer, ryan.haynes", "coord_wgs84": "145.98332343556203, -43.05990613861824", "modified_at": "2026-02-05T02:07:21.481Z", "modified_by": "peter.jackson" }, "geometry": { "type": "Point", "coordinates": [ 417212.618483092752285, 5232031.174800026230514 ] } },
{ "type": "Feature", "properties": { "fid": 1492, "common_name": null, "scientific_name": "Lagarostrobos franklinii", "collection_method": "field", "created_at": "2023-04-11T14:00:00Z", "created_by": "arko.lucieer, ryan.haynes", "coord_wgs84": "145.98314411315852, -43.059977679071466", "modified_at": "2026-02-05T02:07:21.481Z", "modified_by": "peter.jackson" }, "geometry": { "type": "Point", "coordinates": [ 417198.112535178428516, 5232023.053240979090333 ] } },
{ "type": "Feature", "properties": { "fid": 1493, "common_name": null, "scientific_name": "Lagarostrobos franklinii", "collection_method": "field", "created_at": "2023-04-11T14:00:00Z", "created_by": "arko.lucieer, ryan.haynes", "coord_wgs84": "145.9830020536447, -43.060032770380076", "modified_at": "2026-02-05T02:07:21.481Z", "modified_by": "peter.jackson" }, "geometry": { "type": "Point", "coordinates": [ 417186.618791780143511, 5232016.795116831548512 ] } },
{ "type": "Feature", "properties": { "fid": 1494, "common_name": null, "scientific_name": "Lagarostrobos franklinii", "collection_method": "field", "created_at": "2023-04-11T14:00:00Z", "created_by": "arko.lucieer, ryan.haynes", "coord_wgs84": "145.98251710157666, -43.060224898474736", "modified_at": "2026-02-05T02:07:21.481Z", "modified_by": "peter.jackson" }, "geometry": { "type": "Point", "coordinates": [ 417147.387942055240273, 5231994.980419446714222 ] } },
{ "type": "Feature", "properties": { "fid": 1495, "common_name": null, "scientific_name": "Lagarostrobos franklinii", "collection_method": "field", "created_at": "2023-04-11T14:00:00Z", "created_by": "arko.lucieer, ryan.haynes", "coord_wgs84": "145.99414021069322, -43.05558773608434", "modified_at": "2026-02-05T02:07:21.491Z", "modified_by": "peter.jackson" }, "geometry": { "type": "Point", "coordinates": [ 418087.679995864571538, 5232521.351571549661458 ] } },
{ "type": "Feature", "properties": { "fid": 1496, "common_name": null, "scientific_name": "Lagarostrobos franklinii", "collection_method": "field", "created_at": "2023-04-11T14:00:00Z", "created_by": "arko.lucieer, ryan.haynes", "coord_wgs84": "145.99411169827764, -43.055726622273234", "modified_at": "2026-02-05T02:07:21.491Z", "modified_by": "peter.jackson" }, "geometry": { "type": "Point", "coordinates": [ 418085.542945879220497, 5232505.900348040275276 ] } },
{ "type": "Feature", "properties": { "fid": 1497, "common_name": null, "scientific_name": "Lagarostrobos franklinii", "collection_method": "field", "created_at": "2023-04-11T14:00:00Z", "created_by": "arko.lucieer, ryan.haynes", "coord_wgs84": "145.99422203157437, -43.055917975901096", "modified_at": "2026-02-05T02:07:21.495Z", "modified_by": "peter.jackson" }, "geometry": { "type": "Point", "coordinates": [ 418094.78268983529415, 5232484.758114255033433 ] } },
{ "type": "Feature", "properties": { "fid": 1498, "common_name": null, "scientific_name": "Lagarostrobos franklinii", "collection_method": "field", "created_at": "2023-04-11T14:00:00Z", "created_by": "arko.lucieer, ryan.haynes", "coord_wgs84": "145.99432555317787, -43.05586643532061", "modified_at": "2026-02-05T02:07:21.495Z", "modified_by": "peter.jackson" }, "geometry": { "type": "Point", "coordinates": [ 418103.144405711675063, 5232490.582763158716261 ] } },
{ "type": "Feature", "properties": { "fid": 1499, "common_name": null, "scientific_name": "Lagarostrobos franklinii", "collection_method": "field", "created_at": "2023-04-11T14:00:00Z", "created_by": "arko.lucieer, ryan.haynes", "coord_wgs84": "145.9943842191722, -43.055909743921525", "modified_at": "2026-02-05T02:07:21.495Z", "modified_by": "peter.jackson" }, "geometry": { "type": "Point", "coordinates": [ 418107.97952596982941, 5232485.830571617931128 ] } },
{ "type": "Feature", "properties": { "fid": 1500, "common_name": null, "scientific_name": "Lagarostrobos franklinii", "collection_method": "field", "created_at": "2023-04-11T14:00:00Z", "created_by": "arko.lucieer, ryan.haynes", "coord_wgs84": "145.99455497253405, -43.05582231904475", "modified_at": "2026-02-05T02:07:21.502Z", "modified_by": "peter.jackson" }, "geometry": { "type": "Point", "coordinates": [ 418121.768549270171206, 5232495.705778386443853 ] } },
{ "type": "Feature", "properties": { "fid": 1501, "common_name": null, "scientific_name": "Lagarostrobos franklinii", "collection_method": "field", "created_at": "2023-04-11T14:00:00Z", "created_by": "arko.lucieer, ryan.haynes", "coord_wgs84": "145.9945676495201, -43.055902642480085", "modified_at": "2026-02-05T02:07:21.502Z", "modified_by": "peter.jackson" }, "geometry": { "type": "Point", "coordinates": [ 418122.907779436267447, 5232486.798183712176979 ] } },
{ "type": "Feature", "properties": { "fid": 1502, "common_name": null, "scientific_name": "Lagarostrobos franklinii", "collection_method": "field", "created_at": "2023-04-11T14:00:00Z", "created_by": "arko.lucieer, ryan.haynes", "coord_wgs84": "145.9946037759316, -43.05576049030468", "modified_at": "2026-02-05T02:07:21.505Z", "modified_by": "peter.jackson" }, "geometry": { "type": "Point", "coordinates": [ 418125.660609935875982, 5232502.619513492099941 ] } },
{ "type": "Feature", "properties": { "fid": 1503, "common_name": null, "scientific_name": "Lagarostrobos franklinii", "collection_method": "field", "created_at": "2023-04-11T14:00:00Z", "created_by": "arko.lucieer, ryan.haynes", "coord_wgs84": "145.99445582704772, -43.055627029969614", "modified_at": "2026-02-05T02:07:21.505Z", "modified_by": "peter.jackson" }, "geometry": { "type": "Point", "coordinates": [ 418113.434725946746767, 5232517.295998468063772 ] } },
{ "type": "Feature", "properties": { "fid": 1504, "common_name": null, "scientific_name": "Nothofagus cunninghamii", "collection_method": "field", "created_at": "2023-04-11T14:00:00Z", "created_by": "arko.lucieer, ryan.haynes", "coord_wgs84": "145.98429812079291, -43.05874364586584", "modified_at": "2026-02-05T02:07:21.505Z", "modified_by": "peter.jackson" }, "geometry": { "type": "Point", "coordinates": [ 417290.424447930126917, 5232161.231602461077273 ] } },
{ "type": "Feature", "properties": { "fid": 1505, "common_name": null, "scientific_name": "Nothofagus cunninghamii", "collection_method": "field", "created_at": "2023-04-11T14:00:00Z", "created_by": "arko.lucieer, ryan.haynes", "coord_wgs84": "145.98400021155157, -43.05922519189851", "modified_at": "2026-02-05T02:07:21.511Z", "modified_by": "peter.jackson" }, "geometry": { "type": "Point", "coordinates": [ 417266.812734045088291, 5232107.461906023323536 ] } },
{ "type": "Feature", "properties": { "fid": 1506, "common_name": null, "scientific_name": "Nothofagus cunninghamii", "collection_method": "field", "created_at": "2023-04-11T14:00:00Z", "created_by": "arko.lucieer, ryan.haynes", "coord_wgs84": "145.9835014187555, -43.05977015756666", "modified_at": "2026-02-05T02:07:21.512Z", "modified_by": "peter.jackson" }, "geometry": { "type": "Point", "coordinates": [ 417226.928720901079942, 5232046.451178801245987 ] } },
{ "type": "Feature", "properties": { "fid": 1507, "common_name": null, "scientific_name": "Nothofagus cunninghamii", "collection_method": "field", "created_at": "2023-04-11T14:00:00Z", "created_by": "arko.lucieer, ryan.haynes", "coord_wgs84": "145.9844853951154, -43.05878433594129", "modified_at": "2026-02-05T02:07:21.512Z", "modified_by": "peter.jackson" }, "geometry": { "type": "Point", "coordinates": [ 417305.729172608873341, 5232156.897521136328578 ] } },
{ "type": "Feature", "properties": { "fid": 1508, "common_name": null, "scientific_name": "Nothofagus cunninghamii", "collection_method": "field", "created_at": "2023-04-11T14:00:00Z", "created_by": "arko.lucieer, ryan.haynes", "coord_wgs84": "145.98487826551957, -43.058920171428724", "modified_at": "2026-02-05T02:07:21.516Z", "modified_by": "peter.jackson" }, "geometry": { "type": "Point", "coordinates": [ 417337.90368607128039, 5232142.2000049110502 ] } },
{ "type": "Feature", "properties": { "fid": 1509, "common_name": null, "scientific_name": "Nothofagus cunninghamii", "collection_method": "field", "created_at": "2023-04-11T14:00:00Z", "created_by": "arko.lucieer, ryan.haynes", "coord_wgs84": "145.9846470802989, -43.058964648870756", "modified_at": "2026-02-05T02:07:21.516Z", "modified_by": "peter.jackson" }, "geometry": { "type": "Point", "coordinates": [ 417319.137736707984004, 5232137.032981730997562 ] } },
{ "type": "Feature", "properties": { "fid": 1510, "common_name": null, "scientific_name": "Nothofagus cunninghamii", "collection_method": "field", "created_at": "2023-04-11T14:00:00Z", "created_by": "arko.lucieer, ryan.haynes", "coord_wgs84": "145.9836374511076, -43.05944972282639", "modified_at": "2026-02-05T02:07:21.516Z", "modified_by": "peter.jackson" }, "geometry": { "type": "Point", "coordinates": [ 417237.574838912114501, 5232082.169855878688395 ] } },
{ "type": "Feature", "properties": { "fid": 1511, "common_name": null, "scientific_name": "Nothofagus cunninghamii", "collection_method": "field", "created_at": "2023-04-11T14:00:00Z", "created_by": "arko.lucieer, ryan.haynes", "coord_wgs84": "145.98229512392095, -43.06015449903089", "modified_at": "2026-02-05T02:07:21.516Z", "modified_by": "peter.jackson" }, "geometry": { "type": "Point", "coordinates": [ 417129.21757038164651, 5232002.5791155397892 ] } },
{ "type": "Feature", "properties": { "fid": 1512, "common_name": null, "scientific_name": "Nothofagus cunninghamii", "collection_method": "field", "created_at": "2023-04-11T14:00:00Z", "created_by": "arko.lucieer, ryan.haynes", "coord_wgs84": "145.9942601517592, -43.055967661457174", "modified_at": "2026-02-05T02:07:21.522Z", "modified_by": "peter.jackson" }, "geometry": { "type": "Point", "coordinates": [ 418097.953147175139748, 5232479.27771111112088 ] } },
{ "type": "Feature", "properties": { "fid": 1513, "common_name": null, "scientific_name": "Nothofagus cunninghamii", "collection_method": "field", "created_at": "2023-04-11T14:00:00Z", "created_by": "arko.lucieer, ryan.haynes", "coord_wgs84": "145.99438117674993, -43.055965098110725", "modified_at": "2026-02-05T02:07:21.522Z", "modified_by": "peter.jackson" }, "geometry": { "type": "Point", "coordinates": [ 418107.805431013577618, 5232479.680487703531981 ] } },
{ "type": "Feature", "properties": { "fid": 1514, "common_name": null, "scientific_name": "Nothofagus cunninghamii", "collection_method": "field", "created_at": "2023-04-11T14:00:00Z", "created_by": "arko.lucieer, ryan.haynes", "coord_wgs84": "145.99440541437843, -43.055504281897065", "modified_at": "2026-02-05T02:07:21.522Z", "modified_by": "peter.jackson" }, "geometry": { "type": "Point", "coordinates": [ 418109.165988563909195, 5232530.878046951256692 ] } },
{ "type": "Feature", "properties": { "fid": 1515, "common_name": null, "scientific_name": "Acacia melanoxylon", "collection_method": "field", "created_at": "2023-04-11T14:00:00Z", "created_by": "arko.lucieer, ryan.haynes", "coord_wgs84": "145.9886610435871, -43.097749860703416", "modified_at": "2026-02-05T02:07:21.527Z", "modified_by": "peter.jackson" }, "geometry": { "type": "Point", "coordinates": [ 417697.930900029314216, 5227833.843137832358479 ] } },
{ "type": "Feature", "properties": { "fid": 1516, "common_name": null, "scientific_name": "Lagarostrobos franklinii", "collection_method": "field", "created_at": "2023-04-11T14:00:00Z", "created_by": "arko.lucieer, ryan.haynes", "coord_wgs84": "145.98771716875743, -43.09786387556136", "modified_at": "2026-02-05T02:07:21.527Z", "modified_by": "peter.jackson" }, "geometry": { "type": "Point", "coordinates": [ 417621.271328179282136, 5227820.254735649563372 ] } },
{ "type": "Feature", "properties": { "fid": 1517, "common_name": null, "scientific_name": "Lagarostrobos franklinii", "collection_method": "field", "created_at": "2023-04-11T14:00:00Z", "created_by": "arko.lucieer, ryan.haynes", "coord_wgs84": "145.98808465474775, -43.09777194262803", "modified_at": "2026-02-05T02:07:21.527Z", "modified_by": "peter.jackson" }, "geometry": { "type": "Point", "coordinates": [ 417651.054034128552303, 5227830.824992953799665 ] } },
{ "type": "Feature", "properties": { "fid": 1518, "common_name": null, "scientific_name": "Lagarostrobos franklinii", "collection_method": "field", "created_at": "2023-04-11T14:00:00Z", "created_by": "arko.lucieer, ryan.haynes", "coord_wgs84": "145.9882811833719, -43.0978490584309", "modified_at": "2026-02-05T02:07:21.527Z", "modified_by": "peter.jackson" }, "geometry": { "type": "Point", "coordinates": [ 417667.15083625598345, 5227822.454170445911586 ] } },
{ "type": "Feature", "properties": { "fid": 1519, "common_name": null, "scientific_name": "Lagarostrobos franklinii", "collection_method": "field", "created_at": "2023-04-11T14:00:00Z", "created_by": "arko.lucieer, ryan.haynes", "coord_wgs84": "145.98855632401379, -43.097781259480605", "modified_at": "2026-02-05T02:07:21.533Z", "modified_by": "peter.jackson" }, "geometry": { "type": "Point", "coordinates": [ 417689.450893612811342, 5227830.253467214293778 ] } },
{ "type": "Feature", "properties": { "fid": 1520, "common_name": null, "scientific_name": "Lagarostrobos franklinii", "collection_method": "field", "created_at": "2023-04-11T14:00:00Z", "created_by": "arko.lucieer, ryan.haynes", "coord_wgs84": "145.98863123682466, -43.09742072305201", "modified_at": "2026-02-05T02:07:21.533Z", "modified_by": "peter.jackson" }, "geometry": { "type": "Point", "coordinates": [ 417695.064360597345512, 5227870.365070848725736 ] } },
{ "type": "Feature", "properties": { "fid": 1521, "common_name": null, "scientific_name": "Lagarostrobos franklinii", "collection_method": "field", "created_at": "2023-04-11T14:00:00Z", "created_by": "arko.lucieer, ryan.haynes", "coord_wgs84": "145.98873978482135, -43.097145645040285", "modified_at": "2026-02-05T02:07:21.537Z", "modified_by": "peter.jackson" }, "geometry": { "type": "Point", "coordinates": [ 417703.529616061539855, 5227901.019404738210142 ] } },
{ "type": "Feature", "properties": { "fid": 1522, "common_name": null, "scientific_name": "Lagarostrobos franklinii", "collection_method": "field", "created_at": "2023-04-11T14:00:00Z", "created_by": "arko.lucieer, ryan.haynes", "coord_wgs84": "145.98874441746915, -43.09705534423714", "modified_at": "2026-02-05T02:07:21.537Z", "modified_by": "peter.jackson" }, "geometry": { "type": "Point", "coordinates": [ 417703.785683993832208, 5227911.051979480311275 ] } },
{ "type": "Feature", "properties": { "fid": 1523, "common_name": null, "scientific_name": "Lagarostrobos franklinii", "collection_method": "field", "created_at": "2023-04-11T14:00:00Z", "created_by": "arko.lucieer, ryan.haynes", "coord_wgs84": "145.98881005685448, -43.09700159718985", "modified_at": "2026-02-05T02:07:21.537Z", "modified_by": "peter.jackson" }, "geometry": { "type": "Point", "coordinates": [ 417709.055491442850325, 5227917.085083578713238 ] } },
{ "type": "Feature", "properties": { "fid": 1524, "common_name": null, "scientific_name": "Lagarostrobos franklinii", "collection_method": "field", "created_at": "2023-04-11T14:00:00Z", "created_by": "arko.lucieer, ryan.haynes", "coord_wgs84": "145.98904102512287, -43.09706558787046", "modified_at": "2026-02-05T02:07:21.543Z", "modified_by": "peter.jackson" }, "geometry": { "type": "Point", "coordinates": [ 417727.937569948087912, 5227910.205478474497795 ] } },
{ "type": "Feature", "properties": { "fid": 1525, "common_name": null, "scientific_name": "Lagarostrobos franklinii", "collection_method": "field", "created_at": "2023-04-11T14:00:00Z", "created_by": "arko.lucieer, ryan.haynes", "coord_wgs84": "145.9890095231455, -43.09721283601758", "modified_at": "2026-02-05T02:07:21.543Z", "modified_by": "peter.jackson" }, "geometry": { "type": "Point", "coordinates": [ 417725.571072316728532, 5227893.822460316121578 ] } },
{ "type": "Feature", "properties": { "fid": 1526, "common_name": null, "scientific_name": "Lagarostrobos franklinii", "collection_method": "field", "created_at": "2023-04-11T14:00:00Z", "created_by": "arko.lucieer, ryan.haynes", "coord_wgs84": "145.98909031024465, -43.097361676154314", "modified_at": "2026-02-05T02:07:21.543Z", "modified_by": "peter.jackson" }, "geometry": { "type": "Point", "coordinates": [ 417732.344849425833672, 5227877.372824865393341 ] } },
{ "type": "Feature", "properties": { "fid": 1527, "common_name": null, "scientific_name": "Lagarostrobos franklinii", "collection_method": "field", "created_at": "2023-04-11T14:00:00Z", "created_by": "arko.lucieer, ryan.haynes", "coord_wgs84": "145.9888770987363, -43.09741883430751", "modified_at": "2026-02-05T02:07:21.543Z", "modified_by": "peter.jackson" }, "geometry": { "type": "Point", "coordinates": [ 417715.070153513806872, 5227870.816122233867645 ] } },
{ "type": "Feature", "properties": { "fid": 1528, "common_name": null, "scientific_name": "Lagarostrobos franklinii", "collection_method": "field", "created_at": "2023-04-11T14:00:00Z", "created_by": "arko.lucieer, ryan.haynes", "coord_wgs84": "145.98887772212237, -43.097553108997786", "modified_at": "2026-02-05T02:07:21.543Z", "modified_by": "peter.jackson" }, "geometry": { "type": "Point", "coordinates": [ 417715.300696963153314, 5227855.905344694852829 ] } },
{ "type": "Feature", "properties": { "fid": 1529, "common_name": null, "scientific_name": "Lagarostrobos franklinii", "collection_method": "field", "created_at": "2023-04-11T14:00:00Z", "created_by": "arko.lucieer, ryan.haynes", "coord_wgs84": "145.98853689443177, -43.09788995560279", "modified_at": "2026-02-05T02:07:21.543Z", "modified_by": "peter.jackson" }, "geometry": { "type": "Point", "coordinates": [ 417688.015326133521739, 5227818.163539038971066 ] } },
{ "type": "Feature", "properties": { "fid": 1530, "common_name": null, "scientific_name": "Lagarostrobos franklinii", "collection_method": "field", "created_at": "2023-04-11T14:00:00Z", "created_by": "arko.lucieer, ryan.haynes", "coord_wgs84": "145.9883744626293, -43.09812739298365", "modified_at": "2026-02-05T02:07:21.543Z", "modified_by": "peter.jackson" }, "geometry": { "type": "Point", "coordinates": [ 417675.11479659168981, 5227791.636320635676384 ] } },
{ "type": "Feature", "properties": { "fid": 1531, "common_name": null, "scientific_name": "Lagarostrobos franklinii", "collection_method": "field", "created_at": "2023-04-11T14:00:00Z", "created_by": "arko.lucieer, ryan.haynes", "coord_wgs84": "145.98848253896793, -43.09810132622401", "modified_at": "2026-02-05T02:07:21.554Z", "modified_by": "peter.jackson" }, "geometry": { "type": "Point", "coordinates": [ 417683.875062007806264, 5227794.637177512980998 ] } },
{ "type": "Feature", "properties": { "fid": 1532, "common_name": null, "scientific_name": "Leptospermum sp.", "collection_method": "field", "created_at": "2023-04-11T14:00:00Z", "created_by": "arko.lucieer, ryan.haynes", "coord_wgs84": "145.98746903336928, -43.09788019191728", "modified_at": "2026-02-05T02:07:21.555Z", "modified_by": "peter.jackson" }, "geometry": { "type": "Point", "coordinates": [ 417601.100015328556765, 5227818.198966704308987 ] } },
{ "type": "Feature", "properties": { "fid": 1533, "common_name": null, "scientific_name": "Leptospermum sp.", "collection_method": "field", "created_at": "2023-04-11T14:00:00Z", "created_by": "arko.lucieer, ryan.haynes", "coord_wgs84": "145.98769387916923, -43.09789707309141", "modified_at": "2026-02-05T02:07:21.558Z", "modified_by": "peter.jackson" }, "geometry": { "type": "Point", "coordinates": [ 417619.420535963959992, 5227816.545222334563732 ] } },
{ "type": "Feature", "properties": { "fid": 1534, "common_name": null, "scientific_name": "Nothofagus cunninghamii", "collection_method": "field", "created_at": "2023-04-11T14:00:00Z", "created_by": "arko.lucieer, ryan.haynes", "coord_wgs84": "145.98775874989175, -43.09791810548795", "modified_at": "2026-02-05T02:07:21.558Z", "modified_by": "peter.jackson" }, "geometry": { "type": "Point", "coordinates": [ 417624.727892247959971, 5227814.273278350010514 ] } },
{ "type": "Feature", "properties": { "fid": 1535, "common_name": null, "scientific_name": "Nothofagus cunninghamii", "collection_method": "field", "created_at": "2023-04-11T14:00:00Z", "created_by": "arko.lucieer, ryan.haynes", "coord_wgs84": "145.98870156670455, -43.097351104709276", "modified_at": "2026-02-05T02:07:21.558Z", "modified_by": "peter.jackson" }, "geometry": { "type": "Point", "coordinates": [ 417700.694584559591021, 5227878.165315568447113 ] } },
{ "type": "Feature", "properties": { "fid": 1536, "common_name": null, "scientific_name": "Nothofagus cunninghamii", "collection_method": "field", "created_at": "2023-04-11T14:00:00Z", "created_by": "arko.lucieer, ryan.haynes", "coord_wgs84": "145.98872333691904, -43.09719373105114", "modified_at": "2026-02-05T02:07:21.558Z", "modified_by": "peter.jackson" }, "geometry": { "type": "Point", "coordinates": [ 417702.25547760236077, 5227895.663243959657848 ] } },
{ "type": "Feature", "properties": { "fid": 1537, "common_name": null, "scientific_name": "Nothofagus cunninghamii", "collection_method": "field", "created_at": "2023-04-11T14:00:00Z", "created_by": "arko.lucieer, ryan.haynes", "coord_wgs84": "145.9888619123475, -43.09698910945979", "modified_at": "2026-02-05T02:07:21.564Z", "modified_by": "peter.jackson" }, "geometry": { "type": "Point", "coordinates": [ 417713.258814205823001, 5227918.522753024473786 ] } },
{ "type": "Feature", "properties": { "fid": 1538, "common_name": null, "scientific_name": "Lagarostrobos franklinii", "collection_method": "field", "created_at": "2023-04-11T14:00:00Z", "created_by": "arko.lucieer, ryan.haynes", "coord_wgs84": "145.98693849721394, -43.01345091282933", "modified_at": "2026-02-05T02:07:21.564Z", "modified_by": "peter.jackson" }, "geometry": { "type": "Point", "coordinates": [ 417444.735151175467763, 5237193.598940780386329 ] } },
{ "type": "Feature", "properties": { "fid": 1539, "common_name": null, "scientific_name": "Phyllocladus aspleniifolius", "collection_method": "field", "created_at": "2023-04-11T14:00:00Z", "created_by": "arko.lucieer, ryan.haynes", "coord_wgs84": "145.986535376185, -43.01324938802795", "modified_at": "2026-02-05T02:07:21.564Z", "modified_by": "peter.jackson" }, "geometry": { "type": "Point", "coordinates": [ 417411.614157730655279, 5237215.581872701644897 ] } },
{ "type": "Feature", "properties": { "fid": 1540, "common_name": null, "scientific_name": "Phyllocladus aspleniifolius", "collection_method": "field", "created_at": "2023-04-11T14:00:00Z", "created_by": "arko.lucieer, ryan.haynes", "coord_wgs84": "145.9873994707213, -43.01280201446884", "modified_at": "2026-02-05T02:07:21.569Z", "modified_by": "peter.jackson" }, "geometry": { "type": "Point", "coordinates": [ 417481.431711092533078, 5237266.11201087385416 ] } },
{ "type": "Feature", "properties": { "fid": 1541, "common_name": null, "scientific_name": "Eucalyptus nitida", "collection_method": "field", "created_at": "2023-04-11T14:00:00Z", "created_by": "arko.lucieer, ryan.haynes", "coord_wgs84": "145.98727827017817, -43.013491749431594", "modified_at": "2026-02-05T02:07:21.569Z", "modified_by": "peter.jackson" }, "geometry": { "type": "Point", "coordinates": [ 417472.478436919569504, 5237189.397992944344878 ] } },
{ "type": "Feature", "properties": { "fid": 1542, "common_name": null, "scientific_name": "Lagarostrobos franklinii", "collection_method": "field", "created_at": "2023-04-11T14:00:00Z", "created_by": "arko.lucieer, ryan.haynes", "coord_wgs84": "145.9874702137572, -43.01366676517805", "modified_at": "2026-02-05T02:07:21.569Z", "modified_by": "peter.jackson" }, "geometry": { "type": "Point", "coordinates": [ 417488.354517213825602, 5237170.151133544743061 ] } },
{ "type": "Feature", "properties": { "fid": 1543, "common_name": null, "scientific_name": "Lagarostrobos franklinii", "collection_method": "field", "created_at": "2023-04-11T14:00:00Z", "created_by": "arko.lucieer, ryan.haynes", "coord_wgs84": "145.98745141320072, -43.01356138261262", "modified_at": "2026-02-05T02:07:21.574Z", "modified_by": "peter.jackson" }, "geometry": { "type": "Point", "coordinates": [ 417486.681340040289797, 5237181.83537427149713 ] } },
{ "type": "Feature", "properties": { "fid": 1544, "common_name": null, "scientific_name": "Lagarostrobos franklinii", "collection_method": "field", "created_at": "2023-04-11T14:00:00Z", "created_by": "arko.lucieer, ryan.haynes", "coord_wgs84": "145.98737368095067, -43.01347600121641", "modified_at": "2026-02-05T02:07:21.574Z", "modified_by": "peter.jackson" }, "geometry": { "type": "Point", "coordinates": [ 417480.232509373337962, 5237191.240584098733962 ] } },
{ "type": "Feature", "properties": { "fid": 1545, "common_name": null, "scientific_name": "Lagarostrobos franklinii", "collection_method": "field", "created_at": "2023-04-11T14:00:00Z", "created_by": "arko.lucieer, ryan.haynes", "coord_wgs84": "145.9873968411913, -43.01339403520654", "modified_at": "2026-02-05T02:07:21.574Z", "modified_by": "peter.jackson" }, "geometry": { "type": "Point", "coordinates": [ 417482.010120350925718, 5237200.365649651736021 ] } },
{ "type": "Feature", "properties": { "fid": 1546, "common_name": null, "scientific_name": "Lagarostrobos franklinii", "collection_method": "field", "created_at": "2023-04-11T14:00:00Z", "created_by": "arko.lucieer, ryan.haynes", "coord_wgs84": "145.98715335604265, -43.013359024599254", "modified_at": "2026-02-05T02:07:21.574Z", "modified_by": "peter.jackson" }, "geometry": { "type": "Point", "coordinates": [ 417462.121248587965965, 5237204.01429854426533 ] } },
{ "type": "Feature", "properties": { "fid": 1547, "common_name": null, "scientific_name": "Lagarostrobos franklinii", "collection_method": "field", "created_at": "2023-04-11T14:00:00Z", "created_by": "arko.lucieer, ryan.haynes", "coord_wgs84": "145.98695601002825, -43.01329933761324", "modified_at": "2026-02-05T02:07:21.574Z", "modified_by": "peter.jackson" }, "geometry": { "type": "Point", "coordinates": [ 417445.959252717555501, 5237210.448552718386054 ] } },
{ "type": "Feature", "properties": { "fid": 1548, "common_name": null, "scientific_name": "Lagarostrobos franklinii", "collection_method": "field", "created_at": "2023-04-11T14:00:00Z", "created_by": "arko.lucieer, ryan.haynes", "coord_wgs84": "145.98681992609002, -43.01334076489306", "modified_at": "2026-02-05T02:07:21.574Z", "modified_by": "peter.jackson" }, "geometry": { "type": "Point", "coordinates": [ 417434.925046065764036, 5237205.714281621389091 ] } },
{ "type": "Feature", "properties": { "fid": 1549, "common_name": null, "scientific_name": "Lagarostrobos franklinii", "collection_method": "field", "created_at": "2023-04-11T14:00:00Z", "created_by": "arko.lucieer, ryan.haynes", "coord_wgs84": "145.9868924782405, -43.013463275658616", "modified_at": "2026-02-05T02:07:21.585Z", "modified_by": "peter.jackson" }, "geometry": { "type": "Point", "coordinates": [ 417441.001558893767651, 5237192.180812387727201 ] } },
{ "type": "Feature", "properties": { "fid": 1550, "common_name": null, "scientific_name": "Lagarostrobos franklinii", "collection_method": "field", "created_at": "2023-04-11T14:00:00Z", "created_by": "arko.lucieer, ryan.haynes", "coord_wgs84": "145.98683873901666, -43.013481571617206", "modified_at": "2026-02-05T02:07:21.585Z", "modified_by": "peter.jackson" }, "geometry": { "type": "Point", "coordinates": [ 417436.646782466501463, 5237190.096219230443239 ] } },
{ "type": "Feature", "properties": { "fid": 1551, "common_name": null, "scientific_name": "Lagarostrobos franklinii", "collection_method": "field", "created_at": "2023-04-11T14:00:00Z", "created_by": "arko.lucieer, ryan.haynes", "coord_wgs84": "145.98665499461043, -43.01339538585649", "modified_at": "2026-02-05T02:07:21.585Z", "modified_by": "peter.jackson" }, "geometry": { "type": "Point", "coordinates": [ 417421.557701928191818, 5237199.486471308395267 ] } },
{ "type": "Feature", "properties": { "fid": 1552, "common_name": null, "scientific_name": "Lagarostrobos franklinii", "collection_method": "field", "created_at": "2023-04-11T14:00:00Z", "created_by": "arko.lucieer, ryan.haynes", "coord_wgs84": "145.98641325117836, -43.01343142640455", "modified_at": "2026-02-05T02:07:21.590Z", "modified_by": "peter.jackson" }, "geometry": { "type": "Point", "coordinates": [ 417401.905959255062044, 5237195.246441666968167 ] } },
{ "type": "Feature", "properties": { "fid": 1553, "common_name": null, "scientific_name": "Lagarostrobos franklinii", "collection_method": "field", "created_at": "2023-04-11T14:00:00Z", "created_by": "arko.lucieer, ryan.haynes", "coord_wgs84": "145.98627717786036, -43.013444549401854", "modified_at": "2026-02-05T02:07:21.590Z", "modified_by": "peter.jackson" }, "geometry": { "type": "Point", "coordinates": [ 417390.834730926784687, 5237193.655293974094093 ] } },
{ "type": "Feature", "properties": { "fid": 1554, "common_name": null, "scientific_name": "Lagarostrobos franklinii", "collection_method": "field", "created_at": "2023-04-11T14:00:00Z", "created_by": "arko.lucieer, ryan.haynes", "coord_wgs84": "145.98661608576379, -43.01323301339283", "modified_at": "2026-02-05T02:07:21.590Z", "modified_by": "peter.jackson" }, "geometry": { "type": "Point", "coordinates": [ 417418.16937991254963, 5237217.479640259407461 ] } },
{ "type": "Feature", "properties": { "fid": 1555, "common_name": null, "scientific_name": "Lagarostrobos franklinii", "collection_method": "field", "created_at": "2023-04-11T14:00:00Z", "created_by": "arko.lucieer, ryan.haynes", "coord_wgs84": "145.98644979523263, -43.01319192998161", "modified_at": "2026-02-05T02:07:21.595Z", "modified_by": "peter.jackson" }, "geometry": { "type": "Point", "coordinates": [ 417404.563010223559104, 5237221.878411830402911 ] } },
{ "type": "Feature", "properties": { "fid": 1556, "common_name": null, "scientific_name": "Lagarostrobos franklinii", "collection_method": "field", "created_at": "2023-04-11T14:00:00Z", "created_by": "arko.lucieer, ryan.haynes", "coord_wgs84": "145.9863639341275, -43.01323917245639", "modified_at": "2026-02-05T02:07:21.595Z", "modified_by": "peter.jackson" }, "geometry": { "type": "Point", "coordinates": [ 417397.629353341006208, 5237216.547697130590677 ] } },
{ "type": "Feature", "properties": { "fid": 1557, "common_name": null, "scientific_name": "Lagarostrobos franklinii", "collection_method": "field", "created_at": "2023-04-11T14:00:00Z", "created_by": "arko.lucieer, ryan.haynes", "coord_wgs84": "145.98662623648806, -43.01277386829884", "modified_at": "2026-02-05T02:07:21.595Z", "modified_by": "peter.jackson" }, "geometry": { "type": "Point", "coordinates": [ 417418.381333686469588, 5237268.477587239816785 ] } },
{ "type": "Feature", "properties": { "fid": 1558, "common_name": null, "scientific_name": "Lagarostrobos franklinii", "collection_method": "field", "created_at": "2023-04-11T14:00:00Z", "created_by": "arko.lucieer, ryan.haynes", "coord_wgs84": "145.9868480355482, -43.01281217434214", "modified_at": "2026-02-05T02:07:21.595Z", "modified_by": "peter.jackson" }, "geometry": { "type": "Point", "coordinates": [ 417436.507583085971419, 5237264.441785895265639 ] } },
{ "type": "Feature", "properties": { "fid": 1559, "common_name": null, "scientific_name": "Lagarostrobos franklinii", "collection_method": "field", "created_at": "2023-04-11T14:00:00Z", "created_by": "arko.lucieer, ryan.haynes", "coord_wgs84": "145.98686644177556, -43.012772844203475", "modified_at": "2026-02-05T02:07:21.595Z", "modified_by": "peter.jackson" }, "geometry": { "type": "Point", "coordinates": [ 417437.954860251920763, 5237268.82748444750905 ] } },
{ "type": "Feature", "properties": { "fid": 1560, "common_name": null, "scientific_name": "Lagarostrobos franklinii", "collection_method": "field", "created_at": "2023-04-11T14:00:00Z", "created_by": "arko.lucieer, ryan.haynes", "coord_wgs84": "145.98752737401742, -43.01298343408157", "modified_at": "2026-02-05T02:07:21.595Z", "modified_by": "peter.jackson" }, "geometry": { "type": "Point", "coordinates": [ 417492.097731555695646, 5237246.091068541631103 ] } },
{ "type": "Feature", "properties": { "fid": 1561, "common_name": null, "scientific_name": "Lagarostrobos franklinii", "collection_method": "field", "created_at": "2023-04-11T14:00:00Z", "created_by": "arko.lucieer, ryan.haynes", "coord_wgs84": "145.98749042021666, -43.01300526234461", "modified_at": "2026-02-05T02:07:21.606Z", "modified_by": "peter.jackson" }, "geometry": { "type": "Point", "coordinates": [ 417489.115513541677501, 5237243.630738680250943 ] } },
{ "type": "Feature", "properties": { "fid": 1562, "common_name": null, "scientific_name": "Lagarostrobos franklinii", "collection_method": "field", "created_at": "2023-04-11T14:00:00Z", "created_by": "arko.lucieer, ryan.haynes", "coord_wgs84": "145.98761748895606, -43.01304318989127", "modified_at": "2026-02-05T02:07:21.608Z", "modified_by": "peter.jackson" }, "geometry": { "type": "Point", "coordinates": [ 417499.521379940444604, 5237239.543728138320148 ] } },
{ "type": "Feature", "properties": { "fid": 1563, "common_name": null, "scientific_name": "Lagarostrobos franklinii", "collection_method": "field", "created_at": "2023-04-11T14:00:00Z", "created_by": "arko.lucieer, ryan.haynes", "coord_wgs84": "145.9877522658544, -43.01314136078514", "modified_at": "2026-02-05T02:07:21.608Z", "modified_by": "peter.jackson" }, "geometry": { "type": "Point", "coordinates": [ 417510.636022113845684, 5237228.774262240156531 ] } },
{ "type": "Feature", "properties": { "fid": 1564, "common_name": null, "scientific_name": "Lagarostrobos franklinii", "collection_method": "field", "created_at": "2023-04-11T14:00:00Z", "created_by": "arko.lucieer, ryan.haynes", "coord_wgs84": "145.98763228503597, -43.01324913386532", "modified_at": "2026-02-05T02:07:21.608Z", "modified_by": "peter.jackson" }, "geometry": { "type": "Point", "coordinates": [ 417501.00283043802483, 5237216.688228386454284 ] } },
{ "type": "Feature", "properties": { "fid": 1565, "common_name": null, "scientific_name": "Eucryphia lucida", "collection_method": "field", "created_at": "2023-04-11T14:00:00Z", "created_by": "arko.lucieer, ryan.haynes", "coord_wgs84": "145.98754566325468, -43.01370771399588", "modified_at": "2026-02-05T02:07:21.608Z", "modified_by": "peter.jackson" }, "geometry": { "type": "Point", "coordinates": [ 417494.557808112411294, 5237165.677902462892234 ] } },
{ "type": "Feature", "properties": { "fid": 1566, "common_name": null, "scientific_name": "Melaleuca sp.", "collection_method": "field", "created_at": "2023-04-11T14:00:00Z", "created_by": "arko.lucieer, ryan.haynes", "coord_wgs84": "145.9871398401316, -43.01293485845691", "modified_at": "2026-02-04T05:21:24.892Z", "modified_by": "peter.jackson" }, "geometry": { "type": "Point", "coordinates": [ 417460.451726557221264, 5237251.104575742036104 ] } },
{ "type": "Feature", "properties": { "fid": 1567, "common_name": null, "scientific_name": "Nothofagus cunninghamii", "collection_method": "field", "created_at": "2023-04-11T14:00:00Z", "created_by": "arko.lucieer, ryan.haynes", "coord_wgs84": "145.9876408743076, -43.01374786881789", "modified_at": "2026-02-05T02:07:21.615Z", "modified_by": "peter.jackson" }, "geometry": { "type": "Point", "coordinates": [ 417502.370418490550946, 5237161.312251705676317 ] } },
{ "type": "Feature", "properties": { "fid": 1568, "common_name": null, "scientific_name": "Nothofagus cunninghamii", "collection_method": "field", "created_at": "2023-04-11T14:00:00Z", "created_by": "arko.lucieer, ryan.haynes", "coord_wgs84": "145.9871908280943, -43.01340493319105", "modified_at": "2026-02-05T02:07:21.616Z", "modified_by": "peter.jackson" }, "geometry": { "type": "Point", "coordinates": [ 417465.236388801771682, 5237198.952986251562834 ] } },
{ "type": "Feature", "properties": { "fid": 1569, "common_name": null, "scientific_name": "Nothofagus cunninghamii", "collection_method": "field", "created_at": "2023-04-11T14:00:00Z", "created_by": "arko.lucieer, ryan.haynes", "coord_wgs84": "145.98653244161892, -43.01312676568761", "modified_at": "2026-02-05T02:07:21.616Z", "modified_by": "peter.jackson" }, "geometry": { "type": "Point", "coordinates": [ 417411.210687180748209, 5237229.196172190830112 ] } },
{ "type": "Feature", "properties": { "fid": 1570, "common_name": null, "scientific_name": "Eucalyptus nitida", "collection_method": "desktop", "created_at": "2026-02-02T01:44:07.233Z", "created_by": "peter.jackson", "coord_wgs84": "145.9763269677029, -43.048111192061846", "modified_at": "2026-02-05T02:07:21.616Z", "modified_by": "peter.jackson" }, "geometry": { "type": "Point", "coordinates": [ 416626.917921305226628, 5233334.083757904358208 ] } },
{ "type": "Feature", "properties": { "fid": 1571, "common_name": null, "scientific_name": "Phyllocladus aspleniifolius", "collection_method": "desktop", "created_at": "2026-02-02T02:36:32.785Z", "created_by": "peter.jackson", "coord_wgs84": "145.9839661183605, -43.05929258404204", "modified_at": "2026-02-05T02:07:21.621Z", "modified_by": "peter.jackson" }, "geometry": { "type": "Point", "coordinates": [ 417264.127114845439792, 5232099.944347564131021 ] } }
]
}
